employee_id,first_name,last_name,gender,age,email,country,postal_code,job_title,department,salary,hire_date,manager_id,performance_rating,years_of_service,education_level,language_spoken,ethnicity,benefits_package,work_location
1,Ailbert,Crumley,Male,64,acrumley0@earthlink.net,Philippines,2727,Paralegal,Product Management,Peso,2/13/2020,1,2,38,Master's Degree,"Ndebele, North",White,Retirement Plan,980 Prairieview Park
2,Callean,Mayow,Male,79,cmayow1@bbb.org,Greece,,Nurse,Accounting,Euro,12/12/2005,2,3,26,Master's Degree,Ossetian,Costa Rican,Paid Time Off,1213 Esker Terrace
3,Giulio,Manueli,Male,79,gmanueli2@slideshare.net,Portugal,3240-466,Research Nurse,Support,Euro,3/23/2022,3,3,46,Master's Degree,Spanish,Tlingit-Haida,Retirement Plan,290 Oak Park
4,Justina,Riddeough,Female,78,jriddeough3@pinterest.com,Cameroon,,Media Manager II,Engineering,Franc,2/19/2015,4,3,25,Master's Degree,Finnish,South American,Paid Time Off,57975 Rigney Circle
5,Tierney,Cordell,Female,40,tcordell4@redcross.org,United States,31205,Pharmacist,Research and Development,Dollar,6/6/2006,5,1,0,Bachelor's Degree,"Ndebele, North",Apache,Health Insurance,29 4th Street
6,Chad,Beilby,Male,83,cbeilby5@photobucket.com,Thailand,39180,Tax Accountant,Research and Development,Baht,6/18/2012,6,3,16,High School Diploma,Ossetian,South American,Retirement Plan,479 Waywood Drive
7,Martino,Dri,Male,59,mdri6@utexas.edu,Ukraine,,Account Representative II,Research and Development,Hryvnia,9/11/2016,7,5,1,PhD,Occitan (post 1500),Alaskan Athabascan,Health Insurance,59776 Kipling Alley
8,Michelina,Ferraretto,Female,45,mferraretto7@sun.com,Chile,,Safety Technician IV,Training,Peso,1/1/2013,8,3,36,PhD,Sinhala,Black or African American,Retirement Plan,3 David Place
9,Tomas,Whittock,Male,50,twhittock8@intel.com,Zambia,,Nuclear Power Engineer,Training,Kwacha,4/23/2009,9,4,23,High School Diploma,Welsh,Iroquois,Health Insurance,330 Dixon Road
10,Rozele,Seson,Female,26,rseson9@hc360.com,Russia,238460,Associate Professor,Support,Ruble,12/9/2007,10,4,8,Bachelor's Degree,Corsican,Honduran,Health Insurance,5860 Bonner Park
11,Jefferson,Adamowitz,Male,65,jadamowitza@tmall.com,Brazil,65540-000,Internal Auditor,Accounting,Real,8/11/2014,11,4,20,Master's Degree,Telugu,Fijian,Retirement Plan,01 Grim Crossing
12,Raffarty,Lyte,Male,28,rlyteb@phpbb.com,Argentina,8303,VP Accounting,Engineering,Peso,1/3/2014,12,5,29,High School Diploma,Serbian,White,Paid Time Off,053 Reindahl Road
13,Egor,Dicke,Agender,45,edickec@nydailynews.com,Croatia,52220,Sales Representative,Training,Kuna,10/2/2018,13,4,25,Bachelor's Degree,Romansh,Micronesian,Retirement Plan,5 Vermont Road
14,Bruis,Bissett,Male,52,bbissettd@nyu.edu,Sweden,162 61,Developer I,Business Development,Krona,12/12/2022,14,5,18,High School Diploma,Chechen,Seminole,Health Insurance,6 Dahle Court
15,Meta,Ledstone,Female,69,mledstonee@comsenz.com,Iran,,Food Chemist,Sales,Rial,12/21/2005,15,1,42,High School Diploma,Manx,South American,Paid Time Off,6 Superior Point
16,Barn,Auld,Male,58,bauldf@ca.gov,France,26209 CEDEX,Marketing Assistant,Research and Development,Euro,1/20/2015,16,4,28,High School Diploma,Catalan,Asian,Health Insurance,9775 Lerdahl Hill
17,Editha,Leverton,Female,25,elevertong@home.pl,Croatia,21260,Sales Associate,Research and Development,Kuna,11/26/2022,17,3,0,Bachelor's Degree,Norwegian,Colville,Paid Time Off,0926 Hoard Trail
18,Allard,Yurukhin,Male,71,ayurukhinh@slideshare.net,China,,Director of Sales,Services,Yuan Renminbi,10/11/2014,18,3,5,Master's Degree,Xhosa,Puerto Rican,Paid Time Off,239 Express Drive
19,Ruddie,Losebie,Male,59,rlosebiei@sina.com.cn,Azerbaijan,,Junior Executive,Business Development,Manat,9/24/2005,19,3,33,High School Diploma,Tahitian,Aleut,Health Insurance,39 Summit Alley
20,Teriann,Kinglake,Female,28,tkinglakej@reuters.com,Mexico,96980,Research Associate,Human Resources,Peso,7/4/2006,20,5,49,Master's Degree,Corsican,Houma,Retirement Plan,000 Bashford Lane
21,Joelie,Van Hove,Female,60,jvanhovek@reverbnation.com,Argentina,6271,Tax Accountant,Sales,Peso,5/15/2007,21,1,39,PhD,Finnish,Cree,Paid Time Off,4682 Mayfield Court
22,Harmony,Scopham,Female,55,hscophaml@sciencedaily.com,France,06804 CEDEX,Librarian,Accounting,Euro,5/4/2004,22,3,41,High School Diploma,Albanian,Cherokee,Health Insurance,335 Brown Park
23,Meredith,Eke,Female,73,mekem@harvard.edu,Sweden,771 82,Design Engineer,Legal,Krona,4/21/2012,23,5,38,Bachelor's Degree,Italian,Cheyenne,Paid Time Off,103 Coleman Alley
24,Lisa,Reisen,Female,19,lreisenn@globo.com,Angola,,Administrative Officer,Legal,Kwanza,11/18/2016,24,2,34,PhD,Shona,Sri Lankan,Health Insurance,8678 Eagan Circle
25,Aubrey,Jindrak,Male,76,ajindrako@icio.us,Indonesia,,Automation Specialist III,Accounting,Rupiah,12/28/2019,25,4,2,PhD,Twi,Comanche,Health Insurance,79 Chive Alley
26,Ezri,Hoyland,Male,64,ehoylandp@wikimedia.org,China,,Environmental Specialist,Legal,Yuan Renminbi,11/22/2007,26,5,37,Master's Degree,Limburgan,Sri Lankan,Paid Time Off,5 Corry Point
27,Sanderson,Lidstone,Male,64,slidstoneq@telegraph.co.uk,Ukraine,,Geologist IV,Services,Hryvnia,6/21/2020,27,2,8,High School Diploma,Hiri Motu,Venezuelan,Paid Time Off,0 Heffernan Parkway
28,Karlie,Crossthwaite,Female,30,kcrossthwaiter@ucla.edu,Poland,12-160,Social Worker,Engineering,Zloty,2/28/2021,28,3,16,Bachelor's Degree,Fijian,Native Hawaiian,Paid Time Off,19128 Barby Way
29,Elvera,Pavel,Female,78,epavels@studiopress.com,Poland,83-212,Analog Circuit Design manager,Accounting,Zloty,4/14/2011,29,3,15,High School Diploma,Dzongkha,Costa Rican,Paid Time Off,23 Morrow Terrace
30,Gunilla,Treneer,Female,55,gtreneert@utexas.edu,China,,Senior Cost Accountant,Marketing,Yuan Renminbi,11/21/2020,30,5,28,High School Diploma,Kongo,Paiute,Paid Time Off,1 Kensington Terrace
31,Carol,Narducci,Female,27,cnarducciu@wisc.edu,Moldova,MD-5354,Mechanical Systems Engineer,Training,Leu,11/30/2003,31,1,4,Master's Degree,Shona,Filipino,Health Insurance,4346 Arapahoe Terrace
32,Alexis,Cardinale,Male,27,acardinalev@blogs.com,China,,Biostatistician II,Legal,Yuan Renminbi,11/1/2004,32,1,44,PhD,Ndonga,Vietnamese,Paid Time Off,744 Birchwood Alley
33,Maddalena,Endrighi,Female,74,mendrighiw@patch.com,China,,Quality Control Specialist,Marketing,Yuan Renminbi,8/26/2007,33,2,41,Master's Degree,Romanian,Latin American Indian,Retirement Plan,332 Stoughton Parkway
34,Berrie,Downie,Female,59,bdowniex@google.ca,United States,53205,Programmer I,Support,Dollar,10/24/2002,34,1,43,High School Diploma,Malagasy,Chamorro,Health Insurance,07775 Mosinee Plaza
35,Ezechiel,Ardley,Male,32,eardleyy@meetup.com,Brazil,76105-000,Speech Pathologist,Research and Development,Real,7/15/2017,35,4,2,High School Diploma,Russian,Cambodian,Paid Time Off,39706 Del Mar Place
36,Leila,O'Hengerty,Female,53,lohengertyz@over-blog.com,Indonesia,,Staff Accountant I,Human Resources,Rupiah,3/31/2002,36,3,13,PhD,Welsh,Uruguayan,Paid Time Off,34 Stang Court
37,Drugi,Lanphier,Male,47,dlanphier10@smugmug.com,Greece,,Statistician I,Product Management,Euro,2/6/2007,37,2,8,Bachelor's Degree,Icelandic,Ute,Paid Time Off,343 Elka Center
38,Rae,Merry,Female,18,rmerry11@nifty.com,Thailand,36130,Help Desk Operator,Marketing,Baht,1/6/2008,38,3,23,High School Diploma,Walloon,Blackfeet,Retirement Plan,8 Aberg Alley
39,Jere,Jestico,Male,83,jjestico12@jugem.jp,China,,Payment Adjustment Coordinator,Training,Yuan Renminbi,3/19/2003,39,4,31,Master's Degree,Thai,Venezuelan,Paid Time Off,2 Coleman Terrace
40,Callie,Kidstone,Female,57,ckidstone13@amazon.co.uk,Chad,,Professor,Training,Franc,5/22/2006,40,5,25,Master's Degree,Belarusian,Dominican (Dominican Republic),Paid Time Off,55 Bobwhite Park
41,Josiah,Gawne,Male,65,jgawne14@wisc.edu,Brazil,35200-000,Physical Therapy Assistant,Human Resources,Real,3/7/2009,41,3,34,High School Diploma,Bulgarian,Japanese,Paid Time Off,48 Village Green Avenue
42,Gail,Ludmann,Male,58,gludmann15@parallels.com,Philippines,1105,Senior Sales Associate,Support,Peso,6/8/2007,42,1,26,Master's Degree,Komi,Mexican,Health Insurance,8 Schurz Crossing
43,Remington,Frounks,Male,57,rfrounks16@zimbio.com,China,,Assistant Media Planner,Accounting,Yuan Renminbi,10/13/2011,43,4,2,Bachelor's Degree,Sindhi,American Indian,Paid Time Off,41493 Warbler Avenue
44,Saidee,Romaines,Female,57,sromaines17@pen.io,Japan,729-3222,Health Coach I,Training,Yen,3/24/2003,44,1,43,Bachelor's Degree,Divehi,Guamanian,Retirement Plan,47729 Eggendart Court
45,Agata,Magill,Female,83,amagill18@fda.gov,China,,Editor,Support,Yuan Renminbi,5/4/2003,45,1,34,PhD,Akan,Comanche,Health Insurance,39351 Lillian Avenue
46,Norene,Cinavas,Bigender,70,ncinavas19@webeden.co.uk,Philippines,8704,Marketing Manager,Accounting,Peso,8/14/2000,46,4,34,High School Diploma,Tonga (Tonga Islands),Latin American Indian,Health Insurance,0 West Parkway
47,Wilie,Wharram,Female,74,wwharram1a@e-recht24.de,Russia,385274,Chemical Engineer,Human Resources,Ruble,4/2/2007,47,1,26,Master's Degree,Maori,Guatemalan,Paid Time Off,1470 Kingsford Plaza
48,Cosimo,Fabler,Male,51,cfabler1b@mapquest.com,Brazil,87500-000,Desktop Support Technician,Accounting,Real,8/28/2000,48,2,39,High School Diploma,Tonga (Tonga Islands),Central American,Retirement Plan,11 Packers Plaza
49,Catherin,Godman,Female,78,cgodman1c@4shared.com,China,,Clinical Specialist,Human Resources,Yuan Renminbi,11/10/2022,49,4,43,PhD,Hiri Motu,Native Hawaiian,Health Insurance,8 Montana Way
50,Garnette,Bothen,Female,20,gbothen1d@dion.ne.jp,Thailand,72130,VP Sales,Human Resources,Baht,7/11/2015,50,4,46,Bachelor's Degree,Malagasy,Iroquois,Paid Time Off,5 Fairview Terrace
51,Reagan,Bachman,Male,72,rbachman1e@chronoengine.com,Mali,,Environmental Tech,Training,Franc,12/6/2014,51,2,1,High School Diploma,Western Frisian,Blackfeet,Health Insurance,814 Forest Dale Trail
52,Graig,Workes,Male,37,gworkes1f@clickbank.net,Portugal,4515-465,GIS Technical Architect,Sales,Euro,3/17/2000,52,4,12,Bachelor's Degree,Corsican,Argentinian,Health Insurance,2 Lakeland Center
53,Meridith,Bussell,Female,72,mbussell1g@privacy.gov.au,China,,Cost Accountant,Accounting,Yuan Renminbi,4/27/2001,53,4,17,Bachelor's Degree,Igbo,Menominee,Paid Time Off,3165 Huxley Road
54,Adele,Woodroof,Female,57,awoodroof1h@paginegialle.it,Brazil,45630-000,Project Manager,Support,Real,3/25/2015,54,5,21,Master's Degree,Persian,Eskimo,Paid Time Off,900 Hauk Avenue
55,Fax,Yalden,Male,41,fyalden1i@blogspot.com,United States,92176,GIS Technical Architect,Support,Dollar,9/2/2018,55,1,31,Bachelor's Degree,"Ndebele, North",Guamanian,Retirement Plan,48752 Brickson Park Terrace
56,Janette,Gilbert,Female,64,jgilbert1j@nba.com,North Korea,,Marketing Manager,Marketing,Won,11/18/2011,56,5,2,Master's Degree,Walloon,Polynesian,Retirement Plan,96032 Magdeline Park
57,Ximenez,Baugh,Male,80,xbaugh1k@epa.gov,South Africa,1005,Analyst Programmer,Engineering,Rand,1/19/2015,57,2,29,Bachelor's Degree,Lao,Crow,Health Insurance,94809 Reinke Hill
58,Darryl,Borell,Male,63,dborell1l@auda.org.au,Portugal,3440-635,Mechanical Systems Engineer,Training,Euro,12/15/2019,58,3,50,PhD,Cree,Venezuelan,Retirement Plan,59 Meadow Valley Crossing
59,Wald,Baylay,Male,23,wbaylay1m@washingtonpost.com,China,,Food Chemist,Accounting,Yuan Renminbi,11/14/2006,59,1,36,Bachelor's Degree,Esperanto,Samoan,Retirement Plan,730 Loomis Way
60,Renato,Peniello,Male,26,rpeniello1n@lulu.com,Guatemala,18002,Sales Representative,Accounting,Quetzal,5/17/2017,60,3,49,High School Diploma,Oromo,Colombian,Health Insurance,2031 Gateway Avenue
61,Giustina,Kearey,Female,18,gkearey1o@salon.com,Indonesia,,Nurse,Engineering,Rupiah,6/11/2014,61,3,45,Master's Degree,Corsican,Chippewa,Retirement Plan,55012 Lindbergh Alley
62,Duffie,Cripwell,Male,48,dcripwell1p@moonfruit.com,Indonesia,,Senior Sales Associate,Training,Rupiah,9/8/2004,62,4,7,Master's Degree,Ndonga,Melanesian,Health Insurance,28 Cherokee Court
63,Reinaldos,Kitchenman,Male,45,rkitchenman1q@fda.gov,Japan,504-0968,Research Associate,Support,Yen,1/3/2001,63,1,7,Master's Degree,Chichewa,Black or African American,Paid Time Off,174 Towne Circle
64,Felic,Tredgold,Male,51,ftredgold1r@fda.gov,Bulgaria,2259,Structural Analysis Engineer,Product Management,Lev,8/5/2004,64,3,28,Bachelor's Degree,Serbian,Aleut,Health Insurance,365 Carey Park
65,Noble,Fernie,Male,49,nfernie1s@princeton.edu,Afghanistan,,Financial Advisor,Sales,Afghani,10/14/2013,65,5,18,High School Diploma,Quechua,Ute,Health Insurance,4 Clyde Gallagher Court
66,Malinda,Garley,Female,74,mgarley1t@newsvine.com,Russia,186755,Registered Nurse,Marketing,Ruble,10/13/2007,66,2,26,Bachelor's Degree,Lithuanian,Puget Sound Salish,Paid Time Off,405 Anthes Alley
67,Veronique,Windus,Female,36,vwindus1u@printfriendly.com,Netherlands,3805,Chief Design Engineer,Product Management,Euro,11/30/2018,67,4,35,High School Diploma,Panjabi,Bolivian,Health Insurance,1867 Montana Plaza
68,Laura,Fautley,Genderfluid,76,lfautley1v@ycombinator.com,Canada,J5K,Technical Writer,Research and Development,Dollar,11/7/2019,68,2,23,High School Diploma,Lingala,Black or African American,Retirement Plan,12 Glendale Terrace
69,Sharia,Staddart,Female,53,sstaddart1w@issuu.com,Indonesia,,Research Assistant IV,Services,Rupiah,7/13/2021,69,3,17,PhD,Twi,Yaqui,Retirement Plan,6 Algoma Lane
70,Eliza,Budding,Female,45,ebudding1x@netlog.com,China,,Technical Writer,Marketing,Yuan Renminbi,4/29/2008,70,1,32,Bachelor's Degree,Kannada,Micronesian,Retirement Plan,53 Loftsgordon Circle
71,Alvina,Bront,Female,59,abront1y@sun.com,Philippines,2005,Senior Sales Associate,Research and Development,Peso,4/24/2002,71,1,45,Master's Degree,Inupiaq,Ecuadorian,Retirement Plan,04600 Stang Trail
72,Rose,Barday,Female,51,rbarday1z@reference.com,Poland,34-105,Budget/Accounting Analyst IV,Marketing,Zloty,3/21/2000,72,1,42,PhD,Gujarati,Kiowa,Retirement Plan,0897 Leroy Pass
73,Debbi,Cleaton,Female,52,dcleaton20@google.com,Sweden,186 53,Nuclear Power Engineer,Support,Krona,6/22/2018,73,4,28,Bachelor's Degree,Tatar,Asian,Health Insurance,390 Spohn Point
74,Broderic,Igglesden,Male,40,bigglesden21@themeforest.net,Indonesia,,Director of Sales,Services,Rupiah,11/18/2009,74,2,21,PhD,Western Frisian,Polynesian,Health Insurance,13 Division Plaza
75,Rachelle,Fulham,Female,71,rfulham22@last.fm,United States,30096,Senior Editor,Marketing,Dollar,6/17/2022,75,4,16,Master's Degree,Chechen,Polynesian,Retirement Plan,599 Forster Junction
76,Vivyan,Paradin,Polygender,38,vparadin23@foxnews.com,China,,Recruiter,Human Resources,Yuan Renminbi,2/23/2014,76,3,24,PhD,Irish,Puerto Rican,Paid Time Off,707 Butternut Junction
77,Renie,Achromov,Female,36,rachromov24@tiny.cc,China,,Nuclear Power Engineer,Accounting,Yuan Renminbi,5/9/2006,77,3,26,PhD,Dzongkha,Central American,Health Insurance,18607 Kensington Center
78,Sherwynd,Prescot,Polygender,55,sprescot25@cisco.com,China,,Environmental Tech,Services,Yuan Renminbi,4/16/2011,78,2,48,Master's Degree,Chichewa,Laotian,Health Insurance,297 Drewry Parkway
79,Duke,Shinton,Male,44,dshinton26@amazon.com,Indonesia,,Desktop Support Technician,Marketing,Rupiah,9/28/2021,79,3,31,Master's Degree,Basque,Creek,Health Insurance,9 Prentice Park
80,Goldina,Skule,Female,78,gskule27@goodreads.com,Russia,423371,Account Executive,Legal,Ruble,7/2/2011,80,5,22,PhD,Tigrinya,Osage,Health Insurance,2839 Dexter Avenue
81,Tabatha,Clurow,Female,57,tclurow28@exblog.jp,Spain,17080,Professor,Business Development,Euro,4/15/2002,81,3,0,PhD,Belarusian,Cheyenne,Paid Time Off,16 Heath Way
82,Karlene,Exon,Female,62,kexon29@newsvine.com,Botswana,,Paralegal,Training,Pula,12/29/2012,82,4,46,PhD,Kazakh,South American,Health Insurance,0668 Old Gate Parkway
83,Frederigo,McGlone,Male,30,fmcglone2a@ca.gov,Zimbabwe,,Financial Advisor,Human Resources,Dollar,8/6/2008,83,4,24,Bachelor's Degree,Inuktitut,Micronesian,Paid Time Off,5 Scoville Drive
84,Eydie,Baty,Female,43,ebaty2b@businessinsider.com,Indonesia,,General Manager,Accounting,Rupiah,6/17/2018,84,5,36,Master's Degree,Igbo,Tlingit-Haida,Health Insurance,5344 Spaight Crossing
85,Yasmeen,Aucourte,Female,39,yaucourte2c@earthlink.net,Philippines,1535,Tax Accountant,Marketing,Peso,12/12/2001,85,4,23,PhD,Quechua,Tohono O'Odham,Health Insurance,027 Hauk Parkway
86,Rachelle,Van Hault,Female,41,rvanhault2d@samsung.com,China,,Accountant I,Engineering,Yuan Renminbi,9/23/2011,86,5,27,Bachelor's Degree,Sindhi,Lumbee,Paid Time Off,9249 Milwaukee Circle
87,Perla,Rosa,Female,64,prosa2e@sciencedaily.com,Vanuatu,,Human Resources Manager,Product Management,Vatu,12/6/2000,87,1,50,Bachelor's Degree,Malayalam,Blackfeet,Health Insurance,54270 Lighthouse Bay Way
88,Georgianne,Mainstone,Female,56,gmainstone2f@purevolume.com,Greece,,Geologist IV,Training,Euro,5/27/2016,88,3,27,High School Diploma,Kikuyu,Paiute,Retirement Plan,6193 Anzinger Pass
89,Lothaire,Prover,Male,75,lprover2g@typepad.com,Ukraine,,Account Executive,Legal,Hryvnia,8/26/2017,89,3,36,High School Diploma,French,Korean,Paid Time Off,96514 Rutledge Road
90,Kennett,Shaul,Male,31,kshaul2h@irs.gov,Zambia,,VP Quality Control,Legal,Kwacha,6/21/2012,90,1,33,PhD,Urdu,Salvadoran,Retirement Plan,103 Clemons Trail
91,Patrica,Schorah,Female,67,pschorah2i@taobao.com,France,94149 CEDEX,Assistant Professor,Marketing,Euro,8/21/2014,91,2,16,PhD,Turkish,Ute,Retirement Plan,1 Mandrake Parkway
92,Aloisia,Corter,Female,49,acorter2j@edublogs.org,Russia,152616,Structural Engineer,Support,Ruble,4/5/2018,92,5,16,Master's Degree,Central Khmer,Spaniard,Paid Time Off,1 Fairview Alley
93,Flinn,Cordet,Male,18,fcordet2k@163.com,Philippines,6013,Nuclear Power Engineer,Engineering,Peso,6/16/2012,93,4,11,High School Diploma,Tahitian,Pakistani,Paid Time Off,0 Erie Court
94,Milo,Isaacson,Male,29,misaacson2l@buzzfeed.com,Macedonia,1041,Database Administrator IV,Services,Denar,5/10/2012,94,2,14,PhD,Catalan,Alaska Native,Paid Time Off,61196 Chive Hill
95,Johannah,Face,Female,61,jface2m@alibaba.com,Philippines,6010,VP Accounting,Business Development,Peso,9/6/2000,95,5,18,Master's Degree,Maltese,Pima,Paid Time Off,6021 Memorial Park
96,Hersh,Crady,Male,69,hcrady2n@tiny.cc,China,,Geologist II,Product Management,Yuan Renminbi,10/10/2000,96,3,28,Bachelor's Degree,"Ndebele, North",Lumbee,Health Insurance,3322 Hazelcrest Trail
97,Jobi,Reddy,Female,54,jreddy2o@icq.com,Democratic Republic of the Congo,,Product Engineer,Legal,Franc,10/31/2005,97,4,44,PhD,Ganda,Chilean,Health Insurance,62 Melvin Parkway
98,Ad,Tregien,Male,73,atregien2p@youku.com,Serbia,,Nurse Practicioner,Marketing,Dinar,5/18/2020,98,2,33,Bachelor's Degree,Akan,Chippewa,Paid Time Off,78 Longview Point
99,Jacky,Bandiera,Male,76,jbandiera2q@squarespace.com,Indonesia,,Physical Therapy Assistant,Support,Rupiah,3/8/2013,99,4,25,High School Diploma,Venda,Peruvian,Paid Time Off,720 Maryland Lane
100,Amberly,Buyers,Female,58,abuyers2r@behance.net,Zambia,,Physical Therapy Assistant,Marketing,Kwacha,6/5/2002,100,2,7,Master's Degree,Burmese,Central American,Retirement Plan,5 Eliot Lane
101,Delia,Corns,Female,54,dcorns2s@ning.com,Benin,,Director of Sales,Engineering,Franc,5/25/2013,101,1,19,High School Diploma,Zhuang,Thai,Health Insurance,112 Amoth Parkway
102,Blair,Simanenko,Polygender,81,bsimanenko2t@list-manage.com,Serbia,,Social Worker,Services,Dinar,11/26/2010,102,3,30,Bachelor's Degree,Hausa,Fijian,Retirement Plan,6 Killdeer Road
103,Cherry,Dyos,Female,48,cdyos2u@studiopress.com,Russia,624082,Quality Control Specialist,Engineering,Ruble,5/8/2013,103,5,13,Bachelor's Degree,Thai,American Indian and Alaska Native (AIAN),Retirement Plan,1739 Oakridge Road
104,Alister,Shaughnessy,Male,60,ashaughnessy2v@zimbio.com,Indonesia,,Sales Representative,Accounting,Rupiah,11/10/2010,104,1,40,High School Diploma,Catalan,Osage,Retirement Plan,606 Mosinee Drive
105,Erminia,Jolly,Female,30,ejolly2w@xinhuanet.com,Mexico,39200,Database Administrator III,Human Resources,Peso,4/20/2002,105,4,2,Bachelor's Degree,Tamil,Asian,Retirement Plan,2428 Hermina Hill
106,Bee,Gowar,Female,43,bgowar2x@wordpress.org,Armenia,,Help Desk Technician,Human Resources,Dram,10/24/2008,106,3,31,PhD,Guarani,Indonesian,Health Insurance,7 Manufacturers Park
107,Lydia,Wims,Female,26,lwims2y@wikia.com,Finland,14240,Structural Analysis Engineer,Services,Euro,8/30/2005,107,2,36,Bachelor's Degree,Kuanyama,Korean,Retirement Plan,7 Cottonwood Alley
108,Jock,Stummeyer,Male,19,jstummeyer2z@nasa.gov,China,,Food Chemist,Legal,Yuan Renminbi,5/17/2011,108,4,11,High School Diploma,Irish,Cherokee,Retirement Plan,6799 Caliangt Place
109,Morris,Spacy,Male,50,mspacy30@samsung.com,Canada,T9G,Accountant III,Services,Dollar,12/12/2014,109,1,1,High School Diploma,Kuanyama,Shoshone,Health Insurance,0833 Mifflin Junction
110,Jesus,Muxworthy,Male,26,jmuxworthy31@desdev.cn,China,,Staff Accountant IV,Engineering,Yuan Renminbi,7/25/2016,110,3,4,High School Diploma,Interlingua (International Auxiliary Language Association),Melanesian,Paid Time Off,7824 Melby Terrace
111,Shayna,Belamy,Genderqueer,80,sbelamy32@sitemeter.com,Tunisia,,Registered Nurse,Product Management,Dinar,6/24/2003,111,2,45,PhD,Haitian,Native Hawaiian,Health Insurance,041 Chinook Place
112,Phil,Fowden,Female,63,pfowden33@squarespace.com,China,,Human Resources Assistant I,Business Development,Yuan Renminbi,5/3/2013,112,5,4,High School Diploma,Uzbek,Salvadoran,Retirement Plan,1107 7th Court
113,Diarmid,Ainley,Male,39,dainley34@arstechnica.com,Slovenia,6333,Information Systems Manager,Legal,Euro,10/19/2017,113,3,9,Master's Degree,Norwegian Nynorsk,Yaqui,Health Insurance,470 Monica Court
114,Udell,Balderstone,Polygender,77,ubalderstone35@amazon.de,Palestinian Territory,,Product Engineer,Research and Development,Shekel,12/14/2017,114,4,48,PhD,Hausa,Menominee,Health Insurance,6083 Oxford Way
115,Cathleen,Wetherill,Female,70,cwetherill36@canalblog.com,Indonesia,,Senior Quality Engineer,Research and Development,Rupiah,9/1/2003,115,1,6,PhD,Malayalam,Pueblo,Health Insurance,5 Burning Wood Street
116,Benson,Ellicock,Male,36,bellicock37@desdev.cn,Poland,88-306,Sales Associate,Engineering,Zloty,11/1/2022,116,1,7,Master's Degree,Chinese,Menominee,Retirement Plan,385 Debs Parkway
117,Cassondra,Tudhope,Female,46,ctudhope38@google.es,Indonesia,,Professor,Human Resources,Rupiah,8/10/2011,117,1,36,High School Diploma,Norwegian,Korean,Retirement Plan,264 Meadow Vale Place
118,Natale,Poupard,Male,50,npoupard39@alibaba.com,France,91821 CEDEX,Operator,Accounting,Euro,9/13/2016,118,1,19,High School Diploma,Norwegian Nynorsk,Argentinian,Health Insurance,69170 Caliangt Place
119,Isabelle,Wildman,Female,32,iwildman3a@mozilla.org,Brazil,37750-000,Recruiter,Human Resources,Real,8/12/2015,119,3,30,PhD,Sichuan Yi,Melanesian,Paid Time Off,9 Montana Circle
120,Gran,Sinnett,Male,25,gsinnett3b@desdev.cn,Colombia,732048,Web Designer III,Training,Peso,4/26/2021,120,5,7,Bachelor's Degree,Occitan (post 1500),White,Health Insurance,5094 Hermina Alley
121,Ivy,Gravenor,Female,56,igravenor3c@ebay.co.uk,Australia,1028,Biostatistician II,Support,Dollar,11/9/2006,121,3,49,PhD,Malayalam,Guamanian,Health Insurance,04 Northview Avenue
122,Ardeen,Vigietti,Female,84,avigietti3d@time.com,Czech Republic,584 01,Human Resources Manager,Marketing,Koruna,5/30/2005,122,1,42,Master's Degree,Occitan (post 1500),Polynesian,Retirement Plan,425 Randy Junction
123,Ursuline,Richold,Female,70,urichold3e@ycombinator.com,New Zealand,1072,Senior Financial Analyst,Services,Dollar,11/26/2018,123,4,49,PhD,Norwegian Nynorsk,Spaniard,Paid Time Off,718 Tennessee Place
124,Abdul,Osmar,Male,34,aosmar3f@people.com.cn,China,,Teacher,Training,Yuan Renminbi,1/28/2014,124,1,30,Master's Degree,Malay,Pueblo,Paid Time Off,87618 Talisman Way
125,Olivie,Addionisio,Female,40,oaddionisio3g@cbslocal.com,Philippines,4118,Paralegal,Product Management,Peso,6/26/2019,125,4,9,High School Diploma,Malagasy,Menominee,Paid Time Off,1 Randy Trail
126,Alvinia,Scrancher,Bigender,72,ascrancher3h@webnode.com,China,,Sales Representative,Accounting,Yuan Renminbi,9/25/2017,126,5,37,Bachelor's Degree,Tsonga,Blackfeet,Paid Time Off,7 Melrose Terrace
127,Brantley,Dwelley,Male,62,bdwelley3i@drupal.org,China,,Editor,Training,Yuan Renminbi,11/27/2009,127,5,12,PhD,Hindi,Navajo,Retirement Plan,36 Sommers Crossing
128,Colby,Grzegorecki,Male,50,cgrzegorecki3j@engadget.com,Finland,95100,Accounting Assistant IV,Support,Euro,11/4/2001,128,3,11,High School Diploma,Javanese,Central American,Retirement Plan,5 Meadow Vale Pass
129,Jeffry,Stiffell,Male,54,jstiffell3k@walmart.com,Kazakhstan,,Food Chemist,Sales,Tenge,10/15/2021,129,2,1,Bachelor's Degree,Ojibwa,Polynesian,Retirement Plan,188 Mockingbird Circle
130,Crista,Minchinton,Female,30,cminchinton3l@nhs.uk,Macedonia,2424,VP Product Management,Legal,Denar,3/5/2009,130,4,1,PhD,Tigrinya,Comanche,Paid Time Off,3854 Sloan Terrace
131,Ingrim,Flageul,Male,28,iflageul3m@fema.gov,China,,Business Systems Development Analyst,Engineering,Yuan Renminbi,9/5/2015,131,4,13,Bachelor's Degree,Ukrainian,Honduran,Retirement Plan,9 Manitowish Avenue
132,Tobie,Klicher,Male,63,tklicher3n@histats.com,Sri Lanka,10600,Automation Specialist IV,Product Management,Rupee,7/6/2017,132,5,0,High School Diploma,Dutch,Chickasaw,Retirement Plan,96 Sunfield Parkway
133,Charlie,Maffy,Male,43,cmaffy3o@goo.ne.jp,Indonesia,,Quality Engineer,Accounting,Rupiah,2/24/2014,133,4,9,High School Diploma,"Bokmål, Norwegian",Venezuelan,Health Insurance,803 Magdeline Road
134,Evan,Portal,Male,81,eportal3p@msu.edu,Philippines,4500,Recruiter,Business Development,Peso,11/29/2016,134,4,30,Master's Degree,Romanian,Pakistani,Retirement Plan,8274 Pankratz Court
135,Andras,Hatherley,Male,33,ahatherley3q@japanpost.jp,Peru,,Chemical Engineer,Marketing,Sol,12/11/2021,135,1,20,Bachelor's Degree,Sinhala,Delaware,Paid Time Off,38 Florence Pass
136,Paige,Boyat,Male,58,pboyat3r@google.com.au,Madagascar,,Structural Analysis Engineer,Business Development,Ariary,7/7/2022,136,3,35,Bachelor's Degree,Assamese,Tohono O'Odham,Retirement Plan,0087 Lakewood Gardens Street
137,Gillan,Siggens,Female,47,gsiggens3s@woothemes.com,Tunisia,,Database Administrator I,Marketing,Dinar,9/15/2019,137,1,40,High School Diploma,Kurdish,Central American,Paid Time Off,9 Luster Parkway
138,Clair,Teodori,Female,63,cteodori3t@squidoo.com,China,,Computer Systems Analyst I,Sales,Yuan Renminbi,4/28/2014,138,2,11,Bachelor's Degree,Turkish,Argentinian,Retirement Plan,32 Prairie Rose Terrace
139,Barbe,Iacomelli,Female,67,biacomelli3u@howstuffworks.com,Portugal,8400-603,Staff Accountant I,Accounting,Euro,10/18/2003,139,3,47,Master's Degree,Xhosa,Alaska Native,Retirement Plan,6 Southridge Drive
140,Miller,Kiessel,Male,27,mkiessel3v@free.fr,Philippines,9810,Business Systems Development Analyst,Sales,Peso,6/4/2014,140,3,24,Master's Degree,Zhuang,Yaqui,Retirement Plan,0 Waubesa Park
141,Adlai,Norres,Male,19,anorres3w@instagram.com,Afghanistan,,Structural Engineer,Support,Afghani,2/9/2021,141,1,35,Master's Degree,Turkish,South American,Retirement Plan,10 Rockefeller Circle
142,Deana,Mantione,Polygender,23,dmantione3x@google.es,Somalia,,Health Coach IV,Sales,Shilling,8/15/2022,142,3,0,Bachelor's Degree,Uzbek,Kiowa,Health Insurance,66 Duke Lane
143,Bradney,Petre,Male,46,bpetre3y@dot.gov,Brazil,13600-000,Cost Accountant,Training,Real,12/13/2022,143,5,21,High School Diploma,Vietnamese,Colombian,Paid Time Off,213 Anniversary Junction
144,Morena,Rosenkrantz,Female,22,mrosenkrantz3z@comcast.net,Philippines,5508,Web Developer IV,Services,Peso,11/28/2007,144,2,9,Master's Degree,Volapük,Uruguayan,Health Insurance,33 Lindbergh Plaza
145,Cecil,Treadway,Female,40,ctreadway40@nationalgeographic.com,Colombia,950009,Financial Advisor,Research and Development,Peso,3/9/2009,145,3,12,High School Diploma,Kirghiz,Paraguayan,Retirement Plan,5 Mayer Pass
146,Herold,Appleton,Male,67,happleton41@alexa.com,Portugal,3660-622,Financial Advisor,Legal,Euro,1/1/2003,146,3,12,PhD,Hungarian,Creek,Health Insurance,790 International Junction
147,Karee,Foxten,Female,33,kfoxten42@gizmodo.com,Russia,606900,Environmental Tech,Business Development,Ruble,12/13/2001,147,3,42,Master's Degree,Yoruba,Chilean,Retirement Plan,48 Di Loreto Street
148,Fae,Wilder,Female,53,fwilder43@quantcast.com,Peru,,Budget/Accounting Analyst III,Sales,Sol,7/1/2022,148,1,40,Bachelor's Degree,Lao,Alaskan Athabascan,Health Insurance,0050 Stuart Hill
149,Eirena,Ledington,Female,69,eledington44@tinypic.com,Indonesia,,Clinical Specialist,Accounting,Rupiah,12/5/2005,149,5,47,High School Diploma,Xhosa,Paiute,Health Insurance,43499 Fieldstone Trail
150,Kimmy,Lyles,Female,46,klyles45@businessinsider.com,Indonesia,,Assistant Professor,Business Development,Rupiah,10/14/2000,150,3,34,High School Diploma,Hungarian,Salvadoran,Health Insurance,16733 Sommers Plaza
151,Mandel,Tolemache,Male,54,mtolemache46@google.ca,Mexico,56568,Financial Advisor,Accounting,Peso,11/2/2005,151,5,23,High School Diploma,Sichuan Yi,Tongan,Paid Time Off,0342 La Follette Hill
152,Carmelina,Andrini,Female,69,candrini47@chronoengine.com,China,,Computer Systems Analyst II,Product Management,Yuan Renminbi,2/24/2001,152,5,35,Master's Degree,Volapük,Paiute,Health Insurance,88973 Spaight Court
153,Iris,Gisbey,Female,54,igisbey48@china.com.cn,Nigeria,,Registered Nurse,Services,Naira,11/2/2022,153,3,35,Bachelor's Degree,Norwegian,Bolivian,Paid Time Off,17930 Park Meadow Drive
154,Jeddy,Addess,Male,84,jaddess49@sbwire.com,Bosnia and Herzegovina,,Systems Administrator III,Sales,Marka,2/22/2005,154,4,17,PhD,Japanese,Tongan,Retirement Plan,1130 Ruskin Drive
155,Laurene,Blaw,Female,24,lblaw4a@yandex.ru,Mexico,88736,Director of Sales,Sales,Peso,1/3/2016,155,5,11,Master's Degree,Twi,Bangladeshi,Paid Time Off,19497 Morningstar Road
156,Krissy,Meiner,Female,21,kmeiner4b@tiny.cc,China,,VP Sales,Accounting,Yuan Renminbi,6/21/2010,156,1,18,High School Diploma,Faroese,Indonesian,Retirement Plan,65551 Utah Park
157,Annabella,Gillion,Female,74,agillion4c@canalblog.com,Indonesia,,Physical Therapy Assistant,Research and Development,Rupiah,9/21/2009,157,1,5,High School Diploma,Faroese,Osage,Retirement Plan,0608 Straubel Way
158,Maude,Naisbit,Female,67,mnaisbit4d@livejournal.com,China,,Data Coordinator,Engineering,Yuan Renminbi,2/18/2012,158,5,24,Bachelor's Degree,Faroese,Salvadoran,Paid Time Off,26916 Milwaukee Junction
159,Justis,Kiddey,Bigender,18,jkiddey4e@state.gov,China,,VP Accounting,Research and Development,Yuan Renminbi,1/7/2005,159,1,38,Master's Degree,Zulu,Pima,Retirement Plan,79 Lakewood Gardens Street
160,Zed,Grut,Male,31,zgrut4f@craigslist.org,Brazil,29390-000,Information Systems Manager,Training,Real,1/6/2017,160,1,46,PhD,Kannada,Laotian,Paid Time Off,4 Shopko Street
161,Drake,O'Geaney,Male,79,dogeaney4g@pagesperso-orange.fr,Belarus,,Technical Writer,Research and Development,Ruble,10/2/2017,161,4,41,Bachelor's Degree,Kanuri,Cambodian,Health Insurance,4947 Memorial Plaza
162,Kerr,Eberts,Male,27,keberts4h@umn.edu,Russia,652250,Systems Administrator IV,Engineering,Ruble,6/21/2010,162,3,43,Bachelor's Degree,Avestan,Potawatomi,Health Insurance,1 Canary Alley
163,Antonella,Rickell,Female,62,arickell4i@miibeian.gov.cn,China,,Media Manager I,Legal,Yuan Renminbi,11/4/2019,163,1,5,Bachelor's Degree,French,Native Hawaiian,Health Insurance,5 Monica Center
164,Rena,Saice,Female,20,rsaice4j@tripod.com,France,69924 CEDEX,Project Manager,Sales,Euro,7/17/2010,164,5,36,Bachelor's Degree,Swati,Puerto Rican,Health Insurance,8500 Sunfield Road
165,Paulo,Elsop,Male,77,pelsop4k@mayoclinic.com,Russia,386122,Recruiting Manager,Legal,Ruble,9/15/2005,165,2,41,High School Diploma,Polish,Cuban,Paid Time Off,7 Drewry Alley
166,Karrie,Henken,Female,57,khenken4l@nature.com,Norway,8015,Structural Engineer,Support,Krone,8/27/2010,166,4,3,High School Diploma,Tagalog,Iroquois,Health Insurance,49872 Village Hill
167,Trip,Rabbe,Bigender,81,trabbe4m@plala.or.jp,Ireland,H71,Help Desk Technician,Support,Euro,4/8/2014,167,5,13,High School Diploma,Komi,Guamanian,Retirement Plan,2 Iowa Point
168,Kristos,Yurkevich,Male,22,kyurkevich4n@spiegel.de,China,,Marketing Assistant,Product Management,Yuan Renminbi,3/1/2010,168,5,25,High School Diploma,Ukrainian,Ute,Retirement Plan,01610 Lakewood Gardens Park
169,Sherie,Duggary,Female,66,sduggary4o@wisc.edu,Indonesia,,Health Coach IV,Services,Rupiah,6/23/2001,169,2,46,PhD,Luba-Katanga,Apache,Paid Time Off,0218 Bultman Terrace
170,Ileane,Sarjant,Female,20,isarjant4p@timesonline.co.uk,Chad,,Actuary,Legal,Franc,9/16/2008,170,4,35,Bachelor's Degree,Belarusian,Menominee,Retirement Plan,19410 Bluestem Street
171,Debra,MacGlory,Female,19,dmacglory4q@examiner.com,Bosnia and Herzegovina,,Civil Engineer,Research and Development,Marka,1/12/2001,171,4,22,Master's Degree,Welsh,Pima,Retirement Plan,51969 Red Cloud Alley
172,Dasie,Devlin,Female,41,ddevlin4r@theatlantic.com,Brazil,58135-000,Help Desk Operator,Legal,Real,6/5/2012,172,1,49,Master's Degree,Tagalog,Spaniard,Health Insurance,26 Northview Crossing
173,Crawford,Mundy,Male,68,cmundy4s@dailymotion.com,China,,Chemical Engineer,Sales,Yuan Renminbi,2/12/2020,173,1,50,Master's Degree,Hindi,Vietnamese,Health Insurance,938 Nova Pass
174,Carney,Broadhead,Male,54,cbroadhead4t@businessinsider.com,Kenya,,GIS Technical Architect,Human Resources,Shilling,4/11/2021,174,2,17,Master's Degree,Sanskrit,Filipino,Paid Time Off,0 Dwight Hill
175,Reade,Smartman,Male,21,rsmartman4u@apache.org,Indonesia,,General Manager,Marketing,Rupiah,9/12/2020,175,1,47,High School Diploma,Bengali,Venezuelan,Retirement Plan,56133 Donald Crossing
176,Daisi,Raynard,Female,77,draynard4v@msn.com,Philippines,2500,Community Outreach Specialist,Sales,Peso,7/16/2011,176,1,4,PhD,Komi,Potawatomi,Health Insurance,8 Nobel Pass
177,Tiphany,Penn,Female,42,tpenn4w@tinyurl.com,Brazil,45435-000,Civil Engineer,Support,Real,2/17/2006,177,2,11,Bachelor's Degree,Faroese,Asian Indian,Paid Time Off,7 Russell Junction
178,Heda,Spohr,Female,81,hspohr4x@indiegogo.com,China,,Project Manager,Accounting,Yuan Renminbi,6/26/2020,178,5,18,Bachelor's Degree,Corsican,Guamanian,Paid Time Off,29 Lien Court
179,Aarika,Gomme,Female,70,agomme4y@loc.gov,South Korea,,Environmental Specialist,Accounting,Won,10/4/2016,179,3,18,Master's Degree,Oriya,American Indian,Health Insurance,2 Ilene Court
180,Thelma,Yare,Female,81,tyare4z@webs.com,Japan,424-0888,Research Associate,Marketing,Yen,2/6/2002,180,2,28,Bachelor's Degree,Nauru,Pueblo,Health Insurance,9 Bluestem Lane
181,Agustin,Olensby,Male,82,aolensby50@t.co,Japan,852-8005,Structural Engineer,Human Resources,Yen,1/2/2002,181,3,3,Master's Degree,Malagasy,Kiowa,Paid Time Off,4 Forest Trail
182,Karla,Ianni,Female,48,kianni51@bing.com,Indonesia,,Web Designer II,Sales,Rupiah,12/30/2021,182,5,31,High School Diploma,Czech,Colville,Health Insurance,6 Corry Center
183,Nana,Ennion,Female,62,nennion52@mashable.com,Gabon,,Software Test Engineer I,Marketing,Franc,3/8/2002,183,2,3,High School Diploma,Polish,Asian,Health Insurance,3969 Heffernan Terrace
184,Donetta,D'Onisi,Female,63,ddonisi53@house.gov,South Korea,,Food Chemist,Marketing,Won,9/19/2007,184,2,27,High School Diploma,Maltese,White,Paid Time Off,6216 Jay Lane
185,Maxie,Dodge,Male,51,mdodge54@guardian.co.uk,China,,Internal Auditor,Legal,Yuan Renminbi,11/24/2011,185,4,15,Master's Degree,Kalaallisut,Colombian,Health Insurance,8 Mesta Pass
186,Tuesday,Kike,Female,85,tkike55@uol.com.br,Armenia,,Marketing Manager,Business Development,Dram,3/7/2008,186,5,24,Master's Degree,Venda,Choctaw,Retirement Plan,3 Hoard Center
187,Buffy,Weathers,Female,65,bweathers56@weibo.com,China,,Administrative Officer,Services,Yuan Renminbi,12/5/2022,187,2,19,PhD,Kalaallisut,Tlingit-Haida,Paid Time Off,86 Debra Road
188,Auguste,Gouldie,Female,58,agouldie57@usa.gov,Japan,203-0044,Environmental Tech,Marketing,Yen,1/17/2014,188,3,44,PhD,Tajik,Iroquois,Retirement Plan,06070 Red Cloud Pass
189,Eba,Grimley,Female,56,egrimley58@google.com.au,Philippines,2437,Compensation Analyst,Training,Peso,2/21/2010,189,3,1,PhD,Dutch,Alaskan Athabascan,Health Insurance,460 Haas Pass
190,Corina,Oiseau,Female,30,coiseau59@sina.com.cn,Peru,,Analyst Programmer,Training,Sol,10/10/2006,190,2,10,High School Diploma,"Sotho, Southern",American Indian and Alaska Native (AIAN),Health Insurance,24936 Johnson Plaza
191,Kennith,Hanfrey,Agender,80,khanfrey5a@indiegogo.com,Poland,58-330,Tax Accountant,Training,Zloty,7/10/2008,191,5,47,PhD,Azerbaijani,Black or African American,Retirement Plan,122 Redwing Drive
192,Adlai,Machen,Male,79,amachen5b@geocities.com,Indonesia,,Systems Administrator IV,Training,Rupiah,7/16/2007,192,2,48,Bachelor's Degree,Turkish,Apache,Paid Time Off,7498 Dovetail Avenue
193,Charlene,Igounet,Agender,19,cigounet5c@123-reg.co.uk,Nigeria,,Registered Nurse,Product Management,Naira,6/9/2011,193,5,31,Master's Degree,Limburgan,Dominican (Dominican Republic),Retirement Plan,4 High Crossing Court
194,Tammy,Cawdell,Male,39,tcawdell5d@quantcast.com,Colombia,732068,Research Assistant I,Research and Development,Peso,12/14/2016,194,3,49,Bachelor's Degree,Belarusian,Asian Indian,Retirement Plan,80 Tony Plaza
195,Cristi,Kubacek,Female,43,ckubacek5e@shutterfly.com,Honduras,,Human Resources Manager,Support,Lempira,10/11/2000,195,4,29,Bachelor's Degree,Volapük,Spaniard,Paid Time Off,72833 Shelley Lane
196,Harriet,Siddons,Genderqueer,33,hsiddons5f@uol.com.br,Argentina,3361,Human Resources Assistant II,Accounting,Peso,2/2/2015,196,5,27,Bachelor's Degree,Ndonga,Filipino,Retirement Plan,63 New Castle Crossing
197,Kendal,Cheavin,Male,58,kcheavin5g@com.com,Indonesia,,Pharmacist,Product Management,Rupiah,8/18/2013,197,2,17,PhD,Telugu,Bolivian,Paid Time Off,5 Boyd Trail
198,Margie,Stedson,Female,27,mstedson5h@epa.gov,Russia,630534,Compensation Analyst,Accounting,Ruble,9/20/2008,198,2,2,Bachelor's Degree,Welsh,Creek,Health Insurance,60 Mariners Cove Center
199,Kenneth,Kwietek,Male,51,kkwietek5i@cnn.com,Russia,694810,Marketing Manager,Support,Ruble,5/10/2014,199,2,0,PhD,Kongo,Thai,Health Insurance,0133 Grayhawk Alley
200,Flss,Knifton,Female,45,fknifton5j@cpanel.net,Nepal,,Geologist I,Support,Rupee,6/21/2000,200,3,46,High School Diploma,Chechen,Taiwanese,Paid Time Off,6133 Karstens Street
201,Raphael,Orlton,Polygender,57,rorlton5k@rambler.ru,China,,Desktop Support Technician,Legal,Yuan Renminbi,5/22/2012,201,1,38,Master's Degree,Dutch,Uruguayan,Paid Time Off,4 Sommers Crossing
202,Lennie,Coode,Male,77,lcoode5l@1688.com,Chile,,Programmer I,Support,Peso,6/2/2017,202,5,49,High School Diploma,Tonga (Tonga Islands),Yaqui,Health Insurance,24578 Mayfield Way
203,Babbie,Gilston,Female,26,bgilston5m@guardian.co.uk,Honduras,,Budget/Accounting Analyst II,Engineering,Lempira,8/20/2011,203,2,30,PhD,Azerbaijani,Osage,Retirement Plan,3 Waxwing Court
204,Zach,Corkitt,Male,19,zcorkitt5n@harvard.edu,Russia,354395,Editor,Training,Ruble,5/5/2001,204,4,16,Master's Degree,"Ndebele, North",Tongan,Paid Time Off,03 Warbler Street
205,Elna,Moffatt,Female,28,emoffatt5o@desdev.cn,China,,Clinical Specialist,Sales,Yuan Renminbi,11/5/2014,205,5,6,High School Diploma,Gujarati,Chamorro,Health Insurance,72 Fulton Terrace
206,Fleur,Barzen,Female,54,fbarzen5p@odnoklassniki.ru,France,24016 CEDEX,Graphic Designer,Marketing,Euro,10/19/2007,206,3,21,PhD,Maltese,Costa Rican,Paid Time Off,56911 Hermina Place
207,Simone,Pugsley,Female,58,spugsley5q@flavors.me,Martinique,97243 CEDEX,GIS Technical Architect,Services,Euro,3/13/2001,207,3,25,Bachelor's Degree,Esperanto,Colville,Health Insurance,618 Sauthoff Alley
208,Roanne,Ovell,Female,31,rovell5r@hexun.com,Bangladesh,2338,Editor,Research and Development,Taka,10/3/2006,208,4,24,PhD,Hiri Motu,Yakama,Health Insurance,48 Hanson Terrace
209,Aprilette,McIver,Non-binary,27,amciver5s@dyndns.org,China,,Environmental Specialist,Training,Yuan Renminbi,8/27/2021,209,1,38,Master's Degree,Corsican,Puerto Rican,Health Insurance,95403 Aberg Road
210,Del,Bairstow,Female,29,dbairstow5t@prweb.com,Czech Republic,354 91,Programmer I,Product Management,Koruna,12/19/2000,210,5,23,PhD,Hungarian,Tohono O'Odham,Paid Time Off,20 Autumn Leaf Lane
211,Meredithe,Nelm,Female,45,mnelm5u@google.ca,Indonesia,,Electrical Engineer,Engineering,Rupiah,7/30/2016,211,5,33,Bachelor's Degree,Macedonian,Navajo,Paid Time Off,678 Burning Wood Road
212,Shayne,Stawell,Female,38,sstawell5v@prnewswire.com,China,,Design Engineer,Human Resources,Yuan Renminbi,7/10/2019,212,3,0,PhD,Sardinian,Uruguayan,Paid Time Off,9 Fairview Avenue
213,Orly,Meechan,Bigender,34,omeechan5w@princeton.edu,China,,Environmental Specialist,Product Management,Yuan Renminbi,6/11/2014,213,3,11,PhD,Persian,Lumbee,Health Insurance,78408 Graceland Parkway
214,Hamnet,Joisce,Male,73,hjoisce5x@pen.io,Vietnam,,Civil Engineer,Sales,Dong,2/13/2010,214,3,23,Master's Degree,Zulu,Dominican (Dominican Republic),Health Insurance,6 Derek Parkway
215,Merwyn,Yven,Male,56,myven5y@google.co.uk,Uganda,,Marketing Assistant,Accounting,Shilling,8/16/2001,215,4,34,Master's Degree,Urdu,Laotian,Paid Time Off,54986 Center Road
216,Adler,Pearle,Male,69,apearle5z@exblog.jp,China,,Mechanical Systems Engineer,Research and Development,Yuan Renminbi,1/14/2014,216,2,18,PhD,Belarusian,Menominee,Paid Time Off,29161 Arkansas Pass
217,Annabell,L' Estrange,Polygender,57,alestrange60@yahoo.co.jp,Indonesia,,Senior Developer,Legal,Rupiah,10/24/2022,217,3,40,Bachelor's Degree,Divehi,Taiwanese,Paid Time Off,787 Vermont Pass
218,Rolland,Triggol,Male,54,rtriggol61@msn.com,China,,Safety Technician III,Legal,Yuan Renminbi,3/21/2015,218,2,14,PhD,Ukrainian,Iroquois,Paid Time Off,6266 American Circle
219,Ethelred,Farrer,Male,60,efarrer62@ucoz.com,Indonesia,,VP Marketing,Product Management,Rupiah,3/21/2022,219,5,0,High School Diploma,Hausa,White,Retirement Plan,7 Arapahoe Hill
220,Hailey,Hoofe,Male,80,hhoofe63@artisteer.com,Portugal,4815-075,Chief Design Engineer,Services,Euro,5/24/2006,220,4,6,PhD,Bislama,Vietnamese,Retirement Plan,47 Colorado Terrace
221,Susie,Tezure,Female,78,stezure64@youku.com,Indonesia,,Help Desk Technician,Services,Rupiah,11/12/2022,221,5,48,Bachelor's Degree,"Sotho, Southern",Korean,Health Insurance,075 Annamark Place
222,Adrienne,Lewing,Genderfluid,23,alewing65@google.com.hk,United States,58122,Assistant Manager,Legal,Dollar,2/6/2017,222,3,6,High School Diploma,Basque,Puget Sound Salish,Retirement Plan,8 Gale Court
223,Ewart,Haeslier,Male,69,ehaeslier66@behance.net,Russia,456918,Accounting Assistant III,Training,Ruble,9/4/2013,223,4,34,PhD,Samoan,Alaskan Athabascan,Health Insurance,913 Fulton Road
224,Pebrook,Matfield,Male,57,pmatfield67@springer.com,Russia,301439,Senior Sales Associate,Training,Ruble,9/6/2021,224,4,20,High School Diploma,Rundi,Argentinian,Retirement Plan,3401 Hazelcrest Court
225,Giustino,Beirne,Male,27,gbeirne68@yahoo.com,Indonesia,,Senior Developer,Marketing,Rupiah,3/30/2021,225,1,3,Master's Degree,Ewe,Melanesian,Paid Time Off,3857 Southridge Terrace
226,Jonis,Veazey,Female,84,jveazey69@csmonitor.com,Russia,368458,Engineer I,Legal,Ruble,1/3/2009,226,4,22,High School Diploma,Chinese,Latin American Indian,Retirement Plan,169 Green Ridge Junction
227,Sean,Porkiss,Female,82,sporkiss6a@infoseek.co.jp,Hungary,1239,Programmer IV,Support,Forint,11/23/2009,227,4,40,Bachelor's Degree,Maori,Vietnamese,Health Insurance,89270 Warbler Terrace
228,Cecilius,Hardie,Bigender,31,chardie6b@simplemachines.org,Nigeria,,Registered Nurse,Business Development,Naira,3/25/2008,228,2,5,Master's Degree,Latvian,Blackfeet,Health Insurance,237 Mallard Lane
229,Eolanda,Conisbee,Female,63,econisbee6c@yahoo.com,Indonesia,,Assistant Media Planner,Marketing,Rupiah,3/12/2013,229,5,26,Bachelor's Degree,Faroese,Chickasaw,Health Insurance,96 Amoth Plaza
230,Deanna,Obray,Female,21,dobray6d@nydailynews.com,Palestinian Territory,,Project Manager,Product Management,Shekel,8/15/2021,230,4,9,High School Diploma,Marathi,Spaniard,Health Insurance,86 Dahle Plaza
231,Sigmund,Spreckley,Male,23,sspreckley6e@mashable.com,Italy,60129,Graphic Designer,Engineering,Euro,3/10/2003,231,4,34,Bachelor's Degree,Japanese,Bolivian,Retirement Plan,52895 Huxley Street
232,Zacharie,Winley,Genderqueer,60,zwinley6f@trellian.com,France,57704 CEDEX,Tax Accountant,Services,Euro,12/19/2016,232,1,4,PhD,Wolof,Venezuelan,Retirement Plan,58477 Nevada Drive
233,Gabbey,Sparkes,Female,40,gsparkes6g@java.com,Albania,,Research Associate,Research and Development,Lek,11/5/2009,233,3,12,Master's Degree,Corsican,Japanese,Retirement Plan,64329 Oak Valley Place
234,Arny,Haizelden,Male,55,ahaizelden6h@umich.edu,Russia,461199,Quality Control Specialist,Engineering,Ruble,12/30/2015,234,3,9,PhD,Russian,Ecuadorian,Retirement Plan,30194 Kensington Trail
235,Abel,Wennington,Male,85,awennington6i@ocn.ne.jp,Brazil,62870-000,Database Administrator II,Support,Real,12/24/2015,235,5,25,Master's Degree,Kongo,Puget Sound Salish,Retirement Plan,390 Fairfield Drive
236,Coretta,Codner,Female,38,ccodner6j@walmart.com,China,,Financial Advisor,Research and Development,Yuan Renminbi,1/11/2006,236,2,45,Bachelor's Degree,"Ndebele, South",Guatemalan,Paid Time Off,6902 American Ash Circle
237,Enrique,Hriinchenko,Male,55,ehriinchenko6k@go.com,Sweden,186 53,Assistant Media Planner,Sales,Krona,10/22/2009,237,3,35,High School Diploma,Slovak,Guatemalan,Retirement Plan,75 Sommers Terrace
238,West,MacNeilage,Male,81,wmacneilage6l@pbs.org,Malaysia,30506,Product Engineer,Legal,Ringgit,1/17/2004,238,5,4,Bachelor's Degree,Azerbaijani,Chilean,Health Insurance,563 Larry Street
239,Sherrie,Sahnow,Agender,21,ssahnow6m@fastcompany.com,Russia,452034,Quality Engineer,Services,Ruble,7/13/2017,239,4,45,High School Diploma,Kurdish,Cree,Health Insurance,95004 Valley Edge Circle
240,Ermanno,Du Plantier,Male,82,eduplantier6n@ifeng.com,France,84007 CEDEX 1,Senior Sales Associate,Marketing,Euro,8/28/2002,240,5,40,High School Diploma,Norwegian,Chilean,Paid Time Off,8780 Sutteridge Circle
241,Rhiamon,Lideard,Female,41,rlideard6o@narod.ru,Sweden,441 92,Systems Administrator II,Training,Krona,8/1/2005,241,5,29,High School Diploma,Bislama,Kiowa,Paid Time Off,08319 Fallview Point
242,Lynnea,Thome,Female,35,lthome6p@ustream.tv,Venezuela,,VP Marketing,Engineering,Bolivar,1/16/2002,242,4,24,High School Diploma,Malayalam,Colville,Health Insurance,431 Steensland Park
243,Gasparo,Lemin,Male,20,glemin6q@springer.com,Honduras,,Health Coach III,Services,Lempira,9/5/2009,243,5,12,Master's Degree,Panjabi,American Indian,Health Insurance,53 Muir Trail
244,Henderson,Fyfe,Male,62,hfyfe6r@nifty.com,Canada,M2N,Programmer III,Sales,Dollar,9/16/2010,244,1,8,Master's Degree,Northern Sami,Pueblo,Health Insurance,09744 Waubesa Crossing
245,Sax,Quye,Male,56,squye6s@webs.com,Indonesia,,Senior Editor,Sales,Rupiah,8/30/2006,245,1,24,Bachelor's Degree,Hausa,White,Paid Time Off,207 Butternut Center
246,Friedrich,Kibard,Male,53,fkibard6t@xrea.com,Peru,,Junior Executive,Business Development,Sol,6/27/2001,246,4,47,PhD,Interlingua (International Auxiliary Language Association),American Indian and Alaska Native (AIAN),Health Insurance,866 Homewood Trail
247,Stacee,Metts,Female,79,smetts6u@sun.com,Canada,M9L,Pharmacist,Services,Dollar,6/6/2021,247,1,15,Bachelor's Degree,Kashmiri,Choctaw,Retirement Plan,71890 Monica Center
248,Jean,Antognazzi,Female,19,jantognazzi6v@psu.edu,Germany,38106,Web Developer II,Accounting,Euro,9/3/2006,248,3,45,PhD,Maori,Filipino,Paid Time Off,220 Ludington Place
249,Sandye,Kik,Female,55,skik6w@sourceforge.net,China,,Operator,Business Development,Yuan Renminbi,11/10/2012,249,3,23,High School Diploma,Bengali,Hmong,Paid Time Off,793 2nd Hill
250,Kirsteni,O'Donegan,Female,25,kodonegan6x@ucla.edu,Lesotho,,Structural Analysis Engineer,Marketing,Loti,2/6/2008,250,1,37,High School Diploma,Pali,American Indian,Paid Time Off,6972 Mccormick Court
251,Dorotea,Cooling,Female,84,dcooling6y@reference.com,Iran,,Office Assistant III,Support,Rial,3/21/2010,251,5,1,High School Diploma,Hiri Motu,Hmong,Paid Time Off,025 Northridge Trail
252,Tobie,Rambaut,Male,79,trambaut6z@prnewswire.com,Iran,,Marketing Manager,Sales,Rial,2/3/2015,252,1,34,Master's Degree,Kazakh,Paraguayan,Retirement Plan,10445 Hollow Ridge Street
253,Oates,Ponder,Male,64,oponder70@facebook.com,China,,Assistant Professor,Services,Yuan Renminbi,7/31/2014,253,5,17,Bachelor's Degree,Tatar,Tongan,Paid Time Off,59785 Grover Lane
254,Laryssa,Dearle,Female,18,ldearle71@theguardian.com,Greece,,Analyst Programmer,Human Resources,Euro,3/21/2009,254,4,47,PhD,Arabic,Lumbee,Health Insurance,3771 Carey Lane
255,Amalee,Farryann,Female,44,afarryann72@homestead.com,Ukraine,,Senior Financial Analyst,Marketing,Hryvnia,3/16/2000,255,5,7,Bachelor's Degree,Aragonese,Taiwanese,Retirement Plan,1 Anthes Place
256,Cassy,Capron,Female,19,ccapron73@uiuc.edu,Indonesia,,VP Marketing,Training,Rupiah,8/19/2021,256,5,44,PhD,Inupiaq,Kiowa,Paid Time Off,0611 Jenifer Plaza
257,Xavier,Narbett,Male,19,xnarbett74@nbcnews.com,China,,Electrical Engineer,Services,Yuan Renminbi,7/12/2000,257,2,23,PhD,Kannada,American Indian,Retirement Plan,16449 Harbort Court
258,Shelley,Ourry,Male,85,sourry75@blog.com,Philippines,6225,Senior Financial Analyst,Research and Development,Peso,11/1/2020,258,5,14,Bachelor's Degree,Zhuang,Uruguayan,Health Insurance,019 David Alley
259,Mortimer,Melan,Male,46,mmelan76@artisteer.com,Portugal,4730-068,Help Desk Technician,Support,Euro,11/21/2020,259,1,14,PhD,Breton,Kiowa,Retirement Plan,12 Meadow Ridge Pass
260,Byram,Sutherel,Genderqueer,80,bsutherel77@phoca.cz,Zimbabwe,,Financial Advisor,Services,Dollar,12/17/2008,260,5,14,Master's Degree,Chuvash,Guatemalan,Retirement Plan,4071 Kennedy Circle
261,Morgan,Donett,Male,80,mdonett78@cafepress.com,Indonesia,,VP Sales,Product Management,Rupiah,11/25/2005,261,4,21,PhD,Ewe,Chamorro,Retirement Plan,9 Prairieview Avenue
262,Kippie,Andreotti,Female,68,kandreotti79@mapquest.com,Indonesia,,Design Engineer,Sales,Rupiah,1/8/2006,262,2,50,High School Diploma,Samoan,Tlingit-Haida,Retirement Plan,71943 Carey Alley
263,Rabbi,Carroll,Male,54,rcarroll7a@scribd.com,China,,Computer Systems Analyst IV,Business Development,Yuan Renminbi,9/22/2004,263,5,13,PhD,Walloon,Venezuelan,Retirement Plan,408 Raven Street
264,Elonore,Peplay,Female,51,epeplay7b@fda.gov,Russia,366510,Assistant Manager,Support,Ruble,3/13/2016,264,2,33,High School Diploma,Shona,Asian,Health Insurance,00705 Moland Street
265,Xenos,Maccrea,Male,52,xmaccrea7c@live.com,China,,Teacher,Legal,Yuan Renminbi,1/12/2016,265,5,26,Bachelor's Degree,Tahitian,Native Hawaiian and Other Pacific Islander (NHPI),Paid Time Off,86 Blaine Circle
266,Shep,Courtliff,Male,39,scourtliff7d@facebook.com,Russia,662518,Senior Quality Engineer,Business Development,Ruble,11/15/2012,266,2,24,High School Diploma,Danish,Pima,Paid Time Off,56 Corry Pass
267,Karlik,Cherrington,Male,38,kcherrington7e@qq.com,China,,Social Worker,Sales,Yuan Renminbi,11/7/2004,267,3,8,Master's Degree,Kuanyama,Menominee,Retirement Plan,51 Calypso Way
268,Kermie,Sloam,Male,75,ksloam7f@xinhuanet.com,Portugal,2525-805,Senior Sales Associate,Marketing,Euro,10/8/2000,268,1,3,PhD,French,Chinese,Paid Time Off,592 Del Mar Way
269,Freddie,Kebell,Male,83,fkebell7g@wufoo.com,Canada,T7N,Legal Assistant,Legal,Dollar,4/20/2017,269,4,42,PhD,Arabic,Shoshone,Paid Time Off,825 Kennedy Trail
270,Corene,Carlesi,Genderfluid,31,ccarlesi7h@nytimes.com,France,94785 CEDEX,Environmental Specialist,Training,Euro,1/2/2005,270,1,0,High School Diploma,Yoruba,Pakistani,Retirement Plan,589 Kingsford Pass
271,Radcliffe,Gerrelts,Male,63,rgerrelts7i@godaddy.com,Dominican Republic,11003,Occupational Therapist,Services,Peso,3/31/2007,271,5,19,High School Diploma,Ewe,Argentinian,Retirement Plan,168 Green Avenue
272,Devonne,Mertel,Non-binary,43,dmertel7j@nyu.edu,China,,Pharmacist,Sales,Yuan Renminbi,3/4/2020,272,1,20,Master's Degree,Chamorro,Filipino,Paid Time Off,4 Myrtle Parkway
273,Holmes,Acott,Male,33,hacott7k@comcast.net,Hungary,9704,Sales Associate,Product Management,Forint,2/4/2002,273,4,35,Master's Degree,Divehi,Colombian,Health Insurance,1 Lunder Trail
274,Ilario,Stedmond,Male,25,istedmond7l@state.gov,Portugal,4990-640,Payment Adjustment Coordinator,Business Development,Euro,7/23/2021,274,2,1,PhD,Ossetian,Paraguayan,Paid Time Off,99749 Crescent Oaks Avenue
275,Chryste,Choupin,Female,62,cchoupin7m@de.vu,Philippines,5805,Product Engineer,Research and Development,Peso,4/15/2019,275,4,48,Master's Degree,Panjabi,Cuban,Health Insurance,7602 Donald Lane
276,Matthieu,Carlick,Male,53,mcarlick7n@amazon.de,Russia,628240,General Manager,Marketing,Ruble,9/6/2005,276,5,3,Master's Degree,Igbo,Paiute,Retirement Plan,5 Bartelt Drive
277,Hyman,Restieaux,Male,24,hrestieaux7o@epa.gov,Kosovo,,Executive Secretary,Accounting,Euro,7/6/2017,277,5,19,Bachelor's Degree,Malayalam,Tohono O'Odham,Retirement Plan,53291 Towne Plaza
278,Morty,Goulborne,Male,48,mgoulborne7p@live.com,Germany,42285,Web Developer I,Research and Development,Euro,2/15/2005,278,2,28,High School Diploma,Cornish,Comanche,Paid Time Off,11 Duke Lane
279,Dominique,Jarry,Male,55,djarry7q@jalbum.net,Malaysia,93520,Help Desk Technician,Sales,Ringgit,5/9/2007,279,3,36,Bachelor's Degree,German,Navajo,Paid Time Off,6 Bayside Place
280,Abbe,McGennis,Male,63,amcgennis7r@creativecommons.org,Japan,612-8447,Systems Administrator III,Business Development,Yen,10/6/2021,280,3,1,PhD,Azerbaijani,Guamanian,Health Insurance,15449 Farragut Hill
281,Benji,Berrisford,Male,75,bberrisford7s@stanford.edu,Argentina,8353,Budget/Accounting Analyst II,Product Management,Peso,10/19/2013,281,2,37,PhD,Hungarian,Osage,Paid Time Off,4 Milwaukee Trail
282,Grissel,McFeat,Female,39,gmcfeat7t@slashdot.org,Syria,,Mechanical Systems Engineer,Business Development,Pound,7/25/2006,282,5,24,Master's Degree,English,Salvadoran,Retirement Plan,22965 Sommers Park
283,Isidoro,Vaney,Male,47,ivaney7u@desdev.cn,Botswana,,Data Coordinator,Research and Development,Pula,5/17/2011,283,2,44,High School Diploma,Portuguese,Micronesian,Retirement Plan,95697 Rigney Avenue
284,Land,Flacknoe,Male,28,lflacknoe7v@cnet.com,Argentina,3606,Recruiting Manager,Training,Peso,4/27/2013,284,1,33,PhD,Gujarati,Bolivian,Paid Time Off,4759 Corry Park
285,Townie,Wollers,Male,39,twollers7w@apache.org,Russia,674553,Recruiting Manager,Human Resources,Ruble,6/9/2001,285,4,38,Bachelor's Degree,Portuguese,Pima,Retirement Plan,1 Claremont Park
286,Dalila,Mandel,Female,44,dmandel7x@dedecms.com,Bulgaria,7677,Research Associate,Sales,Lev,8/19/2004,286,3,10,Bachelor's Degree,Spanish,Houma,Health Insurance,33406 Luster Trail
287,Burton,Learmount,Male,29,blearmount7y@ftc.gov,Ireland,V31,Programmer Analyst II,Sales,Euro,2/20/2019,287,2,13,Master's Degree,Latvian,Micronesian,Paid Time Off,47673 Merry Point
288,Guinna,Skelbeck,Female,38,gskelbeck7z@printfriendly.com,Italy,00163,Electrical Engineer,Business Development,Euro,7/3/2021,288,4,0,Master's Degree,Manx,Osage,Retirement Plan,5036 Chinook Pass
289,Kurt,Wardroper,Bigender,38,kwardroper80@gizmodo.com,Indonesia,,Senior Financial Analyst,Engineering,Rupiah,4/26/2000,289,2,28,Bachelor's Degree,Galician,Spaniard,Health Insurance,7 Fairview Road
290,Hadleigh,Pennington,Male,31,hpennington81@deviantart.com,China,,Registered Nurse,Legal,Yuan Renminbi,8/26/2008,290,1,44,Bachelor's Degree,Turkish,Polynesian,Paid Time Off,19082 Meadow Valley Parkway
291,Bengt,Stoddart,Male,27,bstoddart82@purevolume.com,Sweden,826 31,Administrative Assistant IV,Support,Krona,11/3/2022,291,5,5,Bachelor's Degree,Tsonga,Fijian,Retirement Plan,8 Southridge Circle
292,Sabrina,Dubock,Female,22,sdubock83@archive.org,China,,Assistant Manager,Engineering,Yuan Renminbi,2/11/2021,292,1,11,Bachelor's Degree,Romansh,Panamanian,Retirement Plan,07 Golf Road
293,Desmund,Mandre,Male,76,dmandre84@si.edu,Kazakhstan,,Senior Editor,Engineering,Tenge,12/24/2012,293,3,25,PhD,Nauru,Chickasaw,Health Insurance,728 Village Green Street
294,Adolph,Dawkins,Male,73,adawkins85@uiuc.edu,Thailand,67160,Compensation Analyst,Product Management,Baht,7/18/2014,294,2,43,PhD,Aymara,Hmong,Health Insurance,5 Bay Lane
295,Robinia,Hull,Female,33,rhull86@booking.com,China,,Sales Representative,Legal,Yuan Renminbi,9/23/2007,295,4,15,Bachelor's Degree,Korean,Choctaw,Health Insurance,59 Anthes Alley
296,Rosaline,Alexandersson,Female,30,ralexandersson87@nymag.com,Indonesia,,Engineer IV,Human Resources,Rupiah,7/27/2021,296,5,7,PhD,Marathi,Crow,Retirement Plan,4 Forest Hill
297,Loren,Gibbeson,Male,45,lgibbeson88@eventbrite.com,Philippines,6036,Structural Analysis Engineer,Legal,Peso,11/4/2019,297,1,46,Master's Degree,Azerbaijani,Tohono O'Odham,Paid Time Off,2565 Golf View Junction
298,Tally,Glasspool,Male,44,tglasspool89@networkadvertising.org,Philippines,2508,Director of Sales,Marketing,Peso,5/20/2013,298,4,37,PhD,Gujarati,Kiowa,Paid Time Off,39 Service Terrace
299,Phillip,Wardel,Male,76,pwardel8a@japanpost.jp,Croatia,22300,Automation Specialist IV,Product Management,Kuna,3/10/2009,299,4,38,PhD,Uighur,Colville,Paid Time Off,822 Melvin Pass
300,Zelig,Wield,Male,60,zwield8b@imdb.com,Russia,396336,Speech Pathologist,Marketing,Ruble,11/7/2018,300,2,8,PhD,Ukrainian,Choctaw,Retirement Plan,3043 Ilene Drive
301,Sonny,Jozsa,Male,79,sjozsa8c@oracle.com,Russia,607612,Project Manager,Services,Ruble,7/18/2008,301,4,29,Master's Degree,Somali,Cambodian,Retirement Plan,3 New Castle Parkway
302,Shannen,Kopman,Female,67,skopman8d@quantcast.com,France,47923 CEDEX 9,Sales Representative,Marketing,Euro,2/10/2012,302,3,15,High School Diploma,"Bokmål, Norwegian",Laotian,Health Insurance,40 Mifflin Pass
303,Jess,Lemanu,Male,46,jlemanu8e@mac.com,China,,Staff Accountant I,Marketing,Yuan Renminbi,4/12/2002,303,3,47,Bachelor's Degree,Inuktitut,Blackfeet,Health Insurance,75880 Walton Hill
304,Kippar,Cadamy,Male,80,kcadamy8f@marriott.com,Mali,,Librarian,Product Management,Franc,12/30/2018,304,3,35,PhD,Quechua,Malaysian,Paid Time Off,16291 Green Ridge Terrace
305,Cosimo,Dibbert,Male,50,cdibbert8g@apache.org,Philippines,7034,Pharmacist,Services,Peso,1/2/2000,305,5,10,Master's Degree,Cornish,Cheyenne,Retirement Plan,77 Pennsylvania Drive
306,Deloria,Galbraeth,Female,76,dgalbraeth8h@admin.ch,Philippines,3810,Software Engineer II,Business Development,Peso,9/16/2019,306,1,5,PhD,Corsican,Guamanian,Health Insurance,50569 Vidon Circle
307,Hilton,Padula,Male,81,hpadula8i@hostgator.com,Poland,62-850,Chief Design Engineer,Human Resources,Zloty,3/16/2000,307,3,44,Master's Degree,Fulah,Cuban,Health Insurance,4 Eastlawn Street
308,Alayne,Edinboro,Female,78,aedinboro8j@domainmarket.com,United States,60614,Nurse,Training,Dollar,7/27/2017,308,3,27,High School Diploma,Spanish,Kiowa,Health Insurance,4190 Mallory Crossing
309,Abram,Sauven,Agender,21,asauven8k@w3.org,Brazil,37810-000,Geological Engineer,Accounting,Real,12/11/2019,309,4,35,Master's Degree,Italian,Spaniard,Paid Time Off,7226 Lunder Circle
310,Lucy,Kift,Genderfluid,39,lkift8l@usda.gov,Honduras,,Chief Design Engineer,Training,Lempira,6/3/2016,310,1,36,Bachelor's Degree,Uzbek,Venezuelan,Paid Time Off,89 Dawn Road
311,Justinn,Filipczak,Female,29,jfilipczak8m@reverbnation.com,Colombia,154648,Data Coordinator,Training,Peso,12/30/2020,311,1,20,High School Diploma,Navajo,Samoan,Retirement Plan,8853 Mendota Hill
312,Buiron,Grahlmans,Male,75,bgrahlmans8n@mysql.com,Brazil,39818-000,Human Resources Assistant IV,Services,Real,8/28/2022,312,5,6,Bachelor's Degree,Occitan (post 1500),Malaysian,Health Insurance,8 Warner Avenue
313,Karyl,De Maria,Female,26,kdemaria8o@columbia.edu,Macedonia,1315,Office Assistant III,Marketing,Denar,12/2/2004,313,2,5,Master's Degree,Somali,Spaniard,Health Insurance,575 Banding Junction
314,Dorry,Ubsdale,Female,75,dubsdale8p@bbc.co.uk,Thailand,25110,Payment Adjustment Coordinator,Training,Baht,10/29/2008,314,5,20,High School Diploma,Kuanyama,Cree,Health Insurance,3001 Texas Avenue
315,Beryle,Chieco,Female,58,bchieco8q@businesswire.com,China,,Human Resources Manager,Product Management,Yuan Renminbi,7/22/2012,315,4,2,PhD,Zhuang,Salvadoran,Health Insurance,2375 Talmadge Junction
316,Lyndel,Vinsen,Female,49,lvinsen8r@google.ca,Poland,97-225,Financial Advisor,Services,Zloty,1/23/2001,316,1,23,Master's Degree,Sango,Ute,Health Insurance,462 Hallows Plaza
317,Antonie,Sedgefield,Female,19,asedgefield8s@photobucket.com,China,,Office Assistant III,Research and Development,Yuan Renminbi,12/12/2003,317,2,6,PhD,Ukrainian,Bangladeshi,Paid Time Off,7 Maryland Way
318,Susanne,Cain,Female,59,scain8t@mac.com,Egypt,,Cost Accountant,Support,Pound,2/26/2005,318,1,34,High School Diploma,"Sotho, Southern",Asian,Paid Time Off,90 Melrose Pass
319,Zak,Dake,Male,71,zdake8u@bloglines.com,Ukraine,,Software Engineer III,Marketing,Hryvnia,11/16/2009,319,1,31,Master's Degree,Guarani,Spaniard,Health Insurance,992 Forster Terrace
320,Garfield,Adams,Male,30,gadams8v@ihg.com,Indonesia,,Paralegal,Product Management,Rupiah,6/21/2022,320,1,16,PhD,Lingala,Taiwanese,Paid Time Off,125 Merrick Lane
321,Dix,Runnacles,Female,70,drunnacles8w@spotify.com,Japan,824-0233,VP Quality Control,Product Management,Yen,1/18/2015,321,5,3,PhD,Lao,Asian Indian,Paid Time Off,54 Heath Place
322,Cybill,Chominski,Female,82,cchominski8x@weebly.com,Indonesia,,Biostatistician II,Product Management,Rupiah,6/16/2010,322,2,5,Bachelor's Degree,Corsican,Puget Sound Salish,Health Insurance,12 Village Court
323,Amelita,Seide,Female,66,aseide8y@bbb.org,Indonesia,,Marketing Manager,Training,Rupiah,4/15/2015,323,5,21,Bachelor's Degree,Abkhazian,Peruvian,Retirement Plan,8908 Burning Wood Park
324,Gerladina,Menichelli,Agender,71,gmenichelli8z@sun.com,China,,Geological Engineer,Product Management,Yuan Renminbi,6/11/2011,324,5,14,Master's Degree,Walloon,Cherokee,Retirement Plan,28312 Green Trail
325,Glenna,Grandham,Female,84,ggrandham90@cbsnews.com,China,,Associate Professor,Research and Development,Yuan Renminbi,5/4/2021,325,3,8,High School Diploma,Maori,Colville,Paid Time Off,684 Clarendon Parkway
326,Ganny,Meekings,Male,18,gmeekings91@mozilla.com,Guyana,,Engineer IV,Accounting,Dollar,11/2/2022,326,1,35,High School Diploma,Marathi,Cambodian,Health Insurance,0 Coolidge Terrace
327,Morly,Cheshire,Male,77,mcheshire92@microsoft.com,Poland,42-244,VP Accounting,Support,Zloty,8/1/2006,327,2,5,Master's Degree,Norwegian Nynorsk,Thai,Health Insurance,1284 Anniversary Terrace
328,Lorena,Merwede,Female,81,lmerwede93@sciencedaily.com,Nigeria,,Actuary,Marketing,Naira,9/23/2008,328,3,30,Master's Degree,Zulu,Fijian,Retirement Plan,0492 Granby Crossing
329,David,Lafay,Male,33,dlafay94@mail.ru,Georgia,,Research Assistant III,Business Development,Lari,7/8/2007,329,5,49,PhD,Komi,Eskimo,Retirement Plan,320 Forest Dale Hill
330,Bobette,Lillford,Female,69,blillford95@wikia.com,Colombia,253608,Professor,Accounting,Peso,12/9/2012,330,2,28,High School Diploma,Tatar,Puget Sound Salish,Retirement Plan,4 Golden Leaf Way
331,Jesus,Bifield,Male,51,jbifield96@ehow.com,Indonesia,,Research Associate,Accounting,Rupiah,6/12/2019,331,2,23,High School Diploma,Pushto,Kiowa,Paid Time Off,018 Vera Alley
332,Alon,Flewin,Male,77,aflewin97@redcross.org,Ukraine,,VP Sales,Business Development,Hryvnia,7/18/2007,332,1,9,Bachelor's Degree,Latvian,Indonesian,Paid Time Off,078 Ridge Oak Center
333,Kerrie,Ansell,Female,52,kansell98@mozilla.com,France,22004 CEDEX 1,Accountant I,Research and Development,Euro,4/13/2004,333,2,10,High School Diploma,Sanskrit,Colville,Health Insurance,71657 Chive Point
334,Farica,Rusling,Female,39,frusling99@creativecommons.org,Indonesia,,Sales Representative,Engineering,Rupiah,1/8/2019,334,2,46,Master's Degree,Tswana,Thai,Health Insurance,0 Dunning Alley
335,Stephannie,Seller,Female,64,sseller9a@seesaa.net,Uruguay,,Physical Therapy Assistant,Training,Peso,3/30/2013,335,2,50,PhD,Malayalam,Samoan,Paid Time Off,8 Sauthoff Parkway
336,Cherlyn,Corradeschi,Female,66,ccorradeschi9b@liveinternet.ru,China,,Structural Engineer,Product Management,Yuan Renminbi,2/22/2013,336,1,41,Master's Degree,Somali,Chinese,Paid Time Off,063 Meadow Ridge Trail
337,Ellsworth,Balkwill,Male,46,ebalkwill9c@goo.gl,Peru,,VP Product Management,Services,Sol,2/10/2013,337,3,23,PhD,Interlingua (International Auxiliary Language Association),Sioux,Retirement Plan,18 Cardinal Road
338,Lilas,Barr,Female,56,lbarr9d@imgur.com,Poland,82-100,Nuclear Power Engineer,Accounting,Zloty,5/29/2017,338,4,40,Master's Degree,Swahili,Yuman,Health Insurance,94 Sage Parkway
339,Marlo,Rawstorne,Female,18,mrawstorne9e@facebook.com,Poland,07-205,VP Sales,Sales,Zloty,2/1/2020,339,4,45,Master's Degree,Vietnamese,Venezuelan,Retirement Plan,03 Hansons Park
340,Myrtia,Altoft,Female,26,maltoft9f@aboutads.info,Colombia,252837,Sales Associate,Human Resources,Peso,7/31/2020,340,5,3,Master's Degree,Basque,Pueblo,Paid Time Off,42 Little Fleur Lane
341,Frederico,Guillond,Male,83,fguillond9g@icq.com,Croatia,35403,VP Accounting,Accounting,Kuna,10/28/2006,341,2,37,PhD,Herero,Guatemalan,Paid Time Off,25 Armistice Junction
342,Evey,Sacher,Female,76,esacher9h@smugmug.com,Vietnam,,Project Manager,Legal,Dong,11/20/2017,342,4,49,High School Diploma,Esperanto,American Indian and Alaska Native (AIAN),Paid Time Off,9 Packers Drive
343,Dasha,Cairney,Polygender,47,dcairney9i@nytimes.com,Madagascar,,Database Administrator III,Product Management,Ariary,1/21/2008,343,2,25,PhD,Sanskrit,Yaqui,Health Insurance,62 American Ash Lane
344,Aurilia,Rossborough,Female,77,arossborough9j@theguardian.com,Poland,30-533,Geological Engineer,Engineering,Zloty,8/8/2006,344,4,4,PhD,Hiri Motu,Hmong,Health Insurance,334 Sunbrook Street
345,Lee,Wehnerr,Male,71,lwehnerr9k@tripadvisor.com,Lebanon,,Administrative Assistant IV,Accounting,Pound,2/1/2021,345,4,4,PhD,Chinese,Malaysian,Paid Time Off,96 Mesta Alley
346,Honoria,Drinkel,Bigender,80,hdrinkel9l@google.it,China,,Biostatistician II,Services,Yuan Renminbi,4/17/2007,346,3,14,High School Diploma,"Bokmål, Norwegian",Guamanian,Paid Time Off,8492 Hudson Hill
347,Helga,Pounds,Female,34,hpounds9m@dailymotion.com,Indonesia,,Director of Sales,Engineering,Rupiah,1/17/2019,347,4,28,High School Diploma,Chinese,Navajo,Health Insurance,15 Heffernan Hill
348,Donnell,Scrivner,Male,58,dscrivner9n@fda.gov,China,,Recruiting Manager,Sales,Yuan Renminbi,9/7/2017,348,5,17,PhD,Sango,Yakama,Retirement Plan,641 Scott Trail
349,Katina,Tickner,Female,55,ktickner9o@mozilla.org,Indonesia,,Biostatistician IV,Product Management,Rupiah,10/22/2002,349,5,8,Bachelor's Degree,Welsh,Aleut,Health Insurance,81 Autumn Leaf Avenue
350,Fonz,Buddleigh,Male,82,fbuddleigh9p@google.it,Syria,,Civil Engineer,Engineering,Pound,3/2/2004,350,1,3,Bachelor's Degree,Azerbaijani,Puget Sound Salish,Health Insurance,3220 Schiller Place
351,Rheba,Franzotto,Female,27,rfranzotto9q@house.gov,China,,Analog Circuit Design manager,Human Resources,Yuan Renminbi,6/24/2010,351,1,50,High School Diploma,Spanish,Uruguayan,Paid Time Off,28253 Canary Park
352,Melania,Smallcomb,Female,59,msmallcomb9r@soup.io,Samoa,,Accountant II,Business Development,Tala,12/4/2007,352,3,16,Master's Degree,Komi,American Indian,Retirement Plan,09603 Green Lane
353,Rolfe,Jewell,Male,71,rjewell9s@msn.com,New Zealand,1150,Help Desk Technician,Sales,Dollar,1/6/2011,353,5,42,Master's Degree,Herero,Honduran,Paid Time Off,662 Banding Junction
354,Rafaelita,Tallowin,Female,75,rtallowin9t@foxnews.com,South Africa,8340,Accountant III,Support,Rand,11/29/2006,354,4,16,PhD,Romanian,Fijian,Retirement Plan,22 Ryan Parkway
355,Englebert,Millar,Male,25,emillar9u@senate.gov,Peru,,Junior Executive,Marketing,Sol,9/3/2013,355,4,16,Master's Degree,Tatar,Latin American Indian,Retirement Plan,859 Di Loreto Way
356,Thorny,Bruckman,Male,20,tbruckman9v@sfgate.com,Philippines,7214,Systems Administrator III,Research and Development,Peso,6/25/2017,356,2,40,High School Diploma,Volapük,South American,Retirement Plan,056 Loomis Alley
357,Rochester,Emmison,Male,70,remmison9w@infoseek.co.jp,Sweden,595 94,Payment Adjustment Coordinator,Accounting,Krona,2/15/2003,357,2,45,Master's Degree,Turkmen,Micronesian,Health Insurance,4861 Atwood Alley
358,Melanie,Pollett,Female,60,mpollett9x@cdc.gov,Sweden,103 83,Community Outreach Specialist,Human Resources,Krona,5/10/2008,358,1,32,PhD,Mongolian,Aleut,Retirement Plan,5 Harbort Road
359,Edsel,Jeyness,Male,22,ejeyness9y@photobucket.com,China,,Health Coach I,Marketing,Yuan Renminbi,5/31/2005,359,3,36,High School Diploma,Sardinian,Costa Rican,Health Insurance,79 Susan Place
360,Amalita,Fussell,Female,57,afussell9z@nasa.gov,Yemen,,Nurse,Services,Rial,10/9/2021,360,3,40,PhD,Quechua,Samoan,Health Insurance,02 Morrow Circle
361,Parry,Kirkwood,Male,18,pkirkwooda0@artisteer.com,China,,Librarian,Engineering,Yuan Renminbi,1/19/2013,361,5,27,High School Diploma,Albanian,Samoan,Health Insurance,5257 Bay Drive
362,Tabbitha,Kemmett,Female,69,tkemmetta1@china.com.cn,Vietnam,,Social Worker,Human Resources,Dong,5/13/2015,362,3,29,High School Diploma,Georgian,Chickasaw,Retirement Plan,49 Waywood Road
363,Norman,Schulter,Male,18,nschultera2@nationalgeographic.com,United States,98447,Computer Systems Analyst II,Support,Dollar,12/27/2009,363,1,31,Bachelor's Degree,Quechua,South American,Health Insurance,1 Loomis Point
364,Merilyn,Kleinhandler,Female,71,mkleinhandlera3@msn.com,China,,Research Associate,Engineering,Yuan Renminbi,6/26/2009,364,4,6,Bachelor's Degree,Czech,Alaska Native,Health Insurance,14563 Lindbergh Parkway
365,Madlin,Mostin,Female,53,mmostina4@homestead.com,China,,Librarian,Product Management,Yuan Renminbi,1/5/2017,365,5,24,High School Diploma,Uzbek,Malaysian,Retirement Plan,96 Heath Place
366,Aubry,Velden,Female,42,aveldena5@tmall.com,Indonesia,,VP Quality Control,Services,Rupiah,12/23/2012,366,5,20,Bachelor's Degree,Spanish,Paraguayan,Health Insurance,2175 Graceland Trail
367,Hagen,Skoate,Genderqueer,76,hskoatea6@java.com,China,,Human Resources Manager,Services,Yuan Renminbi,6/1/2004,367,4,21,Master's Degree,Malagasy,Eskimo,Paid Time Off,51 Transport Place
368,Jaime,Stilwell,Female,24,jstilwella7@about.me,Indonesia,,Software Test Engineer I,Support,Rupiah,3/25/2021,368,3,9,PhD,Ojibwa,Puget Sound Salish,Paid Time Off,52 Dryden Park
369,Jake,Hansana,Bigender,68,jhansanaa8@weibo.com,China,,Staff Scientist,Product Management,Yuan Renminbi,8/14/2007,369,1,33,PhD,Manx,Bolivian,Health Insurance,6 Killdeer Point
370,Germain,Pomfrey,Genderfluid,68,gpomfreya9@mayoclinic.com,Honduras,,Automation Specialist II,Support,Lempira,4/16/2017,370,4,10,Master's Degree,Marathi,Honduran,Retirement Plan,62244 Delaware Alley
371,Olia,Kitching,Female,45,okitchingaa@marketwatch.com,Philippines,7111,Quality Control Specialist,Product Management,Peso,9/26/2007,371,2,46,Master's Degree,Chechen,Asian,Paid Time Off,39 Fallview Lane
372,Truda,Boase,Female,21,tboaseab@oakley.com,Ireland,E91,Senior Developer,Training,Euro,5/5/2008,372,1,0,Bachelor's Degree,Latin,Paiute,Paid Time Off,55 Northland Parkway
373,Trenton,Tomlinson,Male,61,ttomlinsonac@baidu.com,Honduras,,Research Assistant II,Sales,Lempira,1/28/2012,373,4,30,Master's Degree,Sango,Native Hawaiian,Retirement Plan,65 Declaration Crossing
374,Drucill,Roder,Female,50,droderad@vk.com,Palestinian Territory,,Project Manager,Legal,Shekel,4/16/2006,374,2,28,Bachelor's Degree,Aymara,Chickasaw,Retirement Plan,84 South Street
375,Astra,Dewdney,Female,46,adewdneyae@spiegel.de,Malaysia,80600,Data Coordinator,Support,Ringgit,6/10/2016,375,5,24,Master's Degree,Vietnamese,Fijian,Health Insurance,70 Blaine Avenue
376,Burke,Langfield,Male,58,blangfieldaf@merriam-webster.com,Philippines,9506,Senior Editor,Training,Peso,9/24/2015,376,2,42,High School Diploma,Aymara,American Indian,Paid Time Off,648 Golf Alley
377,Maddy,Dewes,Male,39,mdewesag@usa.gov,China,,Senior Cost Accountant,Accounting,Yuan Renminbi,10/11/2010,377,5,27,Master's Degree,Sichuan Yi,Shoshone,Health Insurance,1339 Columbus Lane
378,Leah,Dodridge,Female,57,ldodridgeah@chicagotribune.com,Argentina,1981,Senior Sales Associate,Engineering,Peso,12/11/2018,378,4,37,High School Diploma,Breton,Crow,Retirement Plan,347 Lillian Way
379,Eldin,Couttes,Male,43,ecouttesai@barnesandnoble.com,Philippines,7213,Compensation Analyst,Training,Peso,3/17/2021,379,3,36,Bachelor's Degree,Serbian,Houma,Retirement Plan,018 Buell Park
380,Stanislaus,Stiebler,Male,79,sstiebleraj@abc.net.au,Russia,356040,Budget/Accounting Analyst I,Marketing,Ruble,10/1/2002,380,4,49,Bachelor's Degree,Irish,Nicaraguan,Health Insurance,6097 Anniversary Drive
381,Enid,Delph,Non-binary,75,edelphak@accuweather.com,Indonesia,,Programmer Analyst I,Engineering,Rupiah,6/15/2017,381,4,46,Bachelor's Degree,Uighur,Ecuadorian,Paid Time Off,9 Hovde Drive
382,Casper,Cleave,Male,53,ccleaveal@un.org,Portugal,3070-523,Nurse,Human Resources,Euro,5/14/2015,382,5,6,Bachelor's Degree,Tahitian,Chippewa,Paid Time Off,81429 Lien Crossing
383,Zenia,Singers,Female,62,zsingersam@delicious.com,China,,Environmental Tech,Product Management,Yuan Renminbi,11/7/2022,383,3,35,High School Diploma,English,Peruvian,Retirement Plan,4 Crowley Park
384,Abey,Bygrove,Male,84,abygrovean@sfgate.com,Indonesia,,Director of Sales,Legal,Rupiah,9/18/2019,384,1,42,PhD,Aymara,Chickasaw,Retirement Plan,40 Reindahl Road
385,Clemence,Willarton,Female,65,cwillartonao@cbsnews.com,Curacao,,Software Test Engineer III,Business Development,Guilder,9/23/2005,385,4,8,PhD,Bosnian,Tohono O'Odham,Health Insurance,50 Banding Street
386,Linzy,Kellert,Female,67,lkellertap@cdbaby.com,Finland,31501,Web Designer I,Marketing,Euro,7/29/2016,386,4,45,Master's Degree,Oromo,Venezuelan,Paid Time Off,4386 Vermont Point
387,Francklyn,Nanni,Male,45,fnanniaq@1688.com,Poland,37-560,Software Consultant,Services,Zloty,4/13/2017,387,2,28,High School Diploma,Venda,Salvadoran,Paid Time Off,6545 Hayes Place
388,Faith,Folker,Female,26,ffolkerar@wunderground.com,Costa Rica,50201,Administrative Officer,Training,Colon,7/29/2005,388,2,2,PhD,Belarusian,Pima,Paid Time Off,295 Holy Cross Junction
389,Christen,Farfolomeev,Female,74,cfarfolomeevas@elegantthemes.com,Uzbekistan,,Compensation Analyst,Services,Som,9/15/2009,389,5,8,High School Diploma,Abkhazian,Choctaw,Health Insurance,4769 Sachtjen Drive
390,Concordia,MacGauhy,Genderfluid,41,cmacgauhyat@java.com,Indonesia,,Chemical Engineer,Accounting,Rupiah,7/29/2014,390,2,14,PhD,Sindhi,Colombian,Paid Time Off,909 Old Shore Way
391,Cecile,Ruos,Female,52,cruosau@squarespace.com,Argentina,5903,Help Desk Technician,Training,Peso,8/6/2004,391,2,19,PhD,Thai,Salvadoran,Retirement Plan,24311 Dapin Way
392,Con,Romera,Male,81,cromeraav@narod.ru,China,,Senior Cost Accountant,Marketing,Yuan Renminbi,8/16/2022,392,2,9,PhD,Turkish,Iroquois,Health Insurance,45 Montana Terrace
393,Ritchie,Edie,Male,24,redieaw@blinklist.com,China,,Account Coordinator,Marketing,Yuan Renminbi,6/7/2011,393,4,22,Master's Degree,Urdu,Polynesian,Retirement Plan,99717 Talmadge Alley
394,Bram,D'Ruel,Male,44,bdruelax@topsy.com,China,,Speech Pathologist,Marketing,Yuan Renminbi,1/9/2011,394,1,36,Bachelor's Degree,"Bokmål, Norwegian",Native Hawaiian and Other Pacific Islander (NHPI),Paid Time Off,8 Trailsway Center
395,Darrelle,Sambath,Female,62,dsambathay@yahoo.com,Indonesia,,Software Consultant,Research and Development,Rupiah,2/23/2001,395,5,45,High School Diploma,Xhosa,Tohono O'Odham,Health Insurance,33630 Dakota Hill
396,Lottie,Blaney,Female,50,lblaneyaz@cpanel.net,China,,Nuclear Power Engineer,Research and Development,Yuan Renminbi,12/29/2018,396,5,36,Master's Degree,Nauru,Asian,Health Insurance,76940 Amoth Way
397,Megan,Reddan,Female,68,mreddanb0@linkedin.com,Philippines,9104,Compensation Analyst,Engineering,Peso,9/3/2005,397,5,45,PhD,Arabic,Melanesian,Retirement Plan,7186 Melby Alley
398,Mary,Rankcom,Female,29,mrankcomb1@mashable.com,Philippines,1375,Staff Accountant III,Research and Development,Peso,3/11/2010,398,5,49,High School Diploma,Arabic,Ottawa,Retirement Plan,90 North Point
399,Jaymee,Nertney,Bigender,25,jnertneyb2@example.com,China,,Business Systems Development Analyst,Human Resources,Yuan Renminbi,6/25/2005,399,1,20,High School Diploma,Sinhala,Potawatomi,Retirement Plan,90 Corben Lane
400,Veronika,Dalman,Female,37,vdalmanb3@thetimes.co.uk,China,,Clinical Specialist,Engineering,Yuan Renminbi,3/2/2019,400,5,26,Bachelor's Degree,Slovak,American Indian,Health Insurance,5 Warner Avenue
401,Andrea,Jon,Female,85,ajonb4@freewebs.com,Afghanistan,,VP Marketing,Legal,Afghani,3/30/2002,401,4,37,Master's Degree,Akan,Yaqui,Paid Time Off,6 Saint Paul Place
402,Merrel,Payne,Male,23,mpayneb5@howstuffworks.com,China,,Nurse,Human Resources,Yuan Renminbi,3/18/2020,402,3,11,PhD,Central Khmer,Yuman,Retirement Plan,017 Mosinee Parkway
403,Florri,Pashler,Female,28,fpashlerb6@huffingtonpost.com,Bolivia,,Clinical Specialist,Marketing,Boliviano,9/19/2014,403,3,2,Bachelor's Degree,Tibetan,Chinese,Health Insurance,13967 Springview Circle
404,Hersch,Trees,Male,27,htreesb7@imdb.com,Colombia,684517,Software Test Engineer IV,Legal,Peso,11/13/2000,404,5,0,High School Diploma,Akan,Nicaraguan,Paid Time Off,12 Shoshone Court
405,Leroi,Bellsham,Male,55,lbellshamb8@chron.com,Croatia,35403,Professor,Services,Kuna,4/13/2011,405,5,36,PhD,Norwegian Nynorsk,Chickasaw,Paid Time Off,15579 Lillian Lane
406,Milena,Filippi,Female,74,mfilippib9@go.com,China,,Administrative Officer,Product Management,Yuan Renminbi,7/29/2010,406,5,18,Master's Degree,Oriya,Bolivian,Health Insurance,9999 Westport Parkway
407,Byrann,Graysmark,Male,65,bgraysmarkba@hp.com,Portugal,4825-296,Registered Nurse,Services,Euro,12/14/2000,407,3,29,Bachelor's Degree,Kikuyu,Melanesian,Health Insurance,9891 Golf Course Avenue
408,Tam,Prozescky,Male,67,tprozesckybb@auda.org.au,Poland,57-215,Statistician III,Services,Zloty,6/29/2014,408,2,29,Bachelor's Degree,Czech,Micronesian,Health Insurance,75 Monica Junction
409,Friedrich,Zaple,Male,60,fzaplebc@zdnet.com,Canada,J5V,Software Consultant,Human Resources,Dollar,8/18/2009,409,4,4,Master's Degree,Georgian,Pima,Retirement Plan,091 Norway Maple Terrace
410,Gayle,Marco,Male,49,gmarcobd@wikimedia.org,Ukraine,,Senior Developer,Sales,Hryvnia,2/8/2007,410,5,16,Master's Degree,Hausa,Alaska Native,Health Insurance,6409 Nobel Drive
411,Marv,Isakson,Male,32,misaksonbe@ehow.com,Indonesia,,Account Representative II,Training,Rupiah,3/21/2019,411,5,47,Master's Degree,Azerbaijani,Tlingit-Haida,Health Insurance,8505 Sunbrook Avenue
412,Georgine,Bellworthy,Female,43,gbellworthybf@slate.com,China,,Legal Assistant,Support,Yuan Renminbi,4/2/2000,412,4,5,Bachelor's Degree,Javanese,Melanesian,Paid Time Off,2 Bellgrove Pass
413,Andree,Stoffler,Female,31,astofflerbg@sourceforge.net,United States,77713,Assistant Media Planner,Engineering,Dollar,11/22/2005,413,1,46,High School Diploma,Bulgarian,Japanese,Health Insurance,3356 Evergreen Street
414,Kory,Roast,Male,29,kroastbh@yellowpages.com,Switzerland,6005,Executive Secretary,Sales,Franc,4/20/2000,414,1,45,High School Diploma,Sanskrit,Choctaw,Paid Time Off,69 Cambridge Hill
415,Arlen,Padmore,Female,72,apadmorebi@alexa.com,Brazil,64178-000,Computer Systems Analyst I,Marketing,Real,3/12/2005,415,1,41,High School Diploma,Pushto,Tohono O'Odham,Paid Time Off,45652 Maple Wood Way
416,Jewelle,Firebrace,Female,49,jfirebracebj@hc360.com,Turkmenistan,,Payment Adjustment Coordinator,Services,Manat,5/7/2017,416,1,15,Master's Degree,Kannada,Polynesian,Health Insurance,40866 Hauk Center
417,Goldia,Clericoates,Female,55,gclericoatesbk@cdc.gov,China,,Research Assistant I,Sales,Yuan Renminbi,1/29/2000,417,5,33,PhD,Abkhazian,Costa Rican,Health Insurance,1075 Steensland Lane
418,Elfie,Wrighton,Female,36,ewrightonbl@slideshare.net,Russia,422549,Mechanical Systems Engineer,Accounting,Ruble,8/20/2012,418,3,45,Master's Degree,Luba-Katanga,Colombian,Health Insurance,91 Katie Crossing
419,Marsh,Jennaroy,Male,62,mjennaroybm@issuu.com,China,,Assistant Professor,Product Management,Yuan Renminbi,5/12/2019,419,2,22,High School Diploma,Venda,Crow,Health Insurance,79 Elgar Junction
420,Gustaf,Kunisch,Male,24,gkunischbn@tumblr.com,Sweden,162 87,Office Assistant IV,Legal,Krona,5/3/2015,420,2,40,Bachelor's Degree,Kirghiz,Dominican (Dominican Republic),Retirement Plan,8934 Ludington Court
421,Guillema,Giggie,Female,66,ggiggiebo@youtu.be,Portugal,4820-781,Business Systems Development Analyst,Research and Development,Euro,1/1/2018,421,5,8,High School Diploma,Kalaallisut,Native Hawaiian,Paid Time Off,932 Nova Alley
422,Ardeen,Teligin,Female,60,ateliginbp@cdc.gov,Poland,26-510,VP Accounting,Services,Zloty,11/16/2005,422,3,43,Master's Degree,Azerbaijani,Japanese,Health Insurance,714 Shelley Road
423,Franny,Severwright,Female,48,fseverwrightbq@cnn.com,Brazil,37120-000,Tax Accountant,Accounting,Real,1/22/2015,423,5,36,PhD,Ido,Micronesian,Health Insurance,32 Swallow Park
424,Cathlene,Cranage,Female,18,ccranagebr@thetimes.co.uk,Indonesia,,GIS Technical Architect,Services,Rupiah,12/22/2009,424,1,22,High School Diploma,Polish,Sioux,Paid Time Off,4475 Bluejay Crossing
425,Gale,Goncaves,Female,27,ggoncavesbs@smugmug.com,Vietnam,,Design Engineer,Training,Dong,7/3/2002,425,2,27,Master's Degree,Albanian,Laotian,Health Insurance,1 Evergreen Avenue
426,Corine,Marages,Female,51,cmaragesbt@histats.com,Peru,,Actuary,Engineering,Sol,9/14/2016,426,3,44,High School Diploma,German,Asian,Retirement Plan,888 Anhalt Place
427,Hamnet,Killick,Male,66,hkillickbu@ucoz.com,Mongolia,,Electrical Engineer,Human Resources,Tugrik,8/8/2019,427,5,14,High School Diploma,Hungarian,Black or African American,Paid Time Off,9553 Coolidge Lane
428,Elvis,Phateplace,Male,68,ephateplacebv@zimbio.com,Kosovo,,Director of Sales,Engineering,Euro,4/18/2016,428,5,29,PhD,Albanian,Pima,Paid Time Off,4 Fisk Court
429,Somerset,Kopmann,Genderfluid,39,skopmannbw@google.pl,Indonesia,,Staff Scientist,Training,Rupiah,3/9/2011,429,2,49,Bachelor's Degree,Tajik,Pakistani,Retirement Plan,81319 Hoffman Lane
430,Ennis,Jolin,Male,38,ejolinbx@mit.edu,United States,55417,Associate Professor,Product Management,Dollar,1/17/2012,430,1,8,High School Diploma,Northern Sami,Asian Indian,Health Insurance,1888 Buena Vista Junction
431,Jarrad,Barney,Male,33,jbarneyby@creativecommons.org,Afghanistan,,Research Nurse,Marketing,Afghani,1/7/2006,431,1,14,Bachelor's Degree,Thai,Osage,Retirement Plan,6 Fuller Trail
432,Irina,Yablsley,Female,29,iyablsleybz@bloglovin.com,China,,Legal Assistant,Marketing,Yuan Renminbi,5/17/2008,432,1,10,High School Diploma,Avestan,Ecuadorian,Paid Time Off,90 Northridge Crossing
433,Preston,Squeers,Male,66,psqueersc0@fema.gov,Indonesia,,General Manager,Accounting,Rupiah,2/4/2020,433,1,3,PhD,Tonga (Tonga Islands),Cree,Health Insurance,04682 Elmside Center
434,Vida,Carlill,Bigender,57,vcarlillc1@prnewswire.com,China,,Nurse,Sales,Yuan Renminbi,8/29/2001,434,3,25,High School Diploma,Swahili,Lumbee,Retirement Plan,31 Monterey Terrace
435,Murray,Sheach,Male,67,msheachc2@engadget.com,Japan,979-1504,Actuary,Legal,Yen,8/10/2011,435,2,25,PhD,Galician,Costa Rican,Health Insurance,9 Golf View Hill
436,Leola,Stit,Female,35,lstitc3@acquirethisname.com,China,,Human Resources Manager,Research and Development,Yuan Renminbi,3/18/2021,436,2,41,Master's Degree,Catalan,Eskimo,Health Insurance,02599 Riverside Alley
437,Ruby,Trinke,Male,52,rtrinkec4@census.gov,Thailand,20110,Account Executive,Sales,Baht,11/10/2001,437,5,25,High School Diploma,Bengali,Chinese,Paid Time Off,88 Warbler Park
438,Abramo,Smallcombe,Male,55,asmallcombec5@lulu.com,Argentina,5413,Environmental Tech,Sales,Peso,9/28/2002,438,5,49,Bachelor's Degree,Amharic,Polynesian,Retirement Plan,6387 Dixon Road
439,Robyn,Yakob,Female,21,ryakobc6@google.co.jp,Philippines,3710,Staff Scientist,Sales,Peso,8/29/2003,439,2,16,Master's Degree,Kuanyama,Chickasaw,Retirement Plan,254 6th Circle
440,Cullen,Freckelton,Male,39,cfreckeltonc7@opensource.org,Portugal,2140-215,Account Executive,Research and Development,Euro,8/8/2014,440,5,14,High School Diploma,Catalan,Korean,Retirement Plan,606 International Trail
441,Ali,Duplain,Male,58,aduplainc8@digg.com,Russia,632514,Accounting Assistant I,Support,Ruble,10/23/2010,441,4,4,High School Diploma,Aymara,Malaysian,Retirement Plan,81607 Homewood Road
442,Pieter,Menicomb,Male,39,pmenicombc9@joomla.org,Indonesia,,Dental Hygienist,Research and Development,Rupiah,8/9/2020,442,1,28,Master's Degree,Serbian,Salvadoran,Health Insurance,4 Kipling Crossing
443,Guendolen,Hallatt,Female,27,ghallattca@eepurl.com,Indonesia,,Safety Technician II,Product Management,Rupiah,9/30/2019,443,3,45,High School Diploma,"Bokmål, Norwegian",Colombian,Retirement Plan,269 Buhler Plaza
444,Buiron,McCloud,Male,52,bmccloudcb@state.tx.us,Czech Republic,387 11,Design Engineer,Research and Development,Koruna,4/2/2006,444,4,50,High School Diploma,Aragonese,Taiwanese,Retirement Plan,3 Muir Point
445,Gregoor,Moat,Male,31,gmoatcc@miibeian.gov.cn,Indonesia,,Analog Circuit Design manager,Accounting,Rupiah,9/6/2004,445,4,45,PhD,Dzongkha,Uruguayan,Paid Time Off,94497 Bartelt Alley
446,Rolland,Farriar,Male,60,rfarriarcd@creativecommons.org,Indonesia,,VP Marketing,Training,Rupiah,7/19/2019,446,1,42,Bachelor's Degree,Bengali,Cherokee,Retirement Plan,274 Bultman Place
447,Jodie,Bugler,Female,82,jbuglerce@cisco.com,China,,Senior Cost Accountant,Legal,Yuan Renminbi,9/23/2010,447,2,41,PhD,Divehi,Eskimo,Paid Time Off,9315 Mandrake Way
448,Miof mela,Wynne,Female,20,mwynnecf@blogtalkradio.com,France,73031 CEDEX,Professor,Business Development,Euro,9/14/2001,448,4,39,Bachelor's Degree,Kuanyama,Potawatomi,Retirement Plan,01238 Ronald Regan Avenue
449,Beck,Cool,Male,60,bcoolcg@irs.gov,Nigeria,,VP Accounting,Business Development,Naira,9/19/2011,449,5,15,High School Diploma,Bashkir,Chickasaw,Paid Time Off,44 Rusk Court
450,Genny,Sellack,Female,78,gsellackch@4shared.com,Poland,36-100,VP Marketing,Research and Development,Zloty,11/30/2002,450,5,6,Bachelor's Degree,Assamese,Spaniard,Paid Time Off,9 Summer Ridge Parkway
451,Mead,Furlong,Female,81,mfurlongci@nature.com,China,,Nurse,Research and Development,Yuan Renminbi,5/29/2015,451,3,6,High School Diploma,Kalaallisut,Puget Sound Salish,Retirement Plan,0380 Leroy Pass
452,Pierrette,Mountfort,Female,65,pmountfortcj@japanpost.jp,Greece,,Assistant Manager,Engineering,Euro,10/27/2022,452,3,2,High School Diploma,Finnish,Cambodian,Paid Time Off,29 Bunker Hill Road
453,Laughton,Gostridge,Male,69,lgostridgeck@so-net.ne.jp,China,,Budget/Accounting Analyst I,Engineering,Yuan Renminbi,10/3/2013,453,4,14,High School Diploma,Bosnian,Peruvian,Retirement Plan,56 Dovetail Park
454,Cris,Triplet,Polygender,77,ctripletcl@seattletimes.com,France,06306 CEDEX 4,Sales Associate,Sales,Euro,6/12/2019,454,2,34,Bachelor's Degree,Inupiaq,Paiute,Retirement Plan,2 Toban Avenue
455,Giuditta,Franssen,Genderqueer,53,gfranssencm@prlog.org,Vietnam,,Environmental Tech,Marketing,Dong,4/8/2015,455,1,26,Master's Degree,Sanskrit,Pakistani,Health Insurance,132 Lakewood Gardens Plaza
456,Sancho,Limbourne,Male,52,slimbournecn@miibeian.gov.cn,Russia,363121,Budget/Accounting Analyst III,Engineering,Ruble,12/10/2018,456,3,22,High School Diploma,Serbian,Malaysian,Paid Time Off,8352 Summit Plaza
457,Amara,Point,Female,63,apointco@constantcontact.com,Iraq,,Mechanical Systems Engineer,Business Development,Dinar,4/19/2000,457,1,36,Master's Degree,Lao,Paraguayan,Paid Time Off,7855 Farragut Circle
458,Wat,Bridson,Male,68,wbridsoncp@imageshack.us,China,,Paralegal,Research and Development,Yuan Renminbi,4/5/2013,458,5,12,PhD,Urdu,Chinese,Paid Time Off,030 Anthes Hill
459,Wilden,Groll,Non-binary,43,wgrollcq@de.vu,Czech Republic,763 11,Help Desk Technician,Legal,Koruna,4/9/2012,459,5,4,PhD,Turkmen,Venezuelan,Retirement Plan,63 Roth Junction
460,Ansley,Rentilll,Female,56,arentilllcr@friendfeed.com,Indonesia,,Safety Technician II,Business Development,Rupiah,7/5/2004,460,5,10,Bachelor's Degree,Samoan,Ute,Health Insurance,51 Nobel Lane
461,Leesa,Drane,Bigender,27,ldranecs@java.com,Pakistan,30001,Operator,Marketing,Rupee,12/28/2010,461,1,28,Master's Degree,Gaelic,Salvadoran,Retirement Plan,1 Rowland Hill
462,Ivor,Valentelli,Male,49,ivalentellict@posterous.com,Sweden,461 70,Health Coach IV,Accounting,Krona,2/12/2000,462,5,16,High School Diploma,Afar,Ecuadorian,Retirement Plan,2645 Ronald Regan Pass
463,Catlin,Leathem,Female,66,cleathemcu@amazon.com,Indonesia,,Research Assistant III,Human Resources,Rupiah,5/11/2003,463,3,44,Bachelor's Degree,Dutch,Houma,Retirement Plan,04038 Steensland Plaza
464,Delcina,Vigours,Female,84,dvigourscv@cdbaby.com,Dominican Republic,11906,Editor,Training,Peso,2/1/2022,464,1,5,Bachelor's Degree,Malayalam,Filipino,Health Insurance,65830 Debs Junction
465,Vito,Langdridge,Male,84,vlangdridgecw@wikia.com,Honduras,,Software Consultant,Marketing,Lempira,6/5/2011,465,5,32,PhD,Serbian,Korean,Paid Time Off,866 Steensland Center
466,Broderick,Druhan,Male,78,bdruhancx@ameblo.jp,Indonesia,,Assistant Professor,Engineering,Rupiah,8/27/2007,466,3,50,Master's Degree,Lao,Navajo,Retirement Plan,72 Center Way
467,Haleigh,Delea,Male,27,hdeleacy@bigcartel.com,Russia,453259,Internal Auditor,Legal,Ruble,10/23/2012,467,2,12,PhD,Cornish,Apache,Health Insurance,27 Merrick Terrace
468,Artemas,Wolfit,Male,59,awolfitcz@samsung.com,Egypt,,Media Manager II,Sales,Pound,6/24/2005,468,3,19,Master's Degree,Malay,Bangladeshi,Retirement Plan,1649 Lerdahl Drive
469,Karoly,Chessill,Male,34,kchessilld0@technorati.com,Russia,659555,Internal Auditor,Support,Ruble,10/4/2013,469,2,42,Bachelor's Degree,Kannada,Alaskan Athabascan,Paid Time Off,14 Cardinal Trail
470,Janaya,Heberden,Polygender,50,jheberdend1@plala.or.jp,China,,Librarian,Services,Yuan Renminbi,9/26/2015,470,4,7,Bachelor's Degree,Amharic,Potawatomi,Paid Time Off,3183 Dayton Drive
471,Crawford,Micka,Male,52,cmickad2@cbsnews.com,Nigeria,,Librarian,Human Resources,Naira,9/23/2003,471,3,50,High School Diploma,Vietnamese,Argentinian,Paid Time Off,998 Coleman Trail
472,Giselle,Janczyk,Female,31,gjanczykd3@pbs.org,Colombia,254008,Environmental Specialist,Human Resources,Peso,8/30/2008,472,2,37,PhD,German,Yuman,Paid Time Off,79 Anthes Crossing
473,Allie,Medendorp,Female,83,amedendorpd4@ted.com,Yemen,,Environmental Specialist,Sales,Rial,5/3/2006,473,2,0,Bachelor's Degree,Burmese,Cherokee,Retirement Plan,3 Harbort Lane
474,Gerome,Haggarth,Male,31,ghaggarthd5@yolasite.com,Cameroon,,Safety Technician I,Services,Franc,1/5/2006,474,1,21,Bachelor's Degree,Telugu,Guamanian,Retirement Plan,93186 Fuller Parkway
475,Edgardo,Janew,Male,18,ejanewd6@github.com,China,,Analog Circuit Design manager,Product Management,Yuan Renminbi,10/22/2001,475,4,29,PhD,Ganda,Comanche,Retirement Plan,26 Division Junction
476,Fields,Bugdell,Male,20,fbugdelld7@state.tx.us,China,,Environmental Specialist,Sales,Yuan Renminbi,8/27/2020,476,4,12,PhD,Turkmen,Iroquois,Retirement Plan,6 Bobwhite Alley
477,Halsey,McVitie,Agender,48,hmcvitied8@google.pl,Czech Republic,417 41,VP Marketing,Sales,Koruna,4/5/2016,477,2,10,Master's Degree,Esperanto,Yaqui,Health Insurance,06286 Warner Plaza
478,Rodie,Feldman,Female,24,rfeldmand9@hao123.com,Sweden,961 73,Environmental Tech,Sales,Krona,4/16/2017,478,5,36,High School Diploma,Fulah,Indonesian,Health Insurance,8454 Bayside Parkway
479,Christine,Belleny,Female,64,cbellenyda@printfriendly.com,Poland,26-070,Occupational Therapist,Business Development,Zloty,11/14/2021,479,3,25,PhD,Hiri Motu,Uruguayan,Health Insurance,2 Brickson Park Center
480,Tulley,Cowlishaw,Male,58,tcowlishawdb@msn.com,France,13617 CEDEX 1,Tax Accountant,Sales,Euro,11/2/2001,480,2,18,High School Diploma,Lao,Peruvian,Retirement Plan,40 Gulseth Place
481,Dorine,Sowerbutts,Female,73,dsowerbuttsdc@domainmarket.com,Honduras,,Research Nurse,Legal,Lempira,4/1/2011,481,2,21,High School Diploma,Manx,Yakama,Paid Time Off,054 Erie Drive
482,Bianka,Randal,Female,39,brandaldd@abc.net.au,Indonesia,,Account Coordinator,Support,Rupiah,4/21/2006,482,1,41,Master's Degree,Yoruba,Thai,Paid Time Off,13 Elgar Center
483,Justina,Bartrap,Female,41,jbartrapde@wikispaces.com,Poland,77-330,GIS Technical Architect,Product Management,Zloty,8/9/2022,483,4,49,High School Diploma,Ojibwa,Navajo,Health Insurance,3859 Golf Course Street
484,Kay,Yaneev,Genderfluid,47,kyaneevdf@sogou.com,Uganda,,VP Marketing,Sales,Shilling,9/25/2017,484,1,17,High School Diploma,Portuguese,Nicaraguan,Paid Time Off,9196 Vera Street
485,Ewart,Gosnall,Male,33,egosnalldg@hc360.com,Macedonia,2431,Staff Scientist,Engineering,Denar,3/3/2016,485,4,4,PhD,Spanish,Chinese,Health Insurance,97 Melby Terrace
486,Anett,Dunge,Female,67,adungedh@disqus.com,Czech Republic,696 47,Analyst Programmer,Human Resources,Koruna,3/21/2010,486,3,12,PhD,Croatian,Dominican (Dominican Republic),Paid Time Off,40 Springview Road
487,Caspar,Walch,Male,34,cwalchdi@jiathis.com,China,,Research Assistant II,Training,Yuan Renminbi,12/25/2021,487,5,41,Master's Degree,Croatian,Alaska Native,Retirement Plan,07 Heffernan Point
488,Carleton,Larcher,Male,61,clarcherdj@yellowbook.com,China,,GIS Technical Architect,Research and Development,Yuan Renminbi,11/19/2003,488,4,42,High School Diploma,Turkish,Honduran,Retirement Plan,6 Farragut Park
489,Garvy,Boyfield,Male,81,gboyfielddk@hexun.com,El Salvador,,Office Assistant I,Training,Dollar,8/7/2019,489,4,50,PhD,Sindhi,Puget Sound Salish,Retirement Plan,0 Thompson Pass
490,Corney,Armal,Male,43,carmaldl@netvibes.com,China,,Teacher,Marketing,Yuan Renminbi,12/12/2021,490,2,50,PhD,Portuguese,Venezuelan,Paid Time Off,62788 Mccormick Road
491,Cori,Langridge,Female,24,clangridgedm@mediafire.com,China,,Office Assistant III,Training,Yuan Renminbi,4/15/2010,491,5,47,Master's Degree,Yoruba,Potawatomi,Retirement Plan,814 Express Drive
492,Ruggiero,Simchenko,Male,21,rsimchenkodn@state.tx.us,China,,Help Desk Technician,Training,Yuan Renminbi,8/19/2006,492,3,42,High School Diploma,Latvian,Spaniard,Health Insurance,124 Fieldstone Circle
493,Emlynn,McLennan,Female,54,emclennando@mashable.com,Cameroon,,Legal Assistant,Accounting,Franc,4/7/2021,493,2,12,Master's Degree,Lingala,American Indian and Alaska Native (AIAN),Health Insurance,02 Dawn Drive
494,Kenneth,Howsego,Male,82,khowsegodp@fastcompany.com,Philippines,1664,Quality Engineer,Legal,Peso,8/30/2015,494,1,9,Bachelor's Degree,French,Yaqui,Retirement Plan,26 Elgar Circle
495,Evangelia,Matyas,Female,28,ematyasdq@nhs.uk,Greece,,Safety Technician I,Accounting,Euro,11/11/2021,495,3,12,Bachelor's Degree,Dzongkha,Tongan,Retirement Plan,0597 Riverside Pass
496,Olivia,Battabee,Female,32,obattabeedr@businessinsider.com,Greece,,Chief Design Engineer,Training,Euro,1/23/2016,496,4,18,PhD,Yiddish,Chamorro,Paid Time Off,48599 Forest Run Junction
497,Rossy,Bosence,Male,83,rbosenceds@facebook.com,China,,Web Designer II,Marketing,Yuan Renminbi,1/2/2000,497,3,42,PhD,Zhuang,Colville,Paid Time Off,033 Graceland Way
498,Nollie,McDonagh,Male,61,nmcdonaghdt@taobao.com,Philippines,4216,Administrative Officer,Business Development,Peso,6/7/2004,498,2,9,Bachelor's Degree,Serbian,Alaska Native,Retirement Plan,0 Morning Circle
499,Carver,Tumayan,Male,60,ctumayandu@noaa.gov,Mexico,30853,Administrative Assistant II,Support,Peso,2/27/2004,499,2,9,Bachelor's Degree,Burmese,Puerto Rican,Paid Time Off,19 Burning Wood Road
500,Marieann,Dearell,Female,40,mdearelldv@java.com,Indonesia,,Systems Administrator III,Legal,Rupiah,11/16/2000,500,2,18,PhD,Thai,Native Hawaiian and Other Pacific Islander (NHPI),Retirement Plan,8325 Harbort Street
501,Misha,Phillott,Female,49,mphillottdw@freewebs.com,United States,90094,Research Associate,Human Resources,Dollar,11/29/2008,501,2,42,PhD,Pali,Ottawa,Retirement Plan,9780 Victoria Junction
502,Diarmid,Rate,Male,75,dratedx@geocities.com,China,,Professor,Support,Yuan Renminbi,4/15/2021,502,1,12,Master's Degree,Afar,Pakistani,Retirement Plan,44 Browning Drive
503,Abbie,Brosio,Female,68,abrosiody@java.com,Netherlands,4334,Assistant Manager,Legal,Euro,2/9/2004,503,2,50,Bachelor's Degree,Tamil,Mexican,Paid Time Off,72 School Crossing
504,Allene,Jeanes,Genderqueer,52,ajeanesdz@sohu.com,Peru,,Chemical Engineer,Support,Sol,1/9/2001,504,4,39,Bachelor's Degree,Divehi,Fijian,Paid Time Off,84186 Lyons Point
505,Trenna,Fieller,Female,85,tfiellere0@1688.com,Yemen,,Physical Therapy Assistant,Training,Rial,12/13/2004,505,2,40,High School Diploma,Tatar,Cheyenne,Health Insurance,3 Cottonwood Circle
506,Corrinne,Marriot,Female,21,cmarriote1@springer.com,Turkmenistan,,Environmental Tech,Marketing,Manat,11/12/2011,506,5,17,Master's Degree,Breton,Paiute,Retirement Plan,69 Crownhardt Point
507,Bellina,Rawes,Female,21,brawese2@mail.ru,Uruguay,,Nuclear Power Engineer,Sales,Peso,4/25/2018,507,5,24,Master's Degree,Kikuyu,Puerto Rican,Health Insurance,12 Monica Terrace
508,Reine,Border,Polygender,64,rbordere3@dedecms.com,Sweden,273 30,Project Manager,Sales,Krona,3/25/2009,508,1,32,High School Diploma,Turkmen,Aleut,Health Insurance,01540 Anthes Alley
509,Seumas,Jimmison,Male,66,sjimmisone4@go.com,China,,Computer Systems Analyst IV,Engineering,Yuan Renminbi,1/17/2013,509,3,49,Master's Degree,Dzongkha,Menominee,Paid Time Off,55800 Comanche Junction
510,Jerry,Lawley,Male,32,jlawleye5@i2i.jp,Poland,43-523,Sales Associate,Legal,Zloty,4/22/2010,510,2,39,High School Diploma,Nepali,Polynesian,Health Insurance,2 Shoshone Circle
511,Cori,Ditchett,Male,25,cditchette6@twitpic.com,Russia,346530,Chief Design Engineer,Accounting,Ruble,9/25/2014,511,2,49,PhD,Sundanese,Black or African American,Retirement Plan,91373 Pine View Avenue
512,Alford,Heinel,Male,48,aheinele7@google.com.hk,Brazil,42800-000,Research Assistant I,Services,Real,4/25/2013,512,4,1,Master's Degree,Romanian,Native Hawaiian and Other Pacific Islander (NHPI),Retirement Plan,513 Portage Parkway
513,Nicolais,Quinet,Male,64,nquinete8@cnbc.com,New Caledonia,98850,Human Resources Assistant II,Support,Franc,11/24/2000,513,3,33,PhD,Sardinian,Samoan,Retirement Plan,5 Old Shore Circle
514,Josiah,Baildon,Male,70,jbaildone9@amazon.co.jp,Norway,1513,Design Engineer,Training,Krone,8/4/2004,514,3,50,PhD,Ukrainian,Asian,Paid Time Off,1037 Eggendart Place
515,Vonny,Presshaugh,Female,22,vpresshaughea@archive.org,France,94019 CEDEX,Human Resources Manager,Accounting,Euro,12/29/2020,515,3,8,PhD,Romanian,Bangladeshi,Health Insurance,88 Brown Street
516,Lyndell,Dailey,Female,56,ldaileyeb@oakley.com,China,,Administrative Officer,Research and Development,Yuan Renminbi,4/6/2020,516,4,20,Master's Degree,Quechua,Blackfeet,Health Insurance,3 Blackbird Court
517,Carmen,Brecknall,Female,70,cbrecknallec@irs.gov,Indonesia,,Occupational Therapist,Business Development,Rupiah,3/17/2022,517,3,27,Master's Degree,Ewe,Filipino,Health Insurance,262 Welch Street
518,Ramsay,Suttie,Male,28,rsuttieed@businesswire.com,Nigeria,,Budget/Accounting Analyst II,Accounting,Naira,11/18/2002,518,5,43,Master's Degree,Ido,Hmong,Paid Time Off,2 Eagle Crest Circle
519,Meredeth,Cathrae,Male,28,mcathraeee@guardian.co.uk,Iraq,,Analog Circuit Design manager,Human Resources,Dinar,9/9/2008,519,4,1,Master's Degree,Rundi,Hmong,Health Insurance,2 Boyd Court
520,Neill,O'Keaveny,Male,61,nokeavenyef@vkontakte.ru,Indonesia,,Data Coordinator,Accounting,Rupiah,3/12/2015,520,2,5,Master's Degree,Czech,Bangladeshi,Health Insurance,18286 Lukken Park
521,Ruperta,Seavers,Female,44,rseaverseg@geocities.jp,Russia,397920,Systems Administrator III,Legal,Ruble,8/29/2001,521,5,26,PhD,Tahitian,Micronesian,Paid Time Off,5276 Hovde Court
522,Selena,Eldrett,Female,25,seldretteh@shareasale.com,Indonesia,,Mechanical Systems Engineer,Marketing,Rupiah,10/20/2013,522,3,28,Master's Degree,Malay,Mexican,Health Insurance,94 Main Street
523,Brice,Doudney,Male,64,bdoudneyei@sciencedaily.com,China,,Product Engineer,Legal,Yuan Renminbi,11/8/2011,523,5,17,High School Diploma,Japanese,American Indian and Alaska Native (AIAN),Health Insurance,6 Stephen Point
524,Nanni,Coldbreath,Female,32,ncoldbreathej@wunderground.com,Slovenia,5297,Administrative Officer,Sales,Euro,9/18/2009,524,2,49,PhD,Lingala,Apache,Retirement Plan,76 Village Drive
525,Gabrila,Ellaway,Female,74,gellawayek@admin.ch,Brazil,26500-000,VP Accounting,Training,Real,3/9/2001,525,1,0,PhD,Georgian,Cuban,Paid Time Off,40 Scoville Junction
526,Levey,Luxton,Agender,73,lluxtonel@discuz.net,Bosnia and Herzegovina,,Nurse Practicioner,Sales,Marka,6/11/2020,526,2,19,Master's Degree,"Bokmål, Norwegian",Colville,Paid Time Off,886 Stephen Point
527,Fidel,Lefever,Genderqueer,42,flefeverem@reuters.com,Japan,811-3522,Marketing Assistant,Accounting,Yen,8/13/2007,527,2,47,High School Diploma,Esperanto,Samoan,Health Insurance,98586 La Follette Crossing
528,Randene,Grimes,Female,84,rgrimesen@live.com,Russia,412184,Web Designer IV,Human Resources,Ruble,7/8/2013,528,2,2,Bachelor's Degree,Vietnamese,Blackfeet,Retirement Plan,22 Pine View Road
529,Jereme,Clifforth,Male,85,jcliffortheo@ed.gov,Brazil,28570-000,Operator,Human Resources,Real,7/14/2013,529,3,45,Bachelor's Degree,Shona,Bangladeshi,Health Insurance,766 Lien Drive
530,Salaidh,Hunsworth,Female,22,shunsworthep@china.com.cn,Russia,162550,Mechanical Systems Engineer,Legal,Ruble,6/15/2003,530,5,19,Bachelor's Degree,Finnish,Tongan,Health Insurance,13 Lakeland Crossing
531,Allyce,Sanchis,Genderfluid,72,asanchiseq@yandex.ru,Poland,09-135,Assistant Professor,Accounting,Zloty,6/6/2012,531,2,0,Bachelor's Degree,French,American Indian and Alaska Native (AIAN),Health Insurance,3403 Muir Alley
532,Baird,Linney,Male,85,blinneyer@whitehouse.gov,China,,Geological Engineer,Services,Yuan Renminbi,6/18/2004,532,4,23,High School Diploma,Ossetian,Osage,Retirement Plan,65 Texas Point
533,Waite,Dobbing,Male,45,wdobbinges@huffingtonpost.com,Russia,352547,Nurse,Legal,Ruble,1/28/2000,533,3,21,PhD,Bambara,Hmong,Paid Time Off,49 Glendale Avenue
534,Garwood,Rooksby,Male,21,grooksbyet@omniture.com,China,,Account Representative III,Human Resources,Yuan Renminbi,2/14/2021,534,1,46,Master's Degree,Sinhala,Laotian,Health Insurance,172 Sloan Lane
535,Perceval,Whitter,Male,40,pwhittereu@smh.com.au,Czech Republic,671 38,Internal Auditor,Services,Koruna,7/6/2016,535,2,19,PhD,Interlingua (International Auxiliary Language Association),Dominican (Dominican Republic),Paid Time Off,46 Shoshone Center
536,Oneida,Fright,Female,49,ofrightev@reuters.com,Macedonia,1040,Senior Developer,Legal,Denar,11/29/2021,536,1,11,Bachelor's Degree,Faroese,Osage,Paid Time Off,22316 Golf View Road
537,Kylila,Birmingham,Female,59,kbirminghamew@unesco.org,Poland,42-625,Product Engineer,Accounting,Zloty,11/21/2003,537,5,32,PhD,Finnish,Venezuelan,Retirement Plan,077 Bluestem Avenue
538,Abbye,Ivanshintsev,Female,35,aivanshintsevex@edublogs.org,Kazakhstan,,Quality Engineer,Training,Tenge,3/2/2015,538,4,3,Master's Degree,Latin,Sioux,Health Insurance,95781 Dayton Street
539,Valaree,Griffin,Female,33,vgriffiney@upenn.edu,China,,Senior Sales Associate,Sales,Yuan Renminbi,6/19/2007,539,4,14,High School Diploma,"Ndebele, North",Vietnamese,Retirement Plan,194 Cherokee Way
540,Junina,Jiran,Female,59,jjiranez@discovery.com,Togo,,Research Associate,Business Development,Franc,1/28/2011,540,2,22,PhD,Sango,Central American,Paid Time Off,1079 Butternut Court
541,Jennica,Keats,Female,20,jkeatsf0@dot.gov,Poland,42-293,Software Consultant,Legal,Zloty,8/18/2022,541,4,29,PhD,"Bokmål, Norwegian",Fijian,Retirement Plan,9402 Steensland Trail
542,Leslie,Cawston,Male,85,lcawstonf1@newyorker.com,Ireland,R35,Nuclear Power Engineer,Sales,Euro,3/23/2022,542,5,8,High School Diploma,Church Slavic,Chamorro,Retirement Plan,953 Burrows Trail
543,Phaedra,Marshal,Female,79,pmarshalf2@deliciousdays.com,China,,Internal Auditor,Legal,Yuan Renminbi,10/13/2011,543,3,31,PhD,Spanish,Seminole,Paid Time Off,76 Old Shore Place
544,Anitra,Lemanu,Female,40,alemanuf3@dmoz.org,Western Sahara,,Account Coordinator,Legal,Dirham,9/22/2011,544,1,25,Bachelor's Degree,Tagalog,Cuban,Paid Time Off,70 Judy Junction
545,Renado,Mynott,Male,79,rmynottf4@aol.com,Philippines,5043,Quality Control Specialist,Sales,Peso,7/10/2022,545,1,36,Bachelor's Degree,Tsonga,Chippewa,Retirement Plan,13644 Dottie Lane
546,Shane,Busen,Male,34,sbusenf5@weather.com,Poland,58-564,Librarian,Product Management,Zloty,5/2/2021,546,3,11,Master's Degree,Italian,Cuban,Retirement Plan,626 Novick Road
547,Ben,Marton,Male,63,bmartonf6@tripod.com,Indonesia,,VP Quality Control,Training,Rupiah,7/3/2002,547,2,14,Master's Degree,Korean,Cambodian,Retirement Plan,33 Division Alley
548,Shell,Oppie,Female,45,soppief7@so-net.ne.jp,Brazil,12200-000,Environmental Tech,Accounting,Real,11/30/2006,548,3,0,PhD,Serbian,Seminole,Paid Time Off,607 Dakota Street
549,Trace,Moulding,Male,40,tmouldingf8@flavors.me,Central African Republic,,Business Systems Development Analyst,Training,Franc,7/1/2002,549,1,11,Master's Degree,Xhosa,Fijian,Paid Time Off,8398 Norway Maple Terrace
550,Nickey,Newsham,Male,46,nnewshamf9@blog.com,Guatemala,22009,Data Coordinator,Support,Quetzal,5/23/2004,550,5,41,PhD,Malay,Polynesian,Health Insurance,51 Continental Park
551,Sadie,Blaver,Genderfluid,75,sblaverfa@home.pl,Slovenia,8330,Financial Analyst,Business Development,Euro,3/21/2012,551,3,14,Master's Degree,Limburgan,Apache,Health Insurance,8 Crescent Oaks Junction
552,Northrup,Jager,Male,38,njagerfb@domainmarket.com,Russia,141340,Research Associate,Research and Development,Ruble,6/23/2005,552,5,29,Master's Degree,Spanish,Cherokee,Paid Time Off,20212 Bayside Road
553,Meryl,MacAndreis,Female,73,mmacandreisfc@google.ca,Indonesia,,Computer Systems Analyst II,Legal,Rupiah,11/21/2013,553,1,23,Bachelor's Degree,Tibetan,Vietnamese,Retirement Plan,322 Tennyson Trail
554,Adrian,Harower,Female,32,aharowerfd@naver.com,Norway,4069,Structural Engineer,Legal,Krone,12/11/2014,554,5,49,High School Diploma,Afrikaans,Alaskan Athabascan,Paid Time Off,46 Northland Center
555,Gratia,Jestico,Female,82,gjesticofe@elpais.com,Luxembourg,L-3377,Product Engineer,Human Resources,Euro,10/6/2011,555,4,27,Master's Degree,Malayalam,Chickasaw,Paid Time Off,364 Westend Street
556,Renaud,McCumesky,Male,28,rmccumeskyff@cbc.ca,Colombia,524078,Programmer Analyst I,Sales,Peso,8/8/2022,556,5,43,Bachelor's Degree,Swati,Costa Rican,Health Insurance,5618 Pond Park
557,Cristine,Gully,Female,33,cgullyfg@apache.org,China,,Recruiter,Accounting,Yuan Renminbi,10/23/2003,557,1,49,Bachelor's Degree,Romanian,Osage,Health Insurance,68 Darwin Alley
558,Emiline,Skelding,Female,82,eskeldingfh@state.gov,Czech Republic,788 20,Senior Developer,Sales,Koruna,5/21/2001,558,1,8,Bachelor's Degree,Dzongkha,Chilean,Retirement Plan,069 Londonderry Avenue
559,Inger,Mulmuray,Female,31,imulmurayfi@yolasite.com,Kazakhstan,,Sales Representative,Support,Tenge,4/1/2007,559,5,35,Bachelor's Degree,Afar,Choctaw,Retirement Plan,15691 Autumn Leaf Court
560,Cicily,Arnould,Female,31,carnouldfj@theatlantic.com,Indonesia,,Quality Engineer,Research and Development,Rupiah,11/12/2002,560,1,32,Master's Degree,English,Latin American Indian,Retirement Plan,57437 Tennessee Hill
561,Massimo,Rapper,Male,69,mrapperfk@rakuten.co.jp,Russia,140732,Professor,Engineering,Ruble,9/1/2001,561,1,8,High School Diploma,Galician,Chamorro,Paid Time Off,1402 Daystar Circle
562,Farand,Flanner,Female,38,fflannerfl@yellowpages.com,Kyrgyzstan,,Physical Therapy Assistant,Accounting,Som,12/16/2006,562,1,7,Master's Degree,Faroese,Chippewa,Paid Time Off,00 Sunnyside Parkway
563,Connie,Proppers,Female,42,cproppersfm@trellian.com,Indonesia,,Nurse,Legal,Rupiah,12/17/2008,563,3,40,PhD,Urdu,Seminole,Retirement Plan,70 Bluestem Point
564,Iver,Bareham,Male,55,ibarehamfn@house.gov,Philippines,7008,Accounting Assistant II,Accounting,Peso,6/11/2013,564,1,15,Bachelor's Degree,Komi,Sri Lankan,Retirement Plan,3 Michigan Center
565,Cybill,Abrahart,Female,64,cabrahartfo@tumblr.com,Brazil,95720-000,Teacher,Legal,Real,7/16/2015,565,5,3,High School Diploma,Italian,Native Hawaiian,Health Insurance,3 Pawling Alley
566,Izzy,Corpe,Male,31,icorpefp@bbb.org,Colombia,707037,Registered Nurse,Sales,Peso,10/11/2012,566,3,42,High School Diploma,Icelandic,Vietnamese,Retirement Plan,47055 Sunfield Avenue
567,Ruprecht,Fontaine,Genderfluid,53,rfontainefq@virginia.edu,Finland,39930,Assistant Professor,Marketing,Euro,6/23/2021,567,2,45,Master's Degree,Romanian,Honduran,Retirement Plan,539 Delladonna Street
568,Pansy,Bonanno,Female,49,pbonannofr@meetup.com,China,,Cost Accountant,Training,Yuan Renminbi,10/5/2011,568,3,46,PhD,Avestan,Native Hawaiian and Other Pacific Islander (NHPI),Paid Time Off,0 Sutherland Place
569,Caren,Mebius,Genderqueer,73,cmebiusfs@samsung.com,Greece,,Registered Nurse,Accounting,Euro,11/15/2002,569,3,50,Bachelor's Degree,Interlingua (International Auxiliary Language Association),Creek,Health Insurance,84 Caliangt Junction
570,Kaiser,Papaminas,Male,55,kpapaminasft@wp.com,Sweden,813 27,Computer Systems Analyst II,Research and Development,Krona,2/23/2016,570,2,45,Bachelor's Degree,Chichewa,Delaware,Retirement Plan,14382 Miller Drive
571,Kippie,Girodin,Male,44,kgirodinfu@gov.uk,Iran,,GIS Technical Architect,Product Management,Rial,12/29/2008,571,2,50,High School Diploma,Komi,Polynesian,Health Insurance,0 Artisan Alley
572,Terry,Colbourn,Female,85,tcolbournfv@addthis.com,Brazil,35970-000,Teacher,Research and Development,Real,8/31/2009,572,3,26,Bachelor's Degree,Sinhala,Malaysian,Paid Time Off,969 Oriole Court
573,Maribel,Tieman,Female,68,mtiemanfw@eepurl.com,Armenia,,Desktop Support Technician,Support,Dram,6/5/2014,573,2,13,Bachelor's Degree,Romanian,Eskimo,Retirement Plan,416 Melody Court
574,Jourdan,Philcox,Female,18,jphilcoxfx@sakura.ne.jp,China,,Recruiting Manager,Product Management,Yuan Renminbi,4/17/2017,574,5,44,High School Diploma,Korean,Alaskan Athabascan,Health Insurance,3 Northwestern Center
575,Jessie,Pipes,Male,76,jpipesfy@bizjournals.com,Indonesia,,Web Developer III,Business Development,Rupiah,12/19/2000,575,3,32,Bachelor's Degree,Catalan,Salvadoran,Health Insurance,934 Clyde Gallagher Trail
576,Loralie,Beacroft,Female,55,lbeacroftfz@youku.com,Brazil,37440-000,Librarian,Accounting,Real,5/23/2002,576,1,4,High School Diploma,Venda,Cherokee,Health Insurance,51 Forest Place
577,Odey,Dowey,Male,30,odoweyg0@redcross.org,Indonesia,,Health Coach II,Product Management,Rupiah,7/4/2009,577,1,26,Bachelor's Degree,Haitian,Thai,Paid Time Off,64155 Menomonie Avenue
578,Gayle,Lohoar,Female,83,glohoarg1@sina.com.cn,Italy,25129,VP Accounting,Business Development,Euro,9/15/2015,578,3,36,Bachelor's Degree,Norwegian,South American,Retirement Plan,85 Melby Center
579,Chancey,Gowman,Male,28,cgowmang2@mozilla.com,Thailand,41230,Senior Quality Engineer,Accounting,Baht,8/3/2010,579,2,18,High School Diploma,Tamil,Sioux,Health Insurance,64 Elmside Court
580,Hadrian,Mecchi,Male,50,hmecchig3@netvibes.com,Latvia,,Geologist IV,Product Management,Euro,6/14/2022,580,2,49,PhD,Japanese,Ottawa,Retirement Plan,51 Clove Alley
581,Gage,Rizziello,Male,27,grizziellog4@scientificamerican.com,Bangladesh,4520,VP Accounting,Sales,Taka,2/26/2012,581,2,48,Bachelor's Degree,Kurdish,Ute,Paid Time Off,14 Rigney Place
582,Joaquin,Aumerle,Male,60,jaumerleg5@prweb.com,Argentina,2144,Developer IV,Product Management,Peso,7/6/2013,582,3,2,Bachelor's Degree,Corsican,Filipino,Health Insurance,8 Tennessee Court
583,Marji,West,Genderfluid,46,mwestg6@arstechnica.com,China,,Media Manager IV,Product Management,Yuan Renminbi,9/18/2001,583,2,33,High School Diploma,Luxembourgish,Latin American Indian,Health Insurance,74085 Nobel Court
584,Cesare,Kerman,Male,47,ckermang7@nifty.com,Sweden,923 24,Senior Developer,Research and Development,Krona,3/15/2016,584,3,20,PhD,Ido,Vietnamese,Health Insurance,629 Eastwood Junction
585,Kellie,Budding,Genderqueer,38,kbuddingg8@census.gov,Colombia,732068,Staff Accountant IV,Support,Peso,4/27/2005,585,1,24,High School Diploma,Panjabi,Sioux,Health Insurance,80411 Russell Lane
586,Vivi,Fogarty,Female,70,vfogartyg9@shinystat.com,Indonesia,,Physical Therapy Assistant,Legal,Rupiah,10/22/2001,586,3,21,PhD,Sardinian,Guamanian,Health Insurance,174 Walton Street
587,Boris,Kardos,Male,29,bkardosga@scribd.com,Russia,175040,Web Designer I,Business Development,Ruble,12/24/2003,587,1,41,High School Diploma,Shona,Peruvian,Retirement Plan,168 Warbler Road
588,Rufe,Fishbourne,Male,18,rfishbournegb@gnu.org,China,,Senior Developer,Human Resources,Yuan Renminbi,6/12/2010,588,5,31,Master's Degree,Tatar,Fijian,Health Insurance,4991 Bultman Parkway
589,Dominique,Kayes,Male,56,dkayesgc@sun.com,Indonesia,,Environmental Specialist,Business Development,Rupiah,4/16/2010,589,3,14,Master's Degree,German,Comanche,Health Insurance,54773 Oriole Drive
590,Mychal,Ruilton,Male,40,mruiltongd@wufoo.com,Syria,,Graphic Designer,Research and Development,Pound,11/5/2020,590,1,21,Bachelor's Degree,Nepali,Ecuadorian,Paid Time Off,127 Village Green Hill
591,Brnaba,Bowdrey,Male,31,bbowdreyge@dedecms.com,Poland,34-650,Computer Systems Analyst IV,Training,Zloty,4/21/2009,591,5,35,Bachelor's Degree,Pushto,Creek,Retirement Plan,64373 Texas Hill
592,Emilio,Hallex,Male,31,ehallexgf@go.com,Thailand,84120,Biostatistician IV,Services,Baht,6/7/2006,592,3,11,Master's Degree,Panjabi,Apache,Health Insurance,02501 Eagan Lane
593,Oliy,Tidcombe,Female,31,otidcombegg@bloglovin.com,Colombia,251257,Structural Analysis Engineer,Product Management,Peso,4/17/2008,593,5,49,Master's Degree,Japanese,Alaska Native,Health Insurance,9 Mendota Parkway
594,Bard,Brewood,Male,80,bbrewoodgh@discuz.net,South Africa,8570,Financial Advisor,Research and Development,Rand,9/25/2004,594,4,49,PhD,Volapük,Central American,Health Insurance,5108 Brentwood Point
595,Cassi,Shadrach,Female,57,cshadrachgi@cdc.gov,Mongolia,,Account Coordinator,Research and Development,Tugrik,12/21/2007,595,2,33,Master's Degree,Finnish,Filipino,Retirement Plan,54 Kings Park
596,Etti,Frain,Female,82,efraingj@disqus.com,Germany,12437,Engineer III,Services,Euro,5/5/2013,596,3,21,PhD,Panjabi,Bangladeshi,Paid Time Off,5164 Grover Hill
597,Sascha,Capeling,Male,72,scapelinggk@microsoft.com,Portugal,2950-438,Statistician IV,Research and Development,Euro,1/12/2022,597,4,19,PhD,Swahili,Central American,Health Insurance,45275 Coleman Lane
598,Letisha,Sugar,Female,37,lsugargl@nsw.gov.au,France,35914 CEDEX 9,Budget/Accounting Analyst IV,Training,Euro,10/6/2013,598,2,35,Master's Degree,Maori,Kiowa,Paid Time Off,8 Chinook Trail
599,Erv,Rubinovitch,Male,70,erubinovitchgm@bluehost.com,Bulgaria,6435,Actuary,Research and Development,Lev,9/14/2010,599,1,21,Master's Degree,Corsican,Tongan,Paid Time Off,896 Saint Paul Terrace
600,Carlyn,Fleeming,Female,21,cfleeminggn@free.fr,Sweden,801 84,Analyst Programmer,Support,Krona,7/27/2019,600,2,28,High School Diploma,Wolof,Seminole,Paid Time Off,969 Magdeline Lane
601,Jaquelin,Klamman,Female,43,jklammango@webmd.com,Greece,,Engineer II,Human Resources,Euro,10/20/2004,601,2,9,High School Diploma,Bashkir,Yaqui,Retirement Plan,28089 Dexter Drive
602,Brittany,Eathorne,Genderfluid,65,beathornegp@forbes.com,Colombia,735569,Human Resources Assistant I,Business Development,Peso,10/26/2011,602,5,40,Master's Degree,Sichuan Yi,Laotian,Retirement Plan,4282 Bowman Crossing
603,Wiley,Vooght,Male,27,wvooghtgq@columbia.edu,Poland,19-420,Community Outreach Specialist,Engineering,Zloty,9/28/2006,603,1,9,High School Diploma,Turkmen,Alaska Native,Paid Time Off,12305 Coleman Way
604,Collie,O' Finan,Female,85,cofinangr@wired.com,Tunisia,,Biostatistician I,Product Management,Dinar,11/5/2003,604,3,22,Bachelor's Degree,Tamil,Asian Indian,Health Insurance,831 High Crossing Avenue
605,Kevan,Giffaut,Male,38,kgiffautgs@so-net.ne.jp,Czech Republic,468 44,Technical Writer,Accounting,Koruna,8/29/2018,605,3,21,PhD,Avaric,Mexican,Health Insurance,78 West Court
606,Leonanie,Fahey,Female,65,lfaheygt@tumblr.com,Morocco,,Account Executive,Legal,Dirham,6/2/2018,606,2,15,PhD,Bulgarian,Pakistani,Health Insurance,46 Anthes Point
607,Jdavie,O'Crigan,Male,66,jocrigangu@abc.net.au,Venezuela,,Food Chemist,Legal,Bolivar,4/12/2014,607,2,40,Bachelor's Degree,Chamorro,Cree,Health Insurance,94141 Warrior Circle
608,Wilfred,McArte,Polygender,70,wmcartegv@plala.or.jp,Russia,171053,Analog Circuit Design manager,Support,Ruble,2/8/2022,608,5,26,High School Diploma,Romansh,Bangladeshi,Paid Time Off,1 Park Meadow Terrace
609,Oliviero,Di Napoli,Male,56,odinapoligw@fastcompany.com,Ukraine,,Payment Adjustment Coordinator,Legal,Hryvnia,10/17/2021,609,2,7,Bachelor's Degree,"Greek, Modern (1453-)",Bangladeshi,Paid Time Off,922 Lien Street
610,Jamesy,Lawry,Male,52,jlawrygx@zdnet.com,Ireland,D17,Assistant Professor,Training,Euro,9/6/2010,610,4,14,PhD,Yoruba,Puget Sound Salish,Paid Time Off,9146 Aberg Place
611,Stormy,Tester,Female,75,stestergy@icq.com,Russia,307156,Associate Professor,Support,Ruble,1/6/2017,611,3,13,Master's Degree,Rundi,Pueblo,Retirement Plan,37 Lake View Junction
612,Horatio,Batchelour,Male,60,hbatchelourgz@youtube.com,Poland,74-400,Internal Auditor,Human Resources,Zloty,7/8/2011,612,1,31,High School Diploma,Inupiaq,Ute,Health Insurance,4 Atwood Street
613,Sallyanne,Kilmartin,Female,64,skilmartinh0@nps.gov,Portugal,6440-104,Computer Systems Analyst IV,Human Resources,Euro,10/1/2003,613,2,20,Master's Degree,Czech,Pueblo,Paid Time Off,4 Iowa Center
614,Durand,Ortell,Male,76,dortellh1@yelp.com,Ghana,,Quality Engineer,Accounting,Cedi,11/15/2022,614,4,4,Bachelor's Degree,Northern Sami,Venezuelan,Health Insurance,013 Hagan Hill
615,Danette,Krolman,Female,53,dkrolmanh2@gravatar.com,China,,Web Developer I,Training,Yuan Renminbi,3/10/2002,615,3,18,PhD,Telugu,Comanche,Paid Time Off,996 Moose Crossing
616,Rozina,Tomasi,Female,39,rtomasih3@cam.ac.uk,Vietnam,,Chemical Engineer,Sales,Dong,4/14/2015,616,1,41,Master's Degree,Assamese,Tohono O'Odham,Retirement Plan,6251 Hintze Street
617,Verina,Eccersley,Female,53,veccersleyh4@senate.gov,Laos,,Internal Auditor,Engineering,Kip,8/7/2019,617,3,22,PhD,Korean,Houma,Health Insurance,9133 East Trail
618,Idaline,Cracoe,Female,28,icracoeh5@umich.edu,China,,Geologist III,Training,Yuan Renminbi,12/17/2013,618,5,27,Bachelor's Degree,Korean,Creek,Health Insurance,127 Saint Paul Street
619,Ramonda,Treacher,Non-binary,30,rtreacherh6@geocities.com,Indonesia,,Geologist II,Business Development,Rupiah,8/22/2003,619,2,38,Master's Degree,Limburgan,Eskimo,Paid Time Off,63 Ramsey Trail
620,Alasteir,Baldacchi,Male,35,abaldacchih7@facebook.com,China,,Senior Developer,Human Resources,Yuan Renminbi,1/13/2020,620,3,46,PhD,Spanish,Potawatomi,Retirement Plan,80150 Di Loreto Point
621,Garv,Pikesley,Male,29,gpikesleyh8@dailymail.co.uk,South Africa,5708,Human Resources Assistant I,Product Management,Rand,6/12/2014,621,4,33,High School Diploma,Assamese,Malaysian,Paid Time Off,778 Lukken Center
622,Fabe,Allinson,Male,75,fallinsonh9@unc.edu,Indonesia,,Structural Analysis Engineer,Training,Rupiah,8/30/2000,622,1,10,Bachelor's Degree,Dzongkha,Yaqui,Retirement Plan,325 Elmside Parkway
623,Ches,Eaklee,Male,57,ceakleeha@tinypic.com,Indonesia,,Analyst Programmer,Support,Rupiah,2/9/2013,623,3,33,Bachelor's Degree,Sardinian,Blackfeet,Retirement Plan,2 Daystar Parkway
624,Bear,Acarson,Male,58,bacarsonhb@ebay.co.uk,Estonia,,Financial Advisor,Sales,Euro,4/14/2016,624,5,15,PhD,Aymara,Menominee,Retirement Plan,3 Onsgard Alley
625,Marve,Gabites,Male,37,mgabiteshc@berkeley.edu,Mongolia,,Senior Editor,Engineering,Tugrik,1/31/2003,625,1,1,PhD,Turkish,Pakistani,Health Insurance,50947 Bonner Trail
626,Marcelo,Rome,Male,27,mromehd@cnn.com,Russia,658969,Compensation Analyst,Support,Ruble,10/5/2017,626,4,29,Bachelor's Degree,Marathi,Honduran,Paid Time Off,4 Sycamore Point
627,Krystalle,Iddison,Polygender,65,kiddisonhe@icq.com,Poland,42-286,Graphic Designer,Support,Zloty,2/13/2016,627,2,15,Master's Degree,Serbian,Colombian,Retirement Plan,212 Summer Ridge Avenue
628,Griffy,Carette,Male,24,gcarettehf@indiatimes.com,Greece,,Web Designer III,Business Development,Euro,1/14/2007,628,2,12,High School Diploma,Abkhazian,Asian Indian,Paid Time Off,643 Bay Terrace
629,Lukas,McPhilip,Male,83,lmcphiliphg@w3.org,Albania,,Occupational Therapist,Sales,Lek,12/8/2000,629,3,32,Master's Degree,Tsonga,Cuban,Retirement Plan,3 Golden Leaf Place
630,Oswell,Wellman,Male,52,owellmanhh@phoca.cz,Montenegro,,Accounting Assistant II,Legal,Euro,4/24/2007,630,2,47,Master's Degree,Korean,Asian,Health Insurance,254 Commercial Way
631,Elnar,Caswell,Male,33,ecaswellhi@utexas.edu,Poland,33-260,Account Representative I,Accounting,Zloty,4/21/2005,631,4,41,High School Diploma,Tajik,Yakama,Health Insurance,5464 Fordem Plaza
632,Valentino,Howorth,Male,25,vhoworthhj@phoca.cz,China,,VP Sales,Human Resources,Yuan Renminbi,11/12/2015,632,2,46,Master's Degree,Chinese,Iroquois,Health Insurance,169 Summit Junction
633,Brendis,Spileman,Male,32,bspilemanhk@wikimedia.org,Vietnam,,Account Representative II,Sales,Dong,12/20/2014,633,2,35,Bachelor's Degree,Interlingua (International Auxiliary Language Association),Paraguayan,Retirement Plan,71 Myrtle Avenue
634,Benny,Stopher,Genderqueer,37,bstopherhl@nymag.com,Senegal,,VP Marketing,Sales,Franc,6/28/2001,634,4,47,Master's Degree,French,Latin American Indian,Retirement Plan,8 Kedzie Way
635,Maurine,Lalonde,Female,27,mlalondehm@businessinsider.com,China,,Human Resources Assistant II,Support,Yuan Renminbi,7/15/2015,635,5,1,Bachelor's Degree,Avaric,Pakistani,Paid Time Off,0 Butterfield Parkway
636,Leslie,Coope,Male,21,lcoopehn@youtu.be,China,,Engineer I,Sales,Yuan Renminbi,11/2/2002,636,5,9,High School Diploma,Telugu,Peruvian,Paid Time Off,31741 Independence Alley
637,Delbert,McComish,Male,38,dmccomishho@cam.ac.uk,Indonesia,,Graphic Designer,Research and Development,Rupiah,8/10/2002,637,5,20,Master's Degree,Chechen,Cambodian,Retirement Plan,784 Fremont Way
638,Cass,Airth,Female,61,cairthhp@unc.edu,Canada,L8N,Programmer Analyst II,Support,Dollar,7/3/2022,638,3,27,PhD,Spanish,Laotian,Paid Time Off,87114 Cambridge Trail
639,Tally,Tosdevin,Female,56,ttosdevinhq@tmall.com,Philippines,6725,General Manager,Human Resources,Peso,12/25/2000,639,3,43,High School Diploma,Hungarian,Yuman,Health Insurance,99 Orin Terrace
640,Tori,Origan,Female,40,toriganhr@themeforest.net,Pakistan,19201,Data Coordinator,Human Resources,Rupee,4/25/2000,640,3,0,PhD,Malagasy,Puerto Rican,Retirement Plan,207 Ruskin Crossing
641,Alena,Ridsdole,Female,66,aridsdolehs@mozilla.com,Chad,,Senior Quality Engineer,Support,Franc,7/12/2011,641,5,50,Master's Degree,French,Chippewa,Paid Time Off,80 Lunder Trail
642,Nady,Aberchirder,Female,85,naberchirderht@symantec.com,Poland,08-450,Web Designer I,Engineering,Zloty,1/2/2022,642,1,27,PhD,Portuguese,Hmong,Paid Time Off,36 Swallow Circle
643,Imogene,Feather,Female,29,ifeatherhu@cnet.com,Portugal,2510-015,Account Coordinator,Accounting,Euro,9/7/2020,643,1,32,PhD,Central Khmer,American Indian and Alaska Native (AIAN),Retirement Plan,5077 Hazelcrest Place
644,Lancelot,Vaz,Genderfluid,38,lvazhv@cargocollective.com,Slovenia,5280,Engineer I,Services,Euro,12/13/2019,644,4,5,PhD,"Sotho, Southern",Creek,Retirement Plan,24110 Johnson Hill
645,Asher,Hastilow,Male,77,ahastilowhw@irs.gov,Ireland,D17,Analyst Programmer,Product Management,Euro,6/5/2021,645,4,45,Bachelor's Degree,Sichuan Yi,Bangladeshi,Health Insurance,2 Maryland Place
646,Dehlia,Grundle,Genderqueer,68,dgrundlehx@marketwatch.com,Indonesia,,Office Assistant II,Sales,Rupiah,10/12/2004,646,1,23,High School Diploma,Tswana,Paiute,Paid Time Off,697 Mandrake Place
647,Wandis,Jeandon,Female,44,wjeandonhy@cdc.gov,Philippines,4203,Speech Pathologist,Marketing,Peso,7/3/2011,647,4,0,Bachelor's Degree,Malagasy,Ute,Health Insurance,15423 Logan Drive
648,Griffith,Chipman,Male,61,gchipmanhz@imgur.com,El Salvador,,Quality Engineer,Support,Dollar,8/12/2021,648,4,27,High School Diploma,Norwegian,Asian Indian,Health Insurance,94 Clove Avenue
649,Byrom,Brazer,Male,78,bbrazeri0@dailymail.co.uk,Indonesia,,Assistant Manager,Sales,Rupiah,5/7/2002,649,3,33,Bachelor's Degree,Shona,Asian,Retirement Plan,56 Spohn Junction
650,Phil,Kruse,Male,51,pkrusei1@mapy.cz,China,,Account Representative II,Legal,Yuan Renminbi,1/21/2019,650,4,36,High School Diploma,Sanskrit,Chickasaw,Paid Time Off,098 Clemons Park
651,Lorena,Cranmere,Female,42,lcranmerei2@mozilla.com,Uganda,,Administrative Assistant IV,Legal,Shilling,8/11/2010,651,5,21,Bachelor's Degree,Ido,Malaysian,Retirement Plan,59 Dakota Place
652,Roley,Connikie,Male,70,rconnikiei3@miibeian.gov.cn,Mongolia,,Internal Auditor,Research and Development,Tugrik,6/21/2004,652,4,45,Master's Degree,Telugu,Menominee,Health Insurance,675 Summer Ridge Street
653,Breena,Garroway,Female,36,bgarrowayi4@google.fr,Sweden,543 30,Statistician IV,Product Management,Krona,12/4/2008,653,2,13,Bachelor's Degree,Bambara,White,Paid Time Off,4080 Prentice Parkway
654,Pavel,Hotton,Male,19,phottoni5@nytimes.com,Croatia,20275,Account Executive,Product Management,Kuna,12/14/2022,654,5,3,High School Diploma,Dzongkha,Venezuelan,Retirement Plan,25 Mcbride Lane
655,Maurizio,Askem,Male,31,maskemi6@ehow.com,Malaysia,05590,Food Chemist,Sales,Ringgit,12/26/2021,655,1,41,Master's Degree,Vietnamese,Mexican,Health Insurance,663 Scoville Street
656,Leo,Bernaert,Genderqueer,62,lbernaerti7@ameblo.jp,Russia,606168,Quality Control Specialist,Business Development,Ruble,10/12/2020,656,2,48,Master's Degree,Cree,Alaska Native,Health Insurance,257 Lien Way
657,Talia,Broggini,Female,22,tbrogginii8@nature.com,China,,Developer IV,Services,Yuan Renminbi,7/26/2016,657,2,36,Bachelor's Degree,Occitan (post 1500),Lumbee,Health Insurance,60 Springs Drive
658,Harlene,Dobey,Female,29,hdobeyi9@google.nl,Portugal,4600-661,Associate Professor,Product Management,Euro,4/11/2007,658,1,28,High School Diploma,Bambara,Yakama,Retirement Plan,35 Anzinger Center
659,Carolee,Tilmouth,Female,37,ctilmouthia@epa.gov,Egypt,,Design Engineer,Support,Pound,7/19/2001,659,3,49,High School Diploma,Corsican,Filipino,Retirement Plan,295 Bobwhite Avenue
660,Lamar,Rudolf,Male,35,lrudolfib@deliciousdays.com,Brazil,89000-000,Web Developer III,Legal,Real,10/3/2020,660,3,32,PhD,Hausa,Taiwanese,Retirement Plan,18485 Towne Junction
661,Pip,Ruppele,Male,29,pruppeleic@indiatimes.com,Russia,301113,Geologist I,Engineering,Ruble,4/25/2005,661,3,8,Master's Degree,Hausa,White,Paid Time Off,008 Lawn Avenue
662,Moise,Sandars,Male,52,msandarsid@google.com.au,Indonesia,,Database Administrator IV,Human Resources,Rupiah,11/8/2016,662,4,39,High School Diploma,Malagasy,Chilean,Paid Time Off,223 Lunder Point
663,Erskine,Sexstone,Polygender,21,esexstoneie@toplist.cz,China,,Staff Scientist,Services,Yuan Renminbi,12/29/2007,663,4,16,High School Diploma,Zulu,Kiowa,Paid Time Off,29 Redwing Circle
664,Sheila,Melvin,Female,72,smelvinif@vkontakte.ru,Indonesia,,Dental Hygienist,Accounting,Rupiah,1/10/2005,664,1,44,Master's Degree,Burmese,Puget Sound Salish,Retirement Plan,81 Judy Drive
665,Sophie,Connop,Female,34,sconnopig@mtv.com,Japan,509-6251,Research Associate,Accounting,Yen,1/2/2022,665,5,23,Bachelor's Degree,Dzongkha,Pima,Paid Time Off,63 Hayes Avenue
666,Tanney,Stearn,Male,51,tstearnih@abc.net.au,Czech Republic,506 01,Mechanical Systems Engineer,Support,Koruna,11/24/2015,666,5,10,PhD,Italian,Fijian,Retirement Plan,7723 Cascade Junction
667,Jania,Deegan,Female,22,jdeeganii@topsy.com,Brazil,73700-000,Web Developer IV,Sales,Real,7/29/2003,667,5,27,High School Diploma,Interlingue,Paraguayan,Retirement Plan,7553 Sugar Crossing
668,Barney,Halahan,Male,56,bhalahanij@buzzfeed.com,Iran,,Software Consultant,Support,Rial,12/21/2010,668,4,38,PhD,Maori,Chilean,Health Insurance,4976 Paget Avenue
669,Inge,McLelland,Female,83,imclellandik@printfriendly.com,Iran,,Speech Pathologist,Accounting,Rial,2/4/2021,669,1,9,PhD,Cree,Pakistani,Paid Time Off,11817 Sullivan Circle
670,Stevena,Gwillyam,Female,33,sgwillyamil@house.gov,Sweden,642 24,Design Engineer,Accounting,Krona,7/25/2007,670,1,23,High School Diploma,Tagalog,Sioux,Retirement Plan,8983 Northview Junction
671,Jillian,Conradsen,Female,21,jconradsenim@google.ru,Indonesia,,Research Associate,Product Management,Rupiah,7/19/2014,671,4,11,PhD,Serbian,Black or African American,Paid Time Off,4 7th Crossing
672,Mordy,Fleckness,Male,80,mflecknessin@ifeng.com,Syria,,Structural Analysis Engineer,Product Management,Pound,9/20/2009,672,5,26,PhD,Armenian,Choctaw,Retirement Plan,76679 Algoma Way
673,Thorin,Inger,Male,50,tingerio@dedecms.com,Indonesia,,Occupational Therapist,Sales,Rupiah,10/7/2005,673,2,10,PhD,Uzbek,Tohono O'Odham,Paid Time Off,2 Crownhardt Circle
674,Demott,Rait,Male,52,draitip@rambler.ru,China,,Systems Administrator I,Services,Yuan Renminbi,3/13/2002,674,1,44,Bachelor's Degree,Kalaallisut,Tohono O'Odham,Paid Time Off,1270 Chinook Center
675,Krystyna,Falla,Female,23,kfallaiq@google.com.hk,Brazil,97500-000,Human Resources Manager,Business Development,Real,4/2/2017,675,3,35,Master's Degree,Cornish,Argentinian,Paid Time Off,51865 Rusk Drive
676,Xenia,St. Quentin,Female,23,xstquentinir@irs.gov,Poland,09-101,Actuary,Research and Development,Zloty,7/3/2020,676,1,40,Master's Degree,Indonesian,Black or African American,Health Insurance,41725 Anthes Trail
677,Prince,Langford,Male,68,plangfordis@studiopress.com,China,,Community Outreach Specialist,Product Management,Yuan Renminbi,2/8/2015,677,3,24,PhD,Chichewa,Black or African American,Paid Time Off,86 Forest Center
678,Alessandra,Vicarey,Female,39,avicareyit@naver.com,Poland,36-231,Marketing Assistant,Services,Zloty,11/10/2019,678,3,4,High School Diploma,Oriya,Shoshone,Paid Time Off,486 Porter Court
679,Stephannie,Oneal,Female,53,sonealiu@washingtonpost.com,Sweden,431 10,Senior Sales Associate,Support,Krona,11/8/2000,679,2,30,Bachelor's Degree,Mongolian,Creek,Health Insurance,57 5th Drive
680,Ricoriki,Ply,Male,52,rplyiv@flavors.me,Indonesia,,VP Marketing,Product Management,Rupiah,9/1/2006,680,5,41,PhD,Limburgan,Bolivian,Retirement Plan,9 Sundown Point
681,Melinde,Antonsson,Female,44,mantonssoniw@hc360.com,Portugal,2855-162,Programmer Analyst II,Research and Development,Euro,3/23/2010,681,2,2,Bachelor's Degree,Malay,Alaskan Athabascan,Paid Time Off,417 Starling Terrace
682,Mariska,Ottam,Bigender,79,mottamix@paypal.com,Costa Rica,10805,Civil Engineer,Training,Colon,3/29/2003,682,3,13,Master's Degree,Faroese,Tongan,Paid Time Off,80179 Mayfield Drive
683,Nertie,Weepers,Female,49,nweepersiy@sciencedirect.com,Indonesia,,Geologist IV,Engineering,Rupiah,5/24/2012,683,5,44,Master's Degree,Swahili,Potawatomi,Paid Time Off,647 Rutledge Center
684,Bonnee,Mayger,Female,34,bmaygeriz@github.io,Sweden,754 20,Occupational Therapist,Sales,Krona,2/14/2008,684,5,6,Master's Degree,Divehi,Central American,Retirement Plan,582 Erie Hill
685,Gottfried,Penhearow,Male,40,gpenhearowj0@shinystat.com,France,10606 CEDEX,Technical Writer,Training,Euro,6/10/2010,685,4,17,Bachelor's Degree,Kinyarwanda,Argentinian,Paid Time Off,99 Magdeline Way
686,Maybelle,Bessent,Female,23,mbessentj1@whitehouse.gov,Brazil,13630-000,VP Sales,Accounting,Real,11/25/2021,686,5,32,Bachelor's Degree,Abkhazian,Paraguayan,Paid Time Off,144 New Castle Trail
687,Krystle,Craigs,Female,50,kcraigsj2@fotki.com,Afghanistan,,Safety Technician IV,Training,Afghani,1/14/2009,687,3,10,High School Diploma,Aymara,Alaska Native,Health Insurance,46 Lunder Trail
688,Earl,Sawle,Male,51,esawlej3@domainmarket.com,Czech Republic,783 32,Structural Analysis Engineer,Research and Development,Koruna,12/8/2002,688,1,22,PhD,Zulu,Native Hawaiian,Health Insurance,68371 Loomis Place
689,Breanne,Primrose,Female,44,bprimrosej4@pagesperso-orange.fr,Poland,43-220,Actuary,Research and Development,Zloty,5/18/2014,689,3,34,Bachelor's Degree,Tatar,Native Hawaiian,Paid Time Off,98906 East Court
690,Johanna,Pethick,Female,34,jpethickj5@wisc.edu,Indonesia,,Software Test Engineer II,Engineering,Rupiah,1/28/2006,690,3,42,Master's Degree,Irish,Cuban,Paid Time Off,7347 Ridgeway Lane
691,Farrel,Balke,Male,41,fbalkej6@ycombinator.com,Russia,690922,Systems Administrator IV,Training,Ruble,2/17/2003,691,3,10,High School Diploma,Latvian,Blackfeet,Health Insurance,860 Debs Road
692,Hart,Durie,Male,53,hduriej7@washington.edu,Indonesia,,Quality Engineer,Human Resources,Rupiah,1/6/2017,692,2,3,Bachelor's Degree,Urdu,Bolivian,Retirement Plan,867 Lighthouse Bay Street
693,Cassius,de Broke,Male,30,cdebrokej8@ted.com,Russia,188565,Nurse Practicioner,Training,Ruble,6/9/2020,693,4,23,High School Diploma,Kalaallisut,Pakistani,Retirement Plan,21 Ridge Oak Place
694,Gardener,Linnit,Male,61,glinnitj9@sohu.com,Portugal,2565-282,Structural Engineer,Services,Euro,12/12/2000,694,4,0,Master's Degree,Vietnamese,Venezuelan,Health Insurance,31622 Westend Trail
695,Donnajean,Giriardelli,Female,49,dgiriardellija@nba.com,Poland,41-608,Compensation Analyst,Human Resources,Zloty,3/21/2007,695,5,18,PhD,Sindhi,Thai,Health Insurance,823 Mockingbird Crossing
696,Thia,Burchell,Female,35,tburchelljb@bloglovin.com,Russia,652809,Senior Financial Analyst,Research and Development,Ruble,1/17/2018,696,1,26,High School Diploma,Yiddish,Lumbee,Paid Time Off,21 Laurel Crossing
697,Tommie,Conigsby,Male,36,tconigsbyjc@cam.ac.uk,Ukraine,,Financial Analyst,Engineering,Hryvnia,1/22/2012,697,2,34,Master's Degree,Lingala,Cuban,Retirement Plan,29 Darwin Crossing
698,Sutton,Guerola,Male,70,sguerolajd@scientificamerican.com,Argentina,4326,Structural Analysis Engineer,Engineering,Peso,11/24/2008,698,5,37,Master's Degree,Arabic,Costa Rican,Retirement Plan,63 Novick Alley
699,Keelia,Ramsell,Female,41,kramsellje@businessweek.com,Canada,J9E,Pharmacist,Sales,Dollar,11/5/2004,699,5,9,High School Diploma,Bambara,Delaware,Paid Time Off,27 Atwood Court
700,Gare,Corrao,Male,68,gcorraojf@diigo.com,Portugal,3700-819,Cost Accountant,Accounting,Euro,9/17/2012,700,2,5,PhD,Italian,White,Health Insurance,07 Mallory Circle
701,Kinsley,Pagin,Male,80,kpaginjg@wikimedia.org,Nigeria,,Web Developer II,Human Resources,Naira,5/29/2014,701,1,5,Master's Degree,Indonesian,Micronesian,Retirement Plan,0 Manitowish Crossing
702,Robbie,Eskriet,Female,19,reskrietjh@altervista.org,Italy,19125,Tax Accountant,Services,Euro,9/9/2013,702,3,18,Bachelor's Degree,"Sotho, Southern",Dominican (Dominican Republic),Paid Time Off,894 Crest Line Place
703,Casper,Prior,Male,77,cpriorji@google.co.uk,Brazil,63600-000,Physical Therapy Assistant,Training,Real,10/18/2000,703,5,10,PhD,"Greek, Modern (1453-)",Houma,Health Insurance,90 Marquette Circle
704,Carly,Deere,Male,58,cdeerejj@icio.us,Honduras,,Staff Accountant II,Accounting,Lempira,8/22/2003,704,4,19,Bachelor's Degree,Quechua,Tohono O'Odham,Retirement Plan,4 Petterle Court
705,Felike,Allcroft,Male,57,fallcroftjk@ning.com,China,,Software Consultant,Engineering,Yuan Renminbi,1/28/2006,705,3,43,High School Diploma,Serbian,Chinese,Retirement Plan,8 Ohio Crossing
706,Tam,Crampin,Male,75,tcrampinjl@patch.com,Russia,142609,Cost Accountant,Legal,Ruble,5/30/2002,706,4,20,High School Diploma,Polish,Yuman,Health Insurance,38 Pleasure Road
707,Charmion,Privett,Genderqueer,33,cprivettjm@istockphoto.com,China,,Environmental Tech,Marketing,Yuan Renminbi,6/18/2010,707,1,24,Master's Degree,Indonesian,Costa Rican,Paid Time Off,68638 Kim Pass
708,Aleece,Matuszyk,Female,67,amatuszykjn@webeden.co.uk,Russia,622012,Human Resources Assistant II,Human Resources,Ruble,9/3/2004,708,4,25,High School Diploma,Norwegian Nynorsk,Cheyenne,Paid Time Off,56574 Marcy Terrace
709,Bailie,Hazeman,Male,35,bhazemanjo@issuu.com,Poland,26-065,Geological Engineer,Legal,Zloty,5/7/2014,709,3,24,Master's Degree,Slovak,Latin American Indian,Paid Time Off,5 Crest Line Park
710,Liva,Atherley,Female,29,latherleyjp@wikia.com,Honduras,,Mechanical Systems Engineer,Support,Lempira,6/13/2018,710,1,21,Master's Degree,Oromo,Melanesian,Paid Time Off,61894 Main Lane
711,Domenico,Stickley,Male,36,dstickleyjq@over-blog.com,Brazil,19570-000,Human Resources Manager,Marketing,Real,10/29/2013,711,5,17,Bachelor's Degree,Ndonga,Choctaw,Retirement Plan,713 Merrick Alley
712,Emelita,Rope,Non-binary,72,eropejr@weather.com,Ukraine,,Environmental Tech,Business Development,Hryvnia,3/18/2010,712,1,4,PhD,Esperanto,Taiwanese,Paid Time Off,0 Monica Street
713,Inger,Skypp,Male,25,iskyppjs@theatlantic.com,Portugal,7220-357,Electrical Engineer,Research and Development,Euro,10/27/2021,713,3,21,Bachelor's Degree,Interlingua (International Auxiliary Language Association),Paraguayan,Retirement Plan,45008 Hauk Court
714,Anselm,Runcie,Male,23,arunciejt@webnode.com,China,,Structural Engineer,Business Development,Yuan Renminbi,11/14/2011,714,3,41,PhD,Swedish,White,Paid Time Off,941 Graceland Street
715,Matthiew,Lotze,Male,46,mlotzeju@com.com,Sweden,503 06,Chief Design Engineer,Human Resources,Krona,2/26/2013,715,3,14,Bachelor's Degree,German,Seminole,Health Insurance,59390 Mesta Way
716,Sebastiano,Lusgdin,Male,59,slusgdinjv@cnbc.com,Mexico,74770,Nurse,Legal,Peso,5/1/2000,716,1,35,Master's Degree,Romansh,American Indian and Alaska Native (AIAN),Health Insurance,0854 Di Loreto Hill
717,Fernandina,Tomasutti,Genderfluid,78,ftomasuttijw@t.co,Indonesia,,Environmental Tech,Product Management,Rupiah,7/24/2005,717,5,19,PhD,Bambara,Taiwanese,Retirement Plan,825 Schiller Alley
718,Artus,Gartsyde,Male,20,agartsydejx@creativecommons.org,Luxembourg,L-6695,Account Executive,Accounting,Euro,10/8/2015,718,5,11,Master's Degree,Fijian,Filipino,Health Insurance,27 Dixon Drive
719,Isa,Beadel,Female,68,ibeadeljy@pinterest.com,Germany,35687,Librarian,Sales,Euro,3/27/2022,719,3,50,Bachelor's Degree,"Bokmål, Norwegian",Houma,Retirement Plan,8987 Pawling Circle
720,Hersh,McCarthy,Male,20,hmccarthyjz@indiatimes.com,Lesotho,,Compensation Analyst,Accounting,Loti,5/12/2015,720,2,16,Bachelor's Degree,Hiri Motu,Navajo,Health Insurance,94612 Sugar Drive
721,Elva,Jeremaes,Female,81,ejeremaesk0@reddit.com,China,,Administrative Assistant IV,Human Resources,Yuan Renminbi,11/15/2013,721,1,14,PhD,Samoan,Native Hawaiian,Paid Time Off,1534 John Wall Avenue
722,Perl,Matusson,Female,31,pmatussonk1@blogs.com,China,,Tax Accountant,Marketing,Yuan Renminbi,1/28/2014,722,1,2,Master's Degree,Lao,Black or African American,Retirement Plan,000 Petterle Court
723,Dael,Tiebe,Male,51,dtiebek2@census.gov,Mexico,93828,VP Sales,Legal,Peso,1/22/2021,723,2,11,PhD,Portuguese,Argentinian,Health Insurance,36958 Banding Road
724,Deena,Hanaford,Female,49,dhanafordk3@columbia.edu,China,,Help Desk Technician,Research and Development,Yuan Renminbi,9/2/2018,724,3,7,Master's Degree,Xhosa,Alaska Native,Retirement Plan,468 Kropf Parkway
725,Farah,Abramcik,Female,31,fabramcikk4@archive.org,China,,Senior Developer,Sales,Yuan Renminbi,4/24/2012,725,3,24,Bachelor's Degree,Lao,Korean,Retirement Plan,34446 Vahlen Place
726,Kyrstin,Allon,Genderfluid,27,kallonk5@theguardian.com,Indonesia,,VP Sales,Legal,Rupiah,3/17/2019,726,1,35,High School Diploma,Ojibwa,Venezuelan,Health Insurance,34632 Jay Circle
727,Odo,Goodger,Agender,81,ogoodgerk6@youtube.com,Indonesia,,Senior Cost Accountant,Marketing,Rupiah,1/29/2006,727,1,3,Master's Degree,Romansh,Panamanian,Retirement Plan,75821 Summit Pass
728,Dylan,Shildrick,Male,67,dshildrickk7@mapy.cz,Philippines,6612,Librarian,Marketing,Peso,5/23/2018,728,4,28,PhD,Ojibwa,Central American,Health Insurance,72265 Riverside Court
729,Inna,Maw,Female,40,imawk8@1688.com,Russia,190990,Human Resources Assistant IV,Sales,Ruble,11/25/2002,729,4,42,High School Diploma,Turkish,Colville,Paid Time Off,19 Westport Center
730,Adrian,Sail,Male,41,asailk9@reuters.com,China,,Account Representative II,Legal,Yuan Renminbi,6/21/2004,730,3,19,Master's Degree,Kuanyama,South American,Paid Time Off,8 Merry Lane
731,Constantina,Yellop,Female,65,cyellopka@liveinternet.ru,Guatemala,14009,Financial Advisor,Sales,Quetzal,5/23/2005,731,1,26,PhD,Korean,Paraguayan,Health Insurance,9703 John Wall Court
732,Pennie,Verduin,Male,63,pverduinkb@google.pl,Indonesia,,Environmental Tech,Support,Rupiah,4/19/2018,732,4,39,Master's Degree,Thai,Hmong,Paid Time Off,020 Sommers Park
733,Rodina,Busby,Female,22,rbusbykc@dion.ne.jp,Indonesia,,Developer II,Services,Rupiah,7/19/2019,733,4,2,PhD,Indonesian,Micronesian,Paid Time Off,858 Goodland Junction
734,Juli,Renne,Female,44,jrennekd@businesswire.com,Argentina,1625,Software Test Engineer III,Legal,Peso,5/12/2017,734,4,16,High School Diploma,Russian,Cree,Paid Time Off,4179 Victoria Center
735,Selene,Keenan,Genderfluid,25,skeenanke@rambler.ru,Colombia,762548,Legal Assistant,Training,Peso,8/14/2018,735,3,27,High School Diploma,Armenian,Argentinian,Paid Time Off,2681 Bay Circle
736,Clyve,Faraker,Male,70,cfarakerkf@netvibes.com,Gambia,,Analog Circuit Design manager,Business Development,Dalasi,3/2/2007,736,2,41,High School Diploma,Tatar,Sioux,Health Insurance,737 Springs Drive
737,Elana,Toman,Female,47,etomankg@google.com,Sweden,871 60,Information Systems Manager,Engineering,Krona,8/20/2021,737,1,34,Bachelor's Degree,Indonesian,Pima,Retirement Plan,87 Thompson Plaza
738,Chas,Degg,Male,59,cdeggkh@twitpic.com,China,,Internal Auditor,Business Development,Yuan Renminbi,1/14/2009,738,3,11,High School Diploma,Macedonian,Alaskan Athabascan,Retirement Plan,162 New Castle Plaza
739,Bernadette,Gramer,Female,65,bgramerki@ihg.com,Brazil,27570-000,Computer Systems Analyst I,Training,Real,1/18/2021,739,5,23,Master's Degree,Danish,Kiowa,Retirement Plan,030 Westerfield Street
740,Garret,Hargey,Male,54,ghargeykj@home.pl,China,,Food Chemist,Training,Yuan Renminbi,8/12/2014,740,5,25,Bachelor's Degree,Romansh,Chippewa,Health Insurance,76813 Sycamore Center
741,Henry,Vedntyev,Male,40,hvedntyevkk@usatoday.com,Philippines,6052,Clinical Specialist,Business Development,Peso,12/24/2022,741,2,25,High School Diploma,Azerbaijani,White,Retirement Plan,90 Fair Oaks Pass
742,Ludovico,Iacovucci,Male,28,liacovuccikl@apache.org,China,,Research Nurse,Marketing,Yuan Renminbi,12/28/2002,742,1,44,Bachelor's Degree,English,Tohono O'Odham,Retirement Plan,98 Florence Terrace
743,Saunders,Ogle,Male,43,soglekm@histats.com,China,,Human Resources Assistant III,Engineering,Yuan Renminbi,11/6/2006,743,3,43,Bachelor's Degree,Korean,Malaysian,Health Insurance,7918 Luster Alley
744,Thea,Jellyman,Female,36,tjellymankn@paypal.com,Colombia,522068,Payment Adjustment Coordinator,Support,Peso,1/16/2016,744,3,49,Master's Degree,"Sotho, Southern",Yaqui,Retirement Plan,8 Golf Street
745,Edmund,Ellis,Male,57,eellisko@youku.com,Mali,,Pharmacist,Services,Franc,10/16/2021,745,2,1,Bachelor's Degree,Latin,Colombian,Retirement Plan,3056 Riverside Avenue
746,Gabi,Dyson,Genderfluid,71,gdysonkp@thetimes.co.uk,China,,Senior Financial Analyst,Sales,Yuan Renminbi,3/9/2000,746,3,2,Master's Degree,Kazakh,Chinese,Health Insurance,1745 Old Gate Center
747,Fabian,Leckie,Male,30,fleckiekq@ihg.com,Brazil,84260-000,Senior Developer,Marketing,Real,4/17/2002,747,5,39,High School Diploma,Arabic,South American,Health Insurance,18 Hayes Lane
748,Al,Panniers,Male,73,apannierskr@xrea.com,Venezuela,,Chief Design Engineer,Training,Bolivar,4/5/2002,748,4,4,Master's Degree,Akan,Peruvian,Health Insurance,8 Rutledge Street
749,Gilberta,Terren,Female,31,gterrenks@hugedomains.com,Philippines,5513,Operator,Sales,Peso,4/15/2018,749,4,37,High School Diploma,Malayalam,Japanese,Health Insurance,615 Portage Junction
750,Valeria,McClancy,Female,80,vmcclancykt@tmall.com,Poland,43-229,Internal Auditor,Accounting,Zloty,2/9/2022,750,4,28,Bachelor's Degree,Chinese,Asian,Paid Time Off,5 Bultman Way
751,Fidel,MacCartan,Male,36,fmaccartanku@nbcnews.com,China,,Food Chemist,Services,Yuan Renminbi,6/6/2002,751,5,24,PhD,Walloon,Sri Lankan,Retirement Plan,28 Bonner Court
752,Alexandr,Caret,Male,78,acaretkv@admin.ch,Denmark,1440,Programmer IV,Marketing,Krone,11/17/2009,752,3,38,High School Diploma,Arabic,Cheyenne,Paid Time Off,87 Sommers Junction
753,Gracie,Heatherington,Female,68,gheatheringtonkw@economist.com,Somalia,,Environmental Tech,Sales,Shilling,11/20/2005,753,5,44,PhD,Haitian,Salvadoran,Retirement Plan,64640 Granby Hill
754,Milly,Jewster,Female,64,mjewsterkx@dion.ne.jp,Vietnam,,GIS Technical Architect,Training,Dong,1/22/2021,754,5,8,High School Diploma,Gaelic,Blackfeet,Paid Time Off,4854 Grim Court
755,Charita,Garfit,Female,23,cgarfitky@shop-pro.jp,Finland,99301,Speech Pathologist,Marketing,Euro,3/17/2005,755,2,25,Master's Degree,Gaelic,American Indian,Paid Time Off,7 Badeau Road
756,Mychal,Causon,Male,70,mcausonkz@studiopress.com,China,,Actuary,Marketing,Yuan Renminbi,7/6/2011,756,2,7,High School Diploma,Somali,Potawatomi,Paid Time Off,547 Nevada Pass
757,Rockwell,Odgers,Male,55,rodgersl0@booking.com,Portugal,2420-231,Geologist III,Marketing,Euro,1/1/2001,757,1,22,Bachelor's Degree,Sango,Puerto Rican,Retirement Plan,448 Transport Hill
758,Anne,Perche,Female,56,aperchel1@surveymonkey.com,China,,Accountant II,Marketing,Yuan Renminbi,7/17/2017,758,1,8,High School Diploma,Serbian,Filipino,Health Insurance,5133 Brickson Park Center
759,Rube,Haylands,Male,56,rhaylandsl2@jimdo.com,Japan,950-3341,Environmental Tech,Engineering,Yen,10/3/2022,759,3,31,PhD,Kazakh,Cree,Paid Time Off,747 Twin Pines Place
760,Fields,Wilacot,Male,65,fwilacotl3@ox.ac.uk,Greece,,Social Worker,Research and Development,Euro,11/3/2008,760,3,10,Master's Degree,Breton,Ottawa,Paid Time Off,7342 Starling Court
761,Bord,Leborgne,Male,29,bleborgnel4@samsung.com,Bulgaria,4527,Technical Writer,Research and Development,Lev,5/12/2002,761,2,7,Master's Degree,Kuanyama,Delaware,Paid Time Off,590 Marcy Trail
762,Bryana,Cannings,Female,49,bcanningsl5@symantec.com,Japan,379-2306,Graphic Designer,Business Development,Yen,4/17/2000,762,5,33,Master's Degree,Indonesian,Puerto Rican,Health Insurance,11 Sommers Center
763,Ernestine,Janny,Polygender,18,ejannyl6@cbsnews.com,Palestinian Territory,,Marketing Assistant,Support,Shekel,3/3/2021,763,4,21,Master's Degree,Tahitian,Chilean,Health Insurance,3710 School Road
764,Georgianne,Calkin,Female,43,gcalkinl7@newyorker.com,Albania,,Programmer Analyst I,Sales,Lek,10/10/2012,764,1,17,Bachelor's Degree,Hindi,Asian Indian,Retirement Plan,31 Clove Parkway
765,Idette,Hallsworth,Female,39,ihallsworthl8@ihg.com,El Salvador,,Recruiting Manager,Legal,Dollar,8/10/2011,765,5,7,PhD,Javanese,Chickasaw,Paid Time Off,7 Anhalt Plaza
766,Francois,Seligson,Agender,35,fseligsonl9@blinklist.com,Thailand,60130,Payment Adjustment Coordinator,Engineering,Baht,12/18/2011,766,5,3,High School Diploma,Serbian,Houma,Health Insurance,7 4th Way
767,Ardisj,Coppin,Agender,19,acoppinla@businessweek.com,China,,Information Systems Manager,Support,Yuan Renminbi,11/21/2018,767,3,40,Master's Degree,Norwegian Nynorsk,Pima,Retirement Plan,658 Talisman Circle
768,Donica,Lies,Female,20,dlieslb@themeforest.net,Philippines,4104,Environmental Tech,Legal,Peso,4/22/2006,768,4,17,High School Diploma,Guarani,Chamorro,Retirement Plan,7657 Luster Circle
769,Barnabe,Skeldon,Male,48,bskeldonlc@is.gd,China,,Physical Therapy Assistant,Marketing,Yuan Renminbi,12/5/2012,769,1,5,PhD,Aragonese,Micronesian,Health Insurance,68023 Kensington Parkway
770,Juliann,Byk,Female,66,jbykld@seattletimes.com,Philippines,5039,Account Coordinator,Support,Peso,9/14/2020,770,5,39,PhD,Bengali,Pueblo,Retirement Plan,2 Tennessee Park
771,Oona,Tomasino,Female,85,otomasinole@merriam-webster.com,Indonesia,,Human Resources Manager,Accounting,Rupiah,9/9/2003,771,4,3,High School Diploma,Breton,Paraguayan,Paid Time Off,2 Fuller Alley
772,Emlynne,Shoesmith,Female,85,eshoesmithlf@cloudflare.com,Vietnam,,Structural Analysis Engineer,Engineering,Dong,2/5/2019,772,2,40,Master's Degree,Fijian,Taiwanese,Retirement Plan,45757 Wayridge Circle
773,Laverne,Wastie,Female,83,lwastielg@hugedomains.com,China,,Administrative Assistant IV,Marketing,Yuan Renminbi,2/25/2009,773,5,6,Bachelor's Degree,Kirghiz,Colville,Retirement Plan,21 Becker Terrace
774,Arni,Connachan,Male,85,aconnachanlh@shinystat.com,Brazil,75370-000,Senior Quality Engineer,Research and Development,Real,9/28/2007,774,3,31,Master's Degree,Kikuyu,Peruvian,Paid Time Off,00 Morningstar Trail
775,Yardley,Giorgeschi,Agender,60,ygiorgeschili@ameblo.jp,United States,22119,Administrative Officer,Accounting,Dollar,5/19/2000,775,1,22,Bachelor's Degree,Italian,Nicaraguan,Paid Time Off,1 Melvin Trail
776,Valma,Daughtery,Female,83,vdaughterylj@symantec.com,Indonesia,,Geologist I,Engineering,Rupiah,3/6/2005,776,4,47,Master's Degree,Albanian,Potawatomi,Health Insurance,5 Bunker Hill Center
777,Hillary,Klimshuk,Female,25,hklimshuklk@google.co.jp,Indonesia,,Information Systems Manager,Support,Rupiah,3/26/2007,777,3,3,High School Diploma,Tibetan,Venezuelan,Retirement Plan,689 Monument Alley
778,Abigail,Rosterne,Bigender,35,arosternell@bandcamp.com,China,,Human Resources Manager,Legal,Yuan Renminbi,4/28/2007,778,2,37,PhD,Occitan (post 1500),Tohono O'Odham,Paid Time Off,5436 Main Avenue
779,Kathy,Leader,Female,74,kleaderlm@wix.com,Japan,990-1274,Analog Circuit Design manager,Research and Development,Yen,11/7/2021,779,2,5,Bachelor's Degree,Northern Sami,Bangladeshi,Paid Time Off,57188 Valley Edge Avenue
780,Cayla,Kasper,Female,73,ckasperln@odnoklassniki.ru,Netherlands,3104,Physical Therapy Assistant,Accounting,Euro,11/9/2019,780,5,0,PhD,Kannada,Pima,Health Insurance,93174 Eagan Junction
781,Andreana,Klesl,Female,43,aklesllo@unc.edu,China,,Budget/Accounting Analyst II,Research and Development,Yuan Renminbi,10/14/2017,781,5,9,Master's Degree,Navajo,Pueblo,Health Insurance,5784 Oak Valley Center
782,Fransisco,Brader,Male,41,fbraderlp@yale.edu,Iran,,Sales Representative,Accounting,Rial,11/2/2003,782,2,0,High School Diploma,Guarani,Creek,Retirement Plan,31793 Hermina Circle
783,Alaric,Consterdine,Male,65,aconsterdinelq@unicef.org,Netherlands,4609,Media Manager IV,Product Management,Euro,11/4/2005,783,1,43,PhD,Norwegian,Choctaw,Retirement Plan,1734 3rd Avenue
784,Lela,Bangle,Female,69,lbanglelr@drupal.org,Mexico,95600,Executive Secretary,Services,Peso,4/10/2004,784,4,33,High School Diploma,Hindi,Latin American Indian,Paid Time Off,95 Miller Point
785,Izak,Simonnet,Male,51,isimonnetls@stanford.edu,Brazil,67000-000,Staff Accountant IV,Support,Real,9/26/2021,785,2,39,Master's Degree,Aragonese,Spaniard,Retirement Plan,9 Briar Crest Trail
786,Loralyn,Ertel,Female,79,lertellt@google.com.br,United States,89193,Environmental Specialist,Training,Dollar,5/9/2018,786,4,23,Bachelor's Degree,"Ndebele, South",Thai,Retirement Plan,054 Melby Center
787,Alejandro,Hefferan,Male,75,ahefferanlu@studiopress.com,Tunisia,,Environmental Tech,Product Management,Dinar,3/9/2014,787,2,8,High School Diploma,Volapük,Puget Sound Salish,Paid Time Off,15 Kipling Court
788,Trever,Christophe,Male,55,tchristophelv@unblog.fr,Peru,,Geological Engineer,Accounting,Sol,6/1/2002,788,5,34,Master's Degree,Finnish,Navajo,Retirement Plan,0 Ruskin Court
789,Ad,Gremane,Male,19,agremanelw@skyrock.com,France,76418 CEDEX 9,Operator,Training,Euro,6/29/2007,789,1,24,PhD,"Sotho, Southern",Guamanian,Retirement Plan,96392 Green Terrace
790,Davon,Lantry,Male,63,dlantrylx@telegraph.co.uk,China,,Geologist II,Support,Yuan Renminbi,4/24/2011,790,3,35,Bachelor's Degree,Welsh,Costa Rican,Retirement Plan,40267 Pine View Pass
791,Laverna,Gurnee,Female,33,lgurneely@fotki.com,Norway,3005,Marketing Assistant,Legal,Krone,9/25/2002,791,5,33,PhD,Malayalam,Kiowa,Retirement Plan,9243 Pine View Crossing
792,Brennan,Harden,Male,42,bhardenlz@booking.com,United Arab Emirates,,Engineer III,Sales,Dirham,6/1/2001,792,3,10,Bachelor's Degree,Lingala,Central American,Paid Time Off,7 Eagan Park
793,Larine,Oldcroft,Female,18,loldcroftm0@ox.ac.uk,China,,GIS Technical Architect,Accounting,Yuan Renminbi,1/21/2018,793,4,2,Bachelor's Degree,Polish,Guamanian,Health Insurance,795 Lien Park
794,Belicia,Sent,Female,84,bsentm1@simplemachines.org,Russia,607340,Engineer III,Services,Ruble,7/31/2015,794,2,7,PhD,Gaelic,Delaware,Retirement Plan,64520 John Wall Court
795,Orin,Attyeo,Male,47,oattyeom2@opensource.org,Russia,399345,Business Systems Development Analyst,Training,Ruble,4/21/2015,795,3,49,PhD,Russian,Argentinian,Paid Time Off,71 Killdeer Park
796,Davy,Stubbeley,Male,36,dstubbeleym3@alibaba.com,Indonesia,,Cost Accountant,Business Development,Rupiah,5/25/2016,796,1,28,Bachelor's Degree,Sinhala,Apache,Retirement Plan,78047 Toban Point
797,Franky,Scapelhorn,Agender,64,fscapelhornm4@webnode.com,Russia,182647,Engineer II,Human Resources,Ruble,12/25/2020,797,4,36,High School Diploma,Tatar,Uruguayan,Health Insurance,278 Pennsylvania Court
798,Lambert,Godley,Male,73,lgodleym5@cpanel.net,China,,Senior Editor,Human Resources,Yuan Renminbi,12/19/2008,798,2,34,Master's Degree,Lingala,White,Paid Time Off,29227 Jay Avenue
799,Eamon,Sandifer,Male,85,esandiferm6@yellowbook.com,Indonesia,,Teacher,Human Resources,Rupiah,3/18/2001,799,1,27,PhD,Wolof,Yaqui,Paid Time Off,1427 Fair Oaks Parkway
800,Rochelle,Nowell,Female,44,rnowellm7@cdbaby.com,China,,VP Marketing,Human Resources,Yuan Renminbi,11/30/2017,800,4,19,PhD,Bengali,Native Hawaiian and Other Pacific Islander (NHPI),Paid Time Off,9013 South Way
801,Yuma,Liffe,Male,37,yliffem8@dailymotion.com,Malta,SLC,Project Manager,Marketing,Euro,8/20/2001,801,4,40,PhD,Pali,Paiute,Health Insurance,8377 Mcbride Point
802,Meg,Boulton,Non-binary,42,mboultonm9@wisc.edu,Indonesia,,Senior Quality Engineer,Business Development,Rupiah,4/17/2000,802,3,4,Bachelor's Degree,Dzongkha,South American,Health Insurance,0 Raven Avenue
803,Penelopa,Lacroux,Female,50,placrouxma@tripod.com,China,,Social Worker,Sales,Yuan Renminbi,9/14/2010,803,3,43,Master's Degree,Romansh,Panamanian,Paid Time Off,751 3rd Circle
804,Zerk,Mowen,Male,28,zmowenmb@miitbeian.gov.cn,China,,Payment Adjustment Coordinator,Research and Development,Yuan Renminbi,12/20/2020,804,3,4,High School Diploma,Romansh,Filipino,Retirement Plan,39228 Blaine Lane
805,Nerita,Duplan,Female,75,nduplanmc@domainmarket.com,China,,Software Engineer IV,Legal,Yuan Renminbi,12/21/2021,805,4,11,Master's Degree,Tsonga,Colombian,Paid Time Off,4327 Mitchell Point
806,Lonnie,Surgey,Female,65,lsurgeymd@patch.com,Czech Republic,789 85,Director of Sales,Business Development,Koruna,12/24/2022,806,2,18,Master's Degree,Oriya,Sioux,Health Insurance,13751 Declaration Parkway
807,Tonie,Leeke,Female,85,tleekeme@edublogs.org,China,,Budget/Accounting Analyst III,Training,Yuan Renminbi,8/25/2007,807,4,7,High School Diploma,Sardinian,Delaware,Retirement Plan,6 Anderson Terrace
808,Clevie,Shuttell,Male,78,cshuttellmf@buzzfeed.com,China,,Administrative Assistant II,Accounting,Yuan Renminbi,7/26/2021,808,1,18,High School Diploma,Breton,Iroquois,Paid Time Off,0356 Sunbrook Avenue
809,Jeanine,Doutch,Female,84,jdoutchmg@instagram.com,China,,Budget/Accounting Analyst I,Product Management,Yuan Renminbi,4/23/2001,809,3,28,PhD,Panjabi,Iroquois,Retirement Plan,057 Westend Park
810,Hermia,Tanner,Female,77,htannermh@baidu.com,Sweden,175 61,Structural Engineer,Human Resources,Krona,5/17/2010,810,2,10,High School Diploma,Wolof,Cree,Health Insurance,1738 Judy Pass
811,Latashia,Mattinson,Female,29,lmattinsonmi@4shared.com,China,,Financial Analyst,Support,Yuan Renminbi,10/13/2019,811,3,3,PhD,Sichuan Yi,Navajo,Paid Time Off,7 Express Circle
812,Mariel,Boatright,Female,62,mboatrightmj@ehow.com,Peru,,Analog Circuit Design manager,Human Resources,Sol,3/17/2002,812,4,5,Master's Degree,Shona,Colville,Paid Time Off,20 Riverside Parkway
813,Krissie,Midson,Female,33,kmidsonmk@webeden.co.uk,Russia,641360,Research Associate,Human Resources,Ruble,12/24/2006,813,2,8,High School Diploma,Interlingua (International Auxiliary Language Association),Native Hawaiian and Other Pacific Islander (NHPI),Retirement Plan,5370 Sherman Center
814,Roseanne,Betchley,Female,78,rbetchleyml@rambler.ru,Brazil,17500-000,Director of Sales,Human Resources,Real,1/5/2007,814,5,15,Bachelor's Degree,Limburgan,Pueblo,Health Insurance,712 Pankratz Place
815,Redd,Samweyes,Male,69,rsamweyesmm@bluehost.com,China,,Senior Cost Accountant,Accounting,Yuan Renminbi,7/2/2000,815,4,39,Bachelor's Degree,Chuvash,Seminole,Retirement Plan,224 Sunnyside Terrace
816,Corina,Biesterfeld,Female,71,cbiesterfeldmn@java.com,Nigeria,,Quality Engineer,Services,Naira,11/18/2015,816,3,9,Bachelor's Degree,Swahili,Colombian,Retirement Plan,1 Portage Junction
817,Dinny,Christol,Genderfluid,20,dchristolmo@ca.gov,Israel,,Administrative Officer,Accounting,Shekel,12/9/2022,817,2,40,PhD,Haitian,Chippewa,Retirement Plan,2786 Dovetail Junction
818,Riccardo,Fruchon,Male,20,rfruchonmp@wunderground.com,Indonesia,,VP Marketing,Services,Rupiah,12/29/2007,818,2,0,Master's Degree,Tsonga,Indonesian,Health Insurance,47697 Norway Maple Hill
819,Pattin,Foort,Male,63,pfoortmq@wired.com,France,94039 CEDEX,Automation Specialist IV,Product Management,Euro,7/11/2012,819,2,15,PhD,Cornish,Honduran,Paid Time Off,528 Westend Alley
820,Hilda,Sexon,Female,56,hsexonmr@illinois.edu,Colombia,732028,Speech Pathologist,Marketing,Peso,11/1/2013,820,3,24,PhD,Sindhi,Asian Indian,Paid Time Off,82303 Aberg Circle
821,Sully,Baldin,Male,33,sbaldinms@google.ca,Peru,,Civil Engineer,Legal,Sol,7/18/2020,821,4,22,Bachelor's Degree,Interlingue,Crow,Paid Time Off,61 Stang Drive
822,Rhys,Gawne,Male,73,rgawnemt@irs.gov,Sweden,425 38,Data Coordinator,Marketing,Krona,5/10/2021,822,2,3,Master's Degree,Georgian,American Indian and Alaska Native (AIAN),Paid Time Off,396 Pine View Avenue
823,Izabel,Childs,Female,65,ichildsmu@forbes.com,Indonesia,,Registered Nurse,Accounting,Rupiah,2/28/2009,823,2,24,Bachelor's Degree,"Greek, Modern (1453-)",Paiute,Paid Time Off,9 Ridgeview Street
824,Trixy,Beagrie,Female,55,tbeagriemv@drupal.org,Japan,927-2162,Data Coordinator,Marketing,Yen,7/3/2022,824,1,43,PhD,Fijian,Pakistani,Paid Time Off,19390 Gulseth Center
825,Dre,Civitillo,Female,32,dcivitillomw@discuz.net,China,,VP Marketing,Engineering,Yuan Renminbi,6/29/2011,825,5,50,Bachelor's Degree,Slovak,Alaskan Athabascan,Retirement Plan,5117 Randy Road
826,Sasha,Essam,Male,36,sessammx@berkeley.edu,Sweden,127 43,Account Executive,Services,Krona,1/10/2010,826,1,9,Master's Degree,Bashkir,Korean,Retirement Plan,8 Pankratz Alley
827,Benn,Deetlefs,Male,41,bdeetlefsmy@scientificamerican.com,Sweden,691 26,Recruiting Manager,Legal,Krona,7/26/2019,827,2,18,PhD,Malayalam,Lumbee,Health Insurance,419 Hermina Terrace
828,Mason,McGinley,Male,52,mmcginleymz@acquirethisname.com,Indonesia,,VP Marketing,Training,Rupiah,5/31/2017,828,2,40,PhD,Ojibwa,Asian,Health Insurance,6989 Hagan Pass
829,Siward,Lidington,Male,75,slidingtonn0@epa.gov,Philippines,9104,Accountant II,Engineering,Peso,7/8/2022,829,5,32,Master's Degree,Thai,Lumbee,Paid Time Off,5298 Colorado Lane
830,Prinz,Utteridge,Male,53,putteridgen1@apple.com,Mexico,54455,Help Desk Technician,Marketing,Peso,10/16/2006,830,1,9,Master's Degree,Church Slavic,Eskimo,Paid Time Off,23 Rusk Point
831,Stesha,Crinson,Female,79,scrinsonn2@wix.com,Portugal,4810-050,Help Desk Operator,Human Resources,Euro,3/13/2017,831,2,46,PhD,Cree,Chamorro,Retirement Plan,5642 Corry Trail
832,Eduardo,Mitten,Male,45,emittenn3@yellowpages.com,Latvia,,Chemical Engineer,Product Management,Euro,4/19/2004,832,3,31,PhD,Maltese,Apache,Health Insurance,779 Russell Point
833,Craggy,Darch,Male,21,cdarchn4@ftc.gov,Mexico,45147,Office Assistant II,Marketing,Peso,12/15/2020,833,1,15,PhD,Herero,Alaskan Athabascan,Health Insurance,6 Bonner Center
834,Moses,Collie,Male,59,mcollien5@list-manage.com,South Korea,,Human Resources Manager,Marketing,Won,2/8/2008,834,5,48,Master's Degree,Central Khmer,Osage,Paid Time Off,73 Daystar Court
835,Cam,Drayson,Male,84,cdraysonn6@techcrunch.com,Russia,662927,Assistant Media Planner,Legal,Ruble,1/23/2022,835,2,19,Master's Degree,Sichuan Yi,Cherokee,Retirement Plan,80 Bluestem Road
836,Ludvig,Morcomb,Male,42,lmorcombn7@youtube.com,Morocco,,Information Systems Manager,Business Development,Dirham,9/9/2001,836,3,41,High School Diploma,Ossetian,Vietnamese,Health Insurance,17280 Waxwing Crossing
837,Allayne,Diviney,Polygender,70,adivineyn8@yelp.com,China,,Speech Pathologist,Engineering,Yuan Renminbi,11/2/2014,837,4,3,Master's Degree,"Sotho, Southern",Choctaw,Retirement Plan,0596 Arizona Lane
838,Shirline,Edmonstone,Female,54,sedmonstonen9@delicious.com,Japan,359-1144,Analyst Programmer,Business Development,Yen,6/26/2012,838,2,35,Bachelor's Degree,Sindhi,Sioux,Health Insurance,41 Chive Circle
839,Ruperto,Fishlee,Male,23,rfishleena@yale.edu,Peru,,Technical Writer,Support,Sol,10/20/2004,839,3,44,Bachelor's Degree,Swedish,Honduran,Paid Time Off,3364 Washington Court
840,Niki,Lavarack,Female,56,nlavaracknb@canalblog.com,Afghanistan,,Office Assistant II,Human Resources,Afghani,7/26/2010,840,4,15,Master's Degree,Northern Sami,White,Paid Time Off,5189 Swallow Point
841,Helena,Danniel,Bigender,78,hdannielnc@comsenz.com,China,,Actuary,Engineering,Yuan Renminbi,6/20/2014,841,5,43,Bachelor's Degree,Central Khmer,Iroquois,Retirement Plan,1 Esch Pass
842,Harriette,Haggerty,Female,82,hhaggertynd@wisc.edu,China,,Administrative Assistant I,Business Development,Yuan Renminbi,11/4/2010,842,4,27,Bachelor's Degree,Hebrew,American Indian,Health Insurance,229 Kropf Place
843,Onofredo,Flipsen,Male,81,oflipsenne@businessweek.com,New Caledonia,98850,Geological Engineer,Accounting,Franc,6/21/2018,843,3,9,High School Diploma,Malay,Indonesian,Retirement Plan,45 Meadow Vale Pass
844,Mavis,Clynmans,Female,66,mclynmansnf@flickr.com,Indonesia,,VP Product Management,Services,Rupiah,5/2/2016,844,4,3,Master's Degree,Walloon,Tlingit-Haida,Retirement Plan,9440 Trailsway Center
845,Dolley,Rieme,Female,85,driemeng@privacy.gov.au,Jamaica,,Desktop Support Technician,Research and Development,Dollar,1/20/2009,845,1,39,Bachelor's Degree,Telugu,Native Hawaiian,Retirement Plan,70916 Homewood Point
846,Jehu,Rumin,Male,50,jruminnh@un.org,China,,Nurse,Support,Yuan Renminbi,1/5/2013,846,3,9,Master's Degree,Marshallese,Mexican,Retirement Plan,560 Bonner Center
847,Krispin,Hasel,Male,34,khaselni@biblegateway.com,Pakistan,23050,Speech Pathologist,Support,Rupee,12/22/2013,847,1,17,High School Diploma,Volapük,Puget Sound Salish,Paid Time Off,92 Jenna Road
848,Kevon,Dutson,Male,23,kdutsonnj@discuz.net,Sweden,801 38,Dental Hygienist,Business Development,Krona,4/2/2008,848,1,3,Master's Degree,English,Costa Rican,Paid Time Off,53073 Derek Plaza
849,Windham,Blunt,Genderqueer,26,wbluntnk@last.fm,China,,VP Quality Control,Engineering,Yuan Renminbi,9/4/2003,849,2,9,Master's Degree,Sinhala,Alaska Native,Paid Time Off,37100 Harbort Drive
850,Dorothea,Sumner,Polygender,60,dsumnernl@wisc.edu,Pakistan,86000,General Manager,Sales,Rupee,3/26/2019,850,2,50,High School Diploma,Luba-Katanga,Creek,Health Insurance,7041 Springs Trail
851,Gabrila,Kidwell,Female,35,gkidwellnm@usa.gov,Brazil,35660-000,Human Resources Manager,Support,Real,3/29/2009,851,1,38,Bachelor's Degree,Uzbek,Osage,Paid Time Off,95 Packers Avenue
852,Kingsley,McGuiness,Male,49,kmcguinessnn@webmd.com,Pakistan,54950,Technical Writer,Research and Development,Rupee,9/29/2019,852,4,49,PhD,Azerbaijani,Laotian,Health Insurance,1752 Bonner Pass
853,Lissy,Ferroli,Female,18,lferrolino@eventbrite.com,Pakistan,39051,Statistician IV,Legal,Rupee,9/15/2021,853,3,37,PhD,Irish,Ecuadorian,Paid Time Off,06 Hoard Parkway
854,Ferguson,Broomhead,Male,31,fbroomheadnp@state.gov,Brazil,88300-000,Physical Therapy Assistant,Human Resources,Real,8/18/2006,854,3,3,Master's Degree,Malayalam,Vietnamese,Paid Time Off,68733 Old Gate Court
855,Ranique,Rivelon,Female,18,rrivelonnq@example.com,Belarus,,Teacher,Support,Ruble,2/7/2021,855,1,22,High School Diploma,Navajo,Samoan,Paid Time Off,7 Anderson Plaza
856,Rick,Pughe,Bigender,44,rpughenr@wufoo.com,Central African Republic,,Legal Assistant,Engineering,Franc,7/9/2001,856,4,47,Master's Degree,Norwegian,Chippewa,Retirement Plan,7924 Summit Parkway
857,Vincenty,Douce,Non-binary,31,vdoucens@msu.edu,Poland,26-021,Software Engineer III,Engineering,Zloty,9/2/2005,857,3,25,PhD,Kirghiz,Dominican (Dominican Republic),Paid Time Off,6899 Northview Point
858,Mallorie,Murrells,Female,45,mmurrellsnt@telegraph.co.uk,Mauritius,,Financial Advisor,Engineering,Rupee,8/13/2008,858,2,50,Bachelor's Degree,Uzbek,Venezuelan,Paid Time Off,5 1st Court
859,Rosemary,Willshaw,Female,55,rwillshawnu@freewebs.com,Djibouti,,Office Assistant IV,Sales,Franc,9/17/2016,859,5,40,PhD,Shona,Cherokee,Retirement Plan,815 Anhalt Terrace
860,Ami,Brunning,Female,56,abrunningnv@businesswire.com,China,,Nuclear Power Engineer,Product Management,Yuan Renminbi,1/31/2001,860,3,14,High School Diploma,Zulu,Chippewa,Retirement Plan,28424 Jackson Point
861,Murdoch,Cockling,Male,71,mcocklingnw@seesaa.net,Portugal,4755-211,Senior Editor,Training,Euro,11/10/2001,861,1,4,PhD,Kuanyama,Blackfeet,Health Insurance,70 Pennsylvania Lane
862,Adrianna,Crossman,Female,28,acrossmannx@youku.com,Japan,929-1811,Editor,Services,Yen,3/23/2016,862,3,22,Master's Degree,Oriya,Creek,Retirement Plan,552 Dayton Parkway
863,Kristoffer,Axtens,Male,63,kaxtensny@nsw.gov.au,Indonesia,,Health Coach IV,Services,Rupiah,2/1/2013,863,5,11,Master's Degree,Swati,Ottawa,Paid Time Off,51327 Hanover Junction
864,Hetty,Beneix,Female,40,hbeneixnz@webs.com,Czech Republic,696 12,Accountant II,Sales,Koruna,2/27/2019,864,2,27,High School Diploma,Armenian,Potawatomi,Health Insurance,206 Southridge Hill
865,Bone,Frankom,Male,18,bfrankomo0@sun.com,Kazakhstan,,Automation Specialist I,Engineering,Tenge,12/17/2009,865,5,37,Master's Degree,Yiddish,Salvadoran,Retirement Plan,18 Badeau Circle
866,Gloriana,Chichgar,Non-binary,27,gchichgaro1@reddit.com,Ukraine,,Analyst Programmer,Research and Development,Hryvnia,7/24/2017,866,2,34,Master's Degree,Ukrainian,Vietnamese,Retirement Plan,0 Merchant Lane
867,Shari,Dyer,Female,47,sdyero2@topsy.com,China,,Actuary,Services,Yuan Renminbi,8/19/2001,867,1,27,Bachelor's Degree,Wolof,Venezuelan,Retirement Plan,5358 Bowman Junction
868,Alyda,Lapenna,Female,67,alapennao3@youku.com,China,,Clinical Specialist,Training,Yuan Renminbi,5/12/2005,868,3,17,High School Diploma,Galician,Filipino,Retirement Plan,7401 Vera Terrace
869,Tamqrah,Spottswood,Genderqueer,47,tspottswoodo4@guardian.co.uk,Portugal,4950-770,Professor,Business Development,Euro,7/13/2013,869,2,26,High School Diploma,Occitan (post 1500),Shoshone,Paid Time Off,2759 Claremont Court
870,Tabb,Drinnan,Male,67,tdrinnano5@networksolutions.com,Philippines,5017,Paralegal,Legal,Peso,7/30/2021,870,2,11,Master's Degree,Arabic,Filipino,Retirement Plan,66 7th Way
871,Olav,Voase,Male,72,ovoaseo6@nhs.uk,China,,Junior Executive,Services,Yuan Renminbi,2/11/2000,871,5,40,Bachelor's Degree,Bengali,Korean,Paid Time Off,3966 Farmco Avenue
872,Georgie,Whiteford,Male,29,gwhitefordo7@ucoz.ru,Malta,GDJ,VP Accounting,Marketing,Euro,1/16/2012,872,2,48,Master's Degree,Abkhazian,Choctaw,Retirement Plan,12243 Forster Point
873,Udall,Hawke,Genderfluid,41,uhawkeo8@dell.com,China,,Legal Assistant,Sales,Yuan Renminbi,12/15/2004,873,2,16,Bachelor's Degree,Kashmiri,Puget Sound Salish,Health Insurance,452 Shoshone Trail
874,Alair,Klesl,Male,68,akleslo9@earthlink.net,Brazil,38680-000,Programmer III,Product Management,Real,9/10/2007,874,3,15,High School Diploma,Tswana,Seminole,Retirement Plan,79841 Doe Crossing Junction
875,Neely,Jirzik,Female,29,njirzikoa@hp.com,Mongolia,,Human Resources Assistant II,Human Resources,Tugrik,8/16/2008,875,2,4,High School Diploma,Northern Sami,Costa Rican,Retirement Plan,07 Logan Plaza
876,Deerdre,Jack,Female,47,djackob@usnews.com,Colombia,133028,Staff Accountant I,Training,Peso,1/8/2002,876,5,15,High School Diploma,Ido,Puget Sound Salish,Health Insurance,0 Gerald Avenue
877,Cheston,Scaice,Male,50,cscaiceoc@fotki.com,Russia,663083,Sales Associate,Training,Ruble,7/30/2010,877,5,43,Bachelor's Degree,Latin,Chinese,Retirement Plan,76418 Blue Bill Park Crossing
878,Yolane,Horsburgh,Female,59,yhorsburghod@cam.ac.uk,China,,Internal Auditor,Training,Yuan Renminbi,7/14/2006,878,4,22,PhD,Catalan,Bolivian,Paid Time Off,431 Independence Terrace
879,Pauly,Klauer,Male,32,pklaueroe@ebay.co.uk,Egypt,,Director of Sales,Legal,Pound,4/24/2014,879,4,9,Master's Degree,Aragonese,Micronesian,Paid Time Off,099 Oriole Point
880,Jimmie,Presswell,Male,58,jpresswellof@drupal.org,Armenia,,Business Systems Development Analyst,Support,Dram,9/9/2019,880,4,26,Master's Degree,Tamil,Central American,Paid Time Off,23151 Del Mar Point
881,Seymour,Headrick,Male,36,sheadrickog@thetimes.co.uk,Colombia,522007,Geological Engineer,Support,Peso,12/30/2013,881,5,46,High School Diploma,Czech,Ecuadorian,Retirement Plan,194 Longview Hill
882,Emmeline,Smalman,Female,25,esmalmanoh@mtv.com,Russia,141662,Software Consultant,Legal,Ruble,5/23/2013,882,1,40,Bachelor's Degree,Breton,Creek,Health Insurance,666 Union Lane
883,Cordy,Twiname,Male,19,ctwinameoi@wikimedia.org,Philippines,1686,Budget/Accounting Analyst IV,Business Development,Peso,6/15/2016,883,3,48,High School Diploma,Croatian,Creek,Retirement Plan,9711 Rowland Alley
884,Kylen,Gurr,Polygender,28,kgurroj@theatlantic.com,China,,Occupational Therapist,Sales,Yuan Renminbi,10/19/2000,884,3,43,PhD,Aragonese,Argentinian,Paid Time Off,64949 Nancy Court
885,Vinny,Scotchmor,Male,53,vscotchmorok@acquirethisname.com,Russia,607343,Developer II,Research and Development,Ruble,1/31/2001,885,1,33,High School Diploma,Romansh,Samoan,Health Insurance,5 Vernon Trail
886,Sibyl,Good,Male,34,sgoodol@time.com,Greece,,Safety Technician III,Support,Euro,2/24/2015,886,2,33,High School Diploma,Danish,Native Hawaiian and Other Pacific Islander (NHPI),Paid Time Off,9 Nobel Hill
887,Aviva,Pothbury,Female,36,apothburyom@cnn.com,Australia,1120,Programmer Analyst IV,Support,Dollar,2/26/2016,887,5,29,Bachelor's Degree,Arabic,Yaqui,Paid Time Off,51938 Homewood Crossing
888,Gaye,Merill,Female,82,gmerillon@squidoo.com,China,,Web Designer I,Business Development,Yuan Renminbi,11/21/2017,888,2,5,Master's Degree,Lao,Peruvian,Health Insurance,96 Loomis Avenue
889,Minna,Flack,Female,65,mflackoo@qq.com,Argentina,4162,Pharmacist,Research and Development,Peso,1/7/2001,889,1,50,Master's Degree,Polish,Delaware,Paid Time Off,85 Gale Parkway
890,Ulysses,Triggs,Male,66,utriggsop@hibu.com,China,,Teacher,Training,Yuan Renminbi,5/16/2011,890,2,18,Master's Degree,Interlingue,Sioux,Paid Time Off,448 Atwood Parkway
891,Johnathon,Jamson,Male,27,jjamsonoq@weebly.com,Madagascar,,Sales Representative,Support,Ariary,11/10/2009,891,5,9,PhD,Interlingue,Comanche,Retirement Plan,92809 Coolidge Crossing
892,Lay,Monkeman,Male,52,lmonkemanor@eepurl.com,Indonesia,,Food Chemist,Human Resources,Rupiah,11/20/2012,892,2,2,Bachelor's Degree,Tigrinya,Choctaw,Paid Time Off,4 Arkansas Pass
893,Fae,Orwin,Female,38,forwinos@unesco.org,China,,Help Desk Technician,Accounting,Yuan Renminbi,6/5/2020,893,1,42,Bachelor's Degree,Slovak,Peruvian,Paid Time Off,833 South Parkway
894,Mitchel,Rysom,Male,78,mrysomot@un.org,Peru,,Internal Auditor,Services,Sol,2/14/2017,894,3,34,Bachelor's Degree,Slovak,Asian Indian,Paid Time Off,3 Del Sol Lane
895,Ebeneser,McLoughlin,Male,48,emcloughlinou@g.co,Indonesia,,Operator,Accounting,Rupiah,12/20/2005,895,4,40,High School Diploma,Quechua,Samoan,Paid Time Off,784 Beilfuss Terrace
896,Jimmie,Wimbridge,Male,80,jwimbridgeov@webeden.co.uk,Portugal,9950-225,Programmer III,Legal,Euro,2/1/2008,896,2,10,Master's Degree,Belarusian,Paiute,Paid Time Off,8 Larry Plaza
897,Roy,Wellwood,Male,22,rwellwoodow@youtube.com,Mexico,75694,Actuary,Human Resources,Peso,5/21/2020,897,4,47,Bachelor's Degree,Malayalam,Polynesian,Health Insurance,257 Dennis Circle
898,Analise,Taplow,Female,65,ataplowox@cnbc.com,China,,Safety Technician II,Legal,Yuan Renminbi,12/24/2022,898,2,47,Bachelor's Degree,Herero,Cheyenne,Retirement Plan,52423 Debs Terrace
899,Yul,Schankel,Male,51,yschankeloy@businessweek.com,Portugal,4690-580,Information Systems Manager,Sales,Euro,2/5/2013,899,2,43,High School Diploma,Maltese,Lumbee,Retirement Plan,766 Stephen Crossing
900,Willetta,Garley,Non-binary,72,wgarleyoz@histats.com,Ukraine,,Legal Assistant,Business Development,Hryvnia,5/17/2009,900,2,17,Bachelor's Degree,Telugu,Samoan,Health Insurance,7 Westend Alley
901,Arny,Exton,Male,81,aextonp0@infoseek.co.jp,Albania,,Biostatistician IV,Training,Lek,7/30/2014,901,5,44,Bachelor's Degree,Walloon,Dominican (Dominican Republic),Health Insurance,7 Luster Place
902,Letizia,Boocock,Female,38,lboocockp1@cdbaby.com,France,46091 CEDEX 9,Engineer I,Support,Euro,10/17/2016,902,1,33,High School Diploma,Tibetan,Vietnamese,Paid Time Off,8354 Carberry Point
903,Devonna,Gerrell,Female,45,dgerrellp2@harvard.edu,Poland,14-420,Database Administrator II,Sales,Zloty,12/1/2006,903,5,41,Bachelor's Degree,Chamorro,Colville,Paid Time Off,74950 Armistice Drive
904,Guillemette,Redgate,Female,78,gredgatep3@salon.com,Japan,986-2344,Information Systems Manager,Business Development,Yen,3/7/2017,904,5,4,Bachelor's Degree,Ido,Puerto Rican,Retirement Plan,2 Donald Junction
905,Pepita,Knowlys,Female,65,pknowlysp4@ocn.ne.jp,Botswana,,Office Assistant II,Engineering,Pula,9/3/2014,905,4,44,Master's Degree,Norwegian Nynorsk,Melanesian,Health Insurance,2736 Claremont Street
906,Dael,Saxton,Female,35,dsaxtonp5@woothemes.com,Russia,187742,Research Associate,Marketing,Ruble,7/4/2006,906,5,34,Master's Degree,Sango,Hmong,Paid Time Off,7 Calypso Park
907,Laughton,Charrisson,Male,71,lcharrissonp6@php.net,Portugal,2785-549,Safety Technician IV,Business Development,Euro,7/6/2007,907,5,2,Bachelor's Degree,Igbo,Salvadoran,Health Insurance,4553 Lerdahl Trail
908,Carmelia,MacIan,Female,34,cmacianp7@cnbc.com,Russia,456440,Desktop Support Technician,Human Resources,Ruble,12/10/2009,908,2,5,Bachelor's Degree,Marathi,Pima,Retirement Plan,9449 Buhler Terrace
909,Bridgette,Nettleship,Female,75,bnettleshipp8@google.fr,Portugal,4730-264,Systems Administrator IV,Support,Euro,12/11/2003,909,5,22,High School Diploma,Venda,Ecuadorian,Health Insurance,1 Dennis Lane
910,Charita,Foreman,Female,26,cforemanp9@senate.gov,China,,Analog Circuit Design manager,Human Resources,Yuan Renminbi,8/1/2002,910,4,30,PhD,Sinhala,Melanesian,Paid Time Off,11 Roth Place
911,Felicia,Cregeen,Female,21,fcregeenpa@csmonitor.com,China,,Programmer III,Accounting,Yuan Renminbi,1/7/2022,911,2,30,Bachelor's Degree,Latin,Yuman,Health Insurance,23222 Del Sol Trail
912,Inga,Goodbur,Female,31,igoodburpb@usda.gov,France,84042 CEDEX 9,Accounting Assistant I,Training,Euro,12/30/2008,912,3,25,PhD,Afrikaans,Cambodian,Paid Time Off,0 Express Lane
913,Zola,Gribble,Female,24,zgribblepc@wikia.com,Peru,,VP Product Management,Sales,Sol,10/28/2021,913,2,36,Master's Degree,Korean,Yakama,Health Insurance,33674 Hermina Alley
914,Domini,Baulk,Female,24,dbaulkpd@dropbox.com,Puerto Rico,00731,Account Coordinator,Engineering,Dollar,6/19/2002,914,3,1,PhD,Manx,Sri Lankan,Paid Time Off,6200 Hagan Trail
915,Cindee,Gamell,Genderqueer,37,cgamellpe@merriam-webster.com,Sweden,982 81,Mechanical Systems Engineer,Legal,Krona,4/2/2008,915,5,22,Bachelor's Degree,Lithuanian,Asian Indian,Paid Time Off,6525 Browning Trail
916,Tybie,McWilliam,Female,54,tmcwilliampf@ycombinator.com,Tajikistan,,General Manager,Engineering,Somoni,1/30/2001,916,1,10,PhD,Turkish,Korean,Retirement Plan,37475 Warrior Way
917,Mill,Sturmey,Male,68,msturmeypg@wikimedia.org,Thailand,30370,Account Executive,Support,Baht,11/21/2005,917,4,6,Bachelor's Degree,Bulgarian,Alaskan Athabascan,Health Insurance,0 Red Cloud Point
918,Jameson,Hallowes,Male,24,jhallowesph@sina.com.cn,Tanzania,,Analyst Programmer,Legal,Shilling,12/8/2016,918,1,12,PhD,Ojibwa,Puget Sound Salish,Retirement Plan,462 Trailsway Junction
919,Eric,Ortzen,Male,34,eortzenpi@ustream.tv,Philippines,6109,Business Systems Development Analyst,Support,Peso,3/6/2019,919,1,3,Bachelor's Degree,Gujarati,Native Hawaiian and Other Pacific Islander (NHPI),Retirement Plan,8 Green Ridge Drive
920,Symon,Wrought,Male,69,swroughtpj@w3.org,Tajikistan,,Administrative Officer,Product Management,Somoni,10/6/2019,920,3,22,Bachelor's Degree,Kongo,Argentinian,Retirement Plan,09 Vidon Crossing
921,Meriel,Caen,Female,73,mcaenpk@reference.com,Portugal,4830-813,Analyst Programmer,Human Resources,Euro,2/15/2022,921,1,30,High School Diploma,Guarani,Argentinian,Health Insurance,3762 Morrow Center
922,Dick,Meech,Male,42,dmeechpl@php.net,Indonesia,,Geological Engineer,Marketing,Rupiah,2/17/2004,922,3,31,PhD,Gujarati,Yaqui,Health Insurance,50 Mccormick Street
923,Quintana,Setch,Female,70,qsetchpm@census.gov,Bulgaria,4223,Data Coordinator,Training,Lev,9/14/2013,923,3,13,Master's Degree,Lao,Chippewa,Paid Time Off,85791 Redwing Crossing
924,Eloise,Olive,Female,49,eolivepn@plala.or.jp,France,75884 CEDEX 18,Dental Hygienist,Product Management,Euro,2/25/2004,924,4,7,PhD,Bislama,Alaskan Athabascan,Retirement Plan,0 Memorial Alley
925,Salem,Bouts,Male,66,sboutspo@xrea.com,China,,Structural Engineer,Training,Yuan Renminbi,10/31/2002,925,4,28,PhD,Interlingua (International Auxiliary Language Association),Sri Lankan,Health Insurance,40911 Stone Corner Park
926,Menard,Sculpher,Male,19,msculpherpp@php.net,China,,Financial Advisor,Support,Yuan Renminbi,5/9/2016,926,3,19,Master's Degree,Ossetian,Delaware,Paid Time Off,334 Bunting Park
927,Haroun,Radage,Male,57,hradagepq@globo.com,China,,Nurse Practicioner,Sales,Yuan Renminbi,4/1/2017,927,1,29,PhD,Arabic,Potawatomi,Retirement Plan,0907 Bunker Hill Court
928,Reamonn,Bezzant,Male,43,rbezzantpr@cyberchimps.com,Philippines,8009,Systems Administrator IV,Training,Peso,11/29/2016,928,4,25,PhD,Nauru,Asian,Retirement Plan,40 Stang Pass
929,Emiline,Roote,Female,22,erooteps@etsy.com,Indonesia,,VP Product Management,Marketing,Rupiah,9/12/2014,929,3,10,High School Diploma,Sundanese,Chickasaw,Retirement Plan,37811 Sycamore Road
930,Adolph,Skellon,Male,28,askellonpt@spotify.com,China,,Help Desk Operator,Support,Yuan Renminbi,8/20/2003,930,5,8,High School Diploma,"Greek, Modern (1453-)",Cherokee,Health Insurance,32 Myrtle Junction
931,Gabriello,Gateshill,Male,25,ggateshillpu@github.io,China,,Account Executive,Marketing,Yuan Renminbi,8/26/2002,931,1,35,Master's Degree,Ndonga,Hmong,Paid Time Off,69 Farwell Pass
932,Carny,Luisetti,Male,51,cluisettipv@delicious.com,China,,Accounting Assistant II,Marketing,Yuan Renminbi,9/22/2017,932,4,45,Master's Degree,Gujarati,Sioux,Health Insurance,0009 Bashford Parkway
933,Amalita,Francecione,Female,22,afrancecionepw@pbs.org,United States,45440,VP Marketing,Legal,Dollar,4/5/2009,933,3,27,Bachelor's Degree,Chuvash,Malaysian,Health Insurance,28 Warrior Plaza
934,Antonino,Saveall,Male,79,asaveallpx@domainmarket.com,Indonesia,,Staff Scientist,Training,Rupiah,4/29/2011,934,4,6,Master's Degree,Serbian,Pueblo,Retirement Plan,03095 Stephen Junction
935,Oswald,Fintoph,Male,72,ofintophpy@123-reg.co.uk,Brazil,95185-000,Systems Administrator I,Support,Real,9/22/2018,935,5,40,PhD,Hausa,White,Paid Time Off,50 Roxbury Hill
936,Maxie,Luipold,Female,21,mluipoldpz@prweb.com,China,,Civil Engineer,Sales,Yuan Renminbi,10/28/2009,936,4,13,Master's Degree,Turkish,Cambodian,Health Insurance,1 Eastwood Park
937,Hanan,Menauteau,Male,25,hmenauteauq0@imageshack.us,Paraguay,,Administrative Officer,Services,Guarani,10/8/2022,937,3,20,PhD,Catalan,Tongan,Health Insurance,98 Eastlawn Hill
938,Klement,Blanking,Male,76,kblankingq1@comcast.net,Iran,,Recruiting Manager,Training,Rial,6/30/2017,938,1,14,Bachelor's Degree,Akan,Latin American Indian,Retirement Plan,643 Anhalt Center
939,Hildy,Thurling,Female,27,hthurlingq2@intel.com,China,,Programmer Analyst IV,Business Development,Yuan Renminbi,9/12/2010,939,3,6,High School Diploma,Latvian,Mexican,Paid Time Off,038 John Wall Drive
940,Aimil,Rays,Female,69,araysq3@cargocollective.com,Venezuela,,Biostatistician III,Services,Bolivar,5/6/2006,940,3,33,PhD,Ukrainian,Laotian,Retirement Plan,2677 Anhalt Center
941,Shermie,Linnemann,Male,26,slinnemannq4@usgs.gov,Serbia,,Registered Nurse,Support,Dinar,12/6/2015,941,2,49,PhD,Norwegian,Chinese,Paid Time Off,92044 Thompson Hill
942,Kipp,Giovannacc@i,Female,18,kgiovannacciq5@ezinearticles.com,Dominica,,Staff Accountant III,Training,Dollar,1/29/2021,942,5,24,Master's Degree,Kashmiri,Shoshone,Health Insurance,30 Schmedeman Center
943,Guillema,Webborn,Female,82,gwebbornq6@pagesperso-orange.fr,Indonesia,,Software Consultant,Engineering,Rupiah,2/24/2000,943,4,15,Bachelor's Degree,Malay,Cherokee,Paid Time Off,805 Stoughton Hill
944,Slade,Groundwator,Male,48,sgroundwatorq7@samsung.com,Thailand,45160,Developer I,Sales,Baht,6/24/2022,944,3,48,Bachelor's Degree,Tajik,Sri Lankan,Health Insurance,4580 Lillian Point
945,Giacinta,Poker,Female,27,gpokerq8@ibm.com,Finland,77580,Chemical Engineer,Support,Euro,11/11/2014,945,4,49,PhD,Manx,Laotian,Retirement Plan,6 Warrior Trail
946,Ford,Arson,Male,84,farsonq9@npr.org,United Kingdom,AB39,Developer III,Support,Pound,12/31/2015,946,4,5,High School Diploma,Fulah,Apache,Paid Time Off,2 Carey Court
947,Tori,Simeons,Female,31,tsimeonsqa@geocities.com,Canada,M5G,VP Accounting,Marketing,Dollar,4/13/2010,947,3,42,Master's Degree,Turkish,Argentinian,Health Insurance,6676 Everett Avenue
948,Adi,Schleicher,Female,60,aschleicherqb@alexa.com,China,,Chief Design Engineer,Research and Development,Yuan Renminbi,9/29/2011,948,1,20,Master's Degree,Avaric,Latin American Indian,Paid Time Off,67262 Hoard Trail
949,Roderick,Coupe,Male,28,rcoupeqc@youtube.com,Portugal,4990-565,Assistant Manager,Marketing,Euro,9/28/2014,949,2,22,High School Diploma,Sinhala,Shoshone,Paid Time Off,1789 Hoffman Place
950,Titos,Seawright,Male,39,tseawrightqd@lycos.com,Malaysia,20916,VP Quality Control,Legal,Ringgit,5/14/2002,950,1,29,High School Diploma,Xhosa,Ottawa,Health Insurance,129 Oriole Park
951,Woodie,Levett,Male,60,wlevettqe@samsung.com,China,,Quality Control Specialist,Research and Development,Yuan Renminbi,4/2/2005,951,3,13,PhD,Avaric,Guatemalan,Paid Time Off,248 Scott Alley
952,Filbert,Bum,Male,27,fbumqf@berkeley.edu,Peru,,Senior Quality Engineer,Services,Sol,8/26/2012,952,5,26,PhD,Ndonga,Aleut,Health Insurance,5 Mesta Road
953,Maudie,Bessell,Female,63,mbessellqg@bloglovin.com,Ukraine,,Paralegal,Business Development,Hryvnia,4/25/2000,953,3,35,Bachelor's Degree,Hebrew,Cuban,Paid Time Off,1 Hollow Ridge Hill
954,Bathsheba,Oxtarby,Female,75,boxtarbyqh@telegraph.co.uk,Honduras,,Staff Scientist,Accounting,Lempira,11/6/2019,954,2,43,Bachelor's Degree,Korean,Puget Sound Salish,Health Insurance,5075 Sycamore Way
955,Fallon,Hulbert,Female,75,fhulbertqi@hatena.ne.jp,Cuba,,Software Test Engineer III,Legal,Peso,6/23/2015,955,5,43,Master's Degree,Javanese,Samoan,Paid Time Off,1 Carioca Circle
956,Klarika,Seth,Female,22,ksethqj@cmu.edu,Bulgaria,5056,Pharmacist,Legal,Lev,2/7/2003,956,4,1,Bachelor's Degree,Tagalog,Chippewa,Health Insurance,318 Laurel Circle
957,Theresina,Nunnery,Female,60,tnunneryqk@weebly.com,Germany,14199,Financial Advisor,Legal,Euro,2/5/2015,957,4,11,High School Diploma,Northern Sami,Shoshone,Health Insurance,19 Mallard Street
958,Zeb,Gurko,Male,28,zgurkoql@ucla.edu,Mexico,70760,Computer Systems Analyst I,Human Resources,Peso,7/2/2010,958,2,50,PhD,Kurdish,Puerto Rican,Paid Time Off,33105 Mosinee Point
959,Melvyn,Deelay,Male,33,mdeelayqm@nsw.gov.au,Indonesia,,Technical Writer,Research and Development,Rupiah,10/10/2016,959,5,45,Bachelor's Degree,Herero,Eskimo,Paid Time Off,6648 Pierstorff Terrace
960,Keenan,Shepley,Male,63,kshepleyqn@intel.com,Mexico,93856,Programmer Analyst I,Business Development,Peso,3/23/2015,960,2,5,Bachelor's Degree,Telugu,Alaskan Athabascan,Health Insurance,146 Nevada Center
961,Odele,Scrowson,Female,80,oscrowsonqo@whitehouse.gov,France,13568 CEDEX 02,Accountant II,Engineering,Euro,4/30/2000,961,5,10,Master's Degree,Hausa,Filipino,Health Insurance,48498 Harper Center
962,Walden,Uzelli,Male,84,wuzelliqp@discovery.com,China,,Product Engineer,Marketing,Yuan Renminbi,8/20/2007,962,3,14,Bachelor's Degree,Inuktitut,Blackfeet,Retirement Plan,98 Corry Drive
963,Diandra,Hacker,Female,49,dhackerqq@cdbaby.com,China,,Quality Engineer,Human Resources,Yuan Renminbi,1/7/2001,963,4,37,Master's Degree,"Bokmål, Norwegian",Puerto Rican,Retirement Plan,372 Sycamore Park
964,Odell,Enrietto,Male,43,oenriettoqr@msn.com,Sweden,971 05,Clinical Specialist,Engineering,Krona,7/28/2013,964,2,44,PhD,Sango,Puget Sound Salish,Retirement Plan,107 Dapin Drive
965,Tiff,Zorener,Female,81,tzorenerqs@shinystat.com,Argentina,7165,Geologist I,Marketing,Peso,4/11/2012,965,4,0,Bachelor's Degree,Igbo,Dominican (Dominican Republic),Retirement Plan,63277 Brown Trail
966,Reggie,Stripling,Female,30,rstriplingqt@ftc.gov,Brazil,59000-000,Operator,Human Resources,Real,6/10/2020,966,4,26,High School Diploma,Inuktitut,Hmong,Paid Time Off,7354 Marcy Lane
967,Adah,Pomfrey,Genderqueer,84,apomfreyqu@nature.com,Peru,,Nuclear Power Engineer,Services,Sol,1/26/2015,967,4,50,High School Diploma,Belarusian,Laotian,Retirement Plan,66395 Michigan Center
968,Missy,Matityahu,Female,72,mmatityahuqv@webmd.com,Thailand,61150,Human Resources Assistant I,Services,Baht,2/21/2020,968,3,31,Bachelor's Degree,Swati,Vietnamese,Health Insurance,4 Sage Lane
969,Henrik,Etherson,Male,85,hethersonqw@hp.com,China,,Information Systems Manager,Accounting,Yuan Renminbi,3/31/2018,969,5,49,Master's Degree,Marshallese,Japanese,Paid Time Off,16 Pierstorff Center
970,Marijo,Poncet,Female,42,mponcetqx@drupal.org,Greece,,Legal Assistant,Human Resources,Euro,6/2/2022,970,2,36,PhD,Welsh,Choctaw,Retirement Plan,55 Autumn Leaf Street
971,Wileen,Forsdicke,Female,38,wforsdickeqy@meetup.com,Thailand,80190,Internal Auditor,Sales,Baht,2/16/2004,971,4,31,PhD,Mongolian,Fijian,Health Insurance,7511 Laurel Road
972,Neron,Maffini,Male,77,nmaffiniqz@eepurl.com,Brazil,70000-000,General Manager,Research and Development,Real,9/19/2009,972,3,43,Master's Degree,Pushto,Salvadoran,Paid Time Off,98700 Longview Circle
973,Hillier,Chesshire,Male,36,hchesshirer0@geocities.jp,China,,Structural Engineer,Business Development,Yuan Renminbi,2/10/2010,973,4,15,Bachelor's Degree,Indonesian,White,Paid Time Off,8519 Brentwood Place
974,Shane,Cattonnet,Male,18,scattonnetr1@google.com.au,Vietnam,,Graphic Designer,Sales,Dong,5/11/2007,974,4,0,Master's Degree,Tswana,Sioux,Health Insurance,23 Hansons Lane
975,Kermy,Curcher,Male,70,kcurcherr2@yellowpages.com,Bangladesh,4343,Geologist I,Engineering,Taka,12/25/2003,975,5,24,High School Diploma,Amharic,Black or African American,Paid Time Off,8 Continental Drive
976,Marrilee,Sainteau,Female,71,msainteaur3@webnode.com,China,,Safety Technician I,Business Development,Yuan Renminbi,4/26/2018,976,4,0,High School Diploma,English,Vietnamese,Retirement Plan,8 Anderson Pass
977,Basilius,Mallows,Male,78,bmallowsr4@imdb.com,Indonesia,,Sales Representative,Product Management,Rupiah,9/15/2010,977,3,39,Master's Degree,Japanese,Black or African American,Retirement Plan,32 Gina Terrace
978,Madelon,Fasey,Female,66,mfaseyr5@abc.net.au,Indonesia,,Web Designer II,Services,Rupiah,6/2/2013,978,3,43,High School Diploma,Ukrainian,Melanesian,Retirement Plan,2 Emmet Point
979,Thedrick,Matresse,Male,21,tmatresser6@huffingtonpost.com,Philippines,7106,Staff Scientist,Marketing,Peso,1/26/2019,979,4,44,Master's Degree,Ewe,Menominee,Health Insurance,733 Stephen Hill
980,Dixie,Cabel,Female,22,dcabelr7@archive.org,Thailand,86000,Help Desk Technician,Engineering,Baht,10/4/2019,980,4,13,High School Diploma,Sichuan Yi,Native Hawaiian and Other Pacific Islander (NHPI),Health Insurance,051 Pennsylvania Crossing
981,Ken,Klais,Male,76,kklaisr8@oracle.com,China,,Information Systems Manager,Services,Yuan Renminbi,12/29/2002,981,2,22,Master's Degree,Ojibwa,Melanesian,Health Insurance,34557 Knutson Trail
982,Tod,Gasticke,Male,35,tgasticker9@blogger.com,Indonesia,,Software Test Engineer III,Accounting,Rupiah,2/22/2015,982,4,28,Bachelor's Degree,Aragonese,Pima,Paid Time Off,5823 Lakewood Street
983,Ardelis,Filip,Female,22,afilipra@bbb.org,Indonesia,,Recruiter,Research and Development,Rupiah,1/22/2016,983,1,11,Master's Degree,Slovenian,Tongan,Health Insurance,94 Blackbird Point
984,Birgit,Darnell,Female,31,bdarnellrb@posterous.com,Philippines,1659,Media Manager I,Sales,Peso,11/12/2007,984,5,5,Master's Degree,Breton,Pima,Retirement Plan,2935 Heath Hill
985,Christian,Pitcock,Female,20,cpitcockrc@ihg.com,Russia,352812,Nurse Practicioner,Accounting,Ruble,6/9/2002,985,2,43,Master's Degree,Lithuanian,Blackfeet,Paid Time Off,1 Lakeland Park
986,Brooks,Newens,Female,35,bnewensrd@csmonitor.com,Philippines,5027,VP Accounting,Sales,Peso,10/1/2013,986,2,5,High School Diploma,Marathi,Micronesian,Retirement Plan,70497 Victoria Point
987,Vergil,Baterip,Male,36,vbateripre@feedburner.com,China,,Senior Financial Analyst,Support,Yuan Renminbi,2/27/2022,987,2,18,High School Diploma,Esperanto,Black or African American,Paid Time Off,2860 Iowa Court
988,Ware,Cullin,Genderqueer,85,wcullinrf@gnu.org,Indonesia,,Staff Scientist,Training,Rupiah,6/13/2009,988,3,12,PhD,Quechua,Venezuelan,Paid Time Off,010 Bluejay Crossing
989,Andree,Stace,Female,74,astacerg@eepurl.com,Uruguay,,Information Systems Manager,Services,Peso,10/19/2012,989,5,7,PhD,Turkish,American Indian,Retirement Plan,06776 Stuart Junction
990,Gerda,Krzyzowski,Female,48,gkrzyzowskirh@epa.gov,China,,Legal Assistant,Product Management,Yuan Renminbi,2/23/2013,990,5,42,PhD,Church Slavic,Alaskan Athabascan,Health Insurance,8277 Corben Circle
991,Robinetta,Lamburn,Female,31,rlamburnri@bloglines.com,Sweden,631 02,Analog Circuit Design manager,Services,Krona,6/8/2015,991,1,45,PhD,"Greek, Modern (1453-)",Venezuelan,Paid Time Off,70 Harbort Point
992,Evonne,Pladen,Female,81,epladenrj@weibo.com,Argentina,9201,Information Systems Manager,Legal,Peso,3/24/2010,992,4,22,Bachelor's Degree,Slovenian,Samoan,Health Insurance,855 Comanche Avenue
993,Lesley,Cronchey,Female,63,lcroncheyrk@comcast.net,Indonesia,,Systems Administrator III,Engineering,Rupiah,4/11/2010,993,4,31,Master's Degree,Walloon,Comanche,Health Insurance,9 Larry Pass
994,Clayborne,Letixier,Male,59,cletixierrl@taobao.com,Philippines,4905,Nuclear Power Engineer,Sales,Peso,11/5/2021,994,4,39,Master's Degree,Assamese,Cree,Paid Time Off,4 Messerschmidt Street
995,Erinna,Elger,Female,25,eelgerrm@miitbeian.gov.cn,Mexico,37800,Business Systems Development Analyst,Support,Peso,6/15/2001,995,4,50,PhD,Japanese,Filipino,Paid Time Off,66 Raven Avenue
996,Trish,Huggard,Female,63,thuggardrn@booking.com,Indonesia,,Financial Analyst,Engineering,Rupiah,4/24/2009,996,3,10,Bachelor's Degree,"Ndebele, South",Delaware,Health Insurance,24047 Paget Drive
997,Tamas,Magor,Male,65,tmagorro@jigsy.com,Poland,00-805,Dental Hygienist,Engineering,Zloty,3/15/2004,997,3,35,Bachelor's Degree,Aymara,Yaqui,Retirement Plan,1 Del Mar Court
998,Falito,Chavez,Male,46,fchavezrp@businessinsider.com,Myanmar,,Database Administrator III,Accounting,Kyat,10/6/2000,998,3,37,Bachelor's Degree,Kanuri,Cree,Retirement Plan,182 4th Junction
999,Guthry,Stroband,Male,64,gstrobandrq@virginia.edu,Japan,979-1501,Project Manager,Legal,Yen,8/5/2019,999,5,35,High School Diploma,Tajik,Chippewa,Paid Time Off,24496 Graceland Lane
1000,Angelia,Bearward,Female,80,abearwardrr@sourceforge.net,Poland,62-290,VP Accounting,Accounting,Zloty,9/24/2011,1000,3,15,Master's Degree,Irish,White,Retirement Plan,14637 Fordem Plaza
