employee_id,first_name,last_name,gender,age,email,country,postal_code,department,salary,hire_date,manager_id,performance_rating,job_title,work_location,work_schedule,vacation_days,start_time,end_time,overtime_hours
1,Urban,Cupitt,Female,28,ucupitt0@hatena.ne.jp,China,,HR,117368.97,5/3/2018,1,2.8,Clinical Specialist,Office,Full-time,8,11:12 PM,5:30 AM,18
2,Sherline,Gerholz,Non-binary,53,sgerholz1@mac.com,United States,99507,Marketing,108082.61,4/14/2010,2,4.7,Software Test Engineer III,Office,Full-time,30,4:19 PM,3:11 AM,10
3,Joyan,Edmead,Non-binary,34,jedmead2@bloglines.com,Ireland,D04,IT,129246.6,4/21/2016,3,2.3,Occupational Therapist,Remote,Part-time,19,9:45 AM,11:19 PM,18
4,Margalit,Cantillion,Male,61,mcantillion3@businessweek.com,France,33274 CEDEX,IT,141019.85,5/30/2010,4,1.3,Software Consultant,Office,Part-time,11,4:58 AM,12:52 PM,19
5,Berkly,Calan,Non-binary,32,bcalan4@scientificamerican.com,Brazil,18190-000,Marketing,68385.4,11/4/2014,5,3.9,Graphic Designer,Remote,Part-time,13,3:51 PM,5:27 AM,13
6,Dino,Finders,Female,18,dfinders5@goodreads.com,Indonesia,,IT,33340.89,10/17/2014,6,3.4,Account Representative III,Remote,Part-time,18,6:10 PM,2:39 PM,6
7,Aubine,Fieldstone,Male,43,afieldstone6@comcast.net,China,,Sales,147799.62,10/6/2020,7,4.2,Operator,Remote,Full-time,5,5:46 AM,3:31 PM,16
8,Nicolette,Pauleau,Non-binary,39,npauleau7@youtube.com,China,,IT,126541.16,3/28/2018,8,1.1,Technical Writer,Remote,Part-time,12,10:32 PM,11:53 PM,13
9,Ines,Broadberrie,Non-binary,36,ibroadberrie8@ted.com,Philippines,5609,Marketing,61816.65,10/24/2013,9,4.9,Chief Design Engineer,Office,Part-time,6,12:24 PM,7:46 PM,11
10,Vance,Beckensall,Non-binary,47,vbeckensall9@trellian.com,China,,Marketing,52990.79,2/17/2017,10,4.3,Programmer II,Office,Full-time,9,12:28 AM,7:54 AM,9
11,Cob,Speare,Male,63,cspearea@ask.com,China,,HR,70595.1,4/18/2017,11,1.7,Assistant Professor,Office,Part-time,0,2:15 PM,9:37 AM,15
12,Bendicty,Darington,Non-binary,52,bdaringtonb@hp.com,Norway,3912,Sales,96337.15,5/13/2021,12,2.4,Help Desk Operator,Office,Full-time,28,2:01 AM,6:32 AM,7
13,Siana,Bote,Non-binary,24,sbotec@google.pl,China,,HR,108597.9,12/14/2013,13,4.8,Systems Administrator IV,Remote,Full-time,3,8:12 PM,12:18 AM,18
14,Tommi,Gawthrop,Non-binary,24,tgawthropd@studiopress.com,China,,Marketing,42741.33,10/18/2014,14,2.1,Assistant Manager,Remote,Part-time,24,4:30 AM,8:09 AM,11
15,Hildegaard,Tommen,Male,61,htommene@theguardian.com,Russia,143912,Sales,97333.96,2/15/2017,15,2.6,Environmental Specialist,Office,Full-time,11,3:08 AM,11:31 PM,5
16,Sol,Gilliver,Female,32,sgilliverf@hugedomains.com,Micronesia,,Sales,106186.68,6/26/2018,16,5.0,Professor,Office,Part-time,22,9:57 AM,8:09 AM,11
17,Emilia,Joburn,Non-binary,19,ejoburng@prnewswire.com,Japan,798-1354,Sales,128691.85,8/19/2011,17,1.5,Professor,Office,Full-time,28,1:47 PM,1:15 PM,10
18,Muffin,Curbishley,Non-binary,60,mcurbishleyh@zdnet.com,China,,HR,139909.85,5/16/2011,18,2.9,Teacher,Remote,Full-time,20,8:43 PM,1:06 AM,11
19,August,Brodnecke,Male,59,abrodneckei@msu.edu,China,,Marketing,126542.95,7/1/2021,19,4.6,Technical Writer,Remote,Part-time,26,11:20 PM,10:33 AM,3
20,Ernesto,Vedntyev,Male,35,evedntyevj@rambler.ru,Poland,87-148,HR,55582.23,1/19/2016,20,3.5,Clinical Specialist,Remote,Full-time,21,10:01 AM,10:29 AM,16
21,Bearnard,Maldin,Male,45,bmaldink@smugmug.com,China,,IT,123285.16,2/7/2013,21,4.5,Programmer II,Remote,Full-time,10,1:22 PM,11:53 PM,19
22,Daron,Loveland,Female,50,dlovelandl@symantec.com,Yemen,,HR,142907.95,2/16/2015,22,1.1,Community Outreach Specialist,Office,Part-time,12,11:16 PM,11:15 AM,14
23,Immanuel,Edy,Non-binary,48,iedym@myspace.com,Indonesia,,HR,141486.91,11/11/2014,23,4.2,Senior Quality Engineer,Remote,Part-time,16,7:21 PM,6:45 AM,18
24,Edgar,Pinkard,Non-binary,21,epinkardn@tripod.com,United States,20436,Sales,118551.83,6/9/2013,24,3.3,Structural Analysis Engineer,Remote,Full-time,11,9:33 AM,1:12 PM,9
25,Madlin,Forbear,Male,54,mforbearo@symantec.com,Kyrgyzstan,,HR,117806.52,11/12/2016,25,3.5,Developer II,Remote,Part-time,26,1:20 AM,3:05 AM,9
26,Aurlie,Ferreras,Non-binary,29,aferrerasp@ft.com,Honduras,,IT,73830.83,9/12/2020,26,1.2,Quality Control Specialist,Remote,Part-time,21,2:36 PM,8:36 AM,8
27,Margit,Boggs,Male,40,mboggsq@hud.gov,Colombia,418008,HR,143372.82,8/23/2021,27,4.2,Senior Editor,Remote,Full-time,19,9:43 AM,10:19 AM,6
28,Donn,Noon,Female,30,dnoonr@bandcamp.com,Estonia,,Marketing,106420.79,1/13/2017,28,1.8,Professor,Office,Full-time,5,12:13 AM,7:16 AM,4
29,Rhona,Fairey,Female,46,rfaireys@seattletimes.com,China,,Marketing,99344.03,8/15/2017,29,4.5,Help Desk Operator,Office,Full-time,6,8:46 AM,8:44 AM,8
30,Wilbur,Stollen,Female,59,wstollent@comcast.net,Portugal,4960-320,IT,110413.72,1/18/2020,30,1.6,Software Engineer I,Remote,Part-time,9,1:13 PM,2:24 AM,5
31,Nadeen,Gosswell,Male,31,ngosswellu@businesswire.com,Indonesia,,IT,31668.22,1/7/2014,31,1.9,Help Desk Operator,Remote,Full-time,13,12:30 AM,12:48 AM,15
32,Ula,Brobyn,Non-binary,45,ubrobynv@slate.com,China,,Marketing,42371.82,4/19/2013,32,2.4,Community Outreach Specialist,Remote,Full-time,29,12:46 AM,12:35 AM,20
33,Iris,Bielfelt,Male,51,ibielfeltw@mashable.com,China,,IT,138284.82,5/13/2010,33,3.2,Engineer III,Remote,Part-time,13,5:53 PM,11:28 PM,19
34,Codi,Reinger,Male,25,creingerx@yale.edu,Indonesia,,Sales,72852.0,10/4/2018,34,2.7,Actuary,Remote,Part-time,18,12:27 PM,9:10 AM,14
35,Judon,McNirlin,Male,61,jmcnirliny@sbwire.com,Russia,352720,Sales,127767.62,6/27/2012,35,3.3,Environmental Specialist,Office,Part-time,0,5:12 AM,4:38 PM,6
36,Orazio,Pinchon,Female,36,opinchonz@google.ca,China,,HR,125822.97,12/15/2010,36,3.5,Recruiter,Remote,Full-time,22,6:09 PM,2:15 PM,3
37,Marys,Zahor,Non-binary,23,mzahor10@tinyurl.com,Sierra Leone,,Marketing,106801.52,10/13/2018,37,2.8,Senior Quality Engineer,Office,Part-time,2,4:34 AM,10:06 AM,16
38,Torrence,Sandy,Female,50,tsandy11@flavors.me,Argentina,3461,Sales,84576.87,8/26/2019,38,4.0,Account Coordinator,Remote,Part-time,3,10:33 AM,7:37 PM,19
39,Lyn,Trench,Non-binary,33,ltrench12@tamu.edu,Italy,50136,HR,116384.3,9/6/2011,39,4.9,Mechanical Systems Engineer,Office,Part-time,14,5:57 AM,9:49 AM,4
40,Norbert,Permain,Female,40,npermain13@marketwatch.com,China,,Sales,50353.47,6/12/2020,40,2.6,Community Outreach Specialist,Office,Full-time,8,11:29 AM,7:22 PM,20
41,Terry,Leverage,Male,49,tleverage14@prlog.org,Nicaragua,,HR,114582.15,1/27/2014,41,2.5,Software Test Engineer II,Remote,Full-time,23,6:37 AM,8:25 PM,18
42,Harlan,Silcock,Male,31,hsilcock15@rakuten.co.jp,Brazil,58280-000,Sales,63991.36,1/1/2021,42,1.2,Information Systems Manager,Remote,Full-time,14,2:16 PM,1:17 AM,8
43,Dasie,Chicchelli,Non-binary,34,dchicchelli16@abc.net.au,Burkina Faso,,Sales,147066.16,6/18/2019,43,3.4,Systems Administrator II,Office,Full-time,23,11:22 AM,3:55 AM,17
44,Joey,Baldassi,Female,28,jbaldassi17@amazon.co.jp,Pakistan,22161,HR,120376.19,7/14/2021,44,3.7,Human Resources Manager,Office,Full-time,25,11:36 PM,10:59 AM,7
45,Donetta,Keemar,Non-binary,22,dkeemar18@ihg.com,Russia,396943,HR,52641.75,10/7/2015,45,1.9,Accounting Assistant I,Remote,Full-time,14,2:37 PM,4:10 PM,5
46,Lorelei,Sprowell,Male,29,lsprowell19@cdbaby.com,Russia,216546,Marketing,97086.98,11/14/2010,46,2.3,Clinical Specialist,Office,Part-time,3,8:20 AM,2:54 AM,5
47,Lynde,Brockelsby,Non-binary,27,lbrockelsby1a@shutterfly.com,Brazil,13700-000,Marketing,112429.3,2/28/2012,47,1.8,VP Sales,Office,Full-time,30,7:24 AM,10:30 AM,5
48,Meryl,Skoyles,Male,49,mskoyles1b@theguardian.com,Macedonia,1220,HR,115372.3,6/17/2021,48,2.9,Media Manager II,Office,Full-time,15,7:26 PM,1:26 PM,2
49,Gradey,Kimbell,Male,18,gkimbell1c@ameblo.jp,Portugal,8400-017,IT,49482.05,1/12/2017,49,4.9,Geologist I,Remote,Part-time,13,8:23 AM,12:03 PM,1
50,Margeaux,Baber,Male,60,mbaber1d@usa.gov,Indonesia,,HR,148301.35,1/20/2017,50,2.2,Accountant IV,Office,Part-time,5,1:12 PM,4:24 AM,12
51,Travus,Dourin,Female,33,tdourin1e@issuu.com,Cuba,,Marketing,86497.82,5/25/2015,51,2.4,Engineer III,Office,Part-time,13,6:01 PM,6:18 PM,14
52,Laura,Hayzer,Male,51,lhayzer1f@infoseek.co.jp,Colombia,190018,HR,149060.96,12/2/2016,52,1.5,Senior Quality Engineer,Remote,Full-time,10,2:29 PM,4:53 PM,2
53,Reuben,Ebbage,Male,46,rebbage1g@4shared.com,Thailand,66210,Sales,77596.94,11/16/2020,53,2.1,Cost Accountant,Remote,Full-time,8,6:18 AM,9:34 PM,12
54,Krysta,Smiley,Male,34,ksmiley1h@nasa.gov,Indonesia,,HR,44483.92,11/17/2017,54,3.6,VP Accounting,Office,Full-time,24,8:20 AM,3:41 PM,3
55,Broderic,Billsberry,Female,21,bbillsberry1i@ning.com,Indonesia,,IT,111678.93,7/8/2014,55,2.5,Electrical Engineer,Office,Part-time,7,12:44 PM,9:12 AM,19
56,Eldin,McGennis,Non-binary,52,emcgennis1j@latimes.com,Chile,,IT,31740.69,1/2/2013,56,1.2,VP Product Management,Office,Part-time,17,8:44 PM,8:25 AM,13
57,Saundra,Stefi,Male,29,sstefi1k@tripod.com,Iran,,HR,118056.57,8/13/2013,57,1.9,Internal Auditor,Remote,Full-time,13,3:59 PM,10:30 PM,8
58,Effie,Cooney,Female,53,ecooney1l@nasa.gov,Sweden,601 14,HR,46697.11,3/20/2018,58,2.3,Assistant Manager,Remote,Full-time,16,10:15 AM,7:01 AM,9
59,Peggy,Scobbie,Non-binary,25,pscobbie1m@columbia.edu,China,,Marketing,70765.38,11/12/2017,59,4.9,Mechanical Systems Engineer,Office,Part-time,22,5:13 PM,4:20 PM,19
60,Wilhelm,Panswick,Non-binary,44,wpanswick1n@yolasite.com,Philippines,5707,HR,36616.73,2/24/2014,60,1.6,Electrical Engineer,Remote,Full-time,24,12:15 PM,3:56 AM,0
61,Marley,Pinhorn,Male,26,mpinhorn1o@msn.com,China,,Sales,43707.28,10/18/2010,61,1.1,Software Test Engineer III,Remote,Part-time,16,6:11 PM,12:10 PM,19
62,Trev,Baseke,Male,34,tbaseke1p@google.com.au,Bulgaria,9499,Sales,58810.25,2/11/2014,62,1.2,Legal Assistant,Office,Part-time,7,11:15 PM,12:11 AM,12
63,Lexis,Kimmings,Male,31,lkimmings1q@quantcast.com,China,,IT,117283.89,9/20/2013,63,4.9,Nuclear Power Engineer,Office,Full-time,11,2:29 AM,10:40 AM,19
64,Billie,Aronsohn,Female,51,baronsohn1r@mtv.com,Philippines,1664,Sales,41740.83,10/23/2016,64,1.4,Senior Financial Analyst,Remote,Full-time,28,3:23 PM,9:30 PM,20
65,Ryon,Maystone,Female,29,rmaystone1s@facebook.com,United States,91117,Sales,140336.73,5/18/2011,65,3.9,Tax Accountant,Office,Full-time,8,7:19 PM,5:55 PM,15
66,Vinson,Moylan,Female,40,vmoylan1t@elpais.com,Portugal,4730-410,Sales,98159.91,4/18/2019,66,2.1,Database Administrator I,Remote,Full-time,28,8:26 PM,10:55 AM,17
67,Lucienne,Dicks,Male,64,ldicks1u@seattletimes.com,China,,HR,65721.66,5/23/2014,67,4.8,Senior Sales Associate,Remote,Full-time,21,12:21 AM,2:16 AM,5
68,Patti,Dearlove,Male,62,pdearlove1v@wikipedia.org,China,,HR,109175.11,8/11/2017,68,3.4,Social Worker,Remote,Part-time,8,6:19 AM,9:02 AM,7
69,Debera,Borrows,Non-binary,20,dborrows1w@sciencedirect.com,Russia,352708,Marketing,146999.76,6/22/2011,69,2.3,Health Coach III,Office,Full-time,4,7:46 AM,6:02 AM,10
70,Zachariah,Notton,Female,32,znotton1x@friendfeed.com,China,,Sales,128109.23,7/21/2014,70,1.1,Account Representative II,Remote,Full-time,9,11:05 PM,6:29 AM,15
71,Ben,Oswald,Female,49,boswald1y@so-net.ne.jp,Cyprus,,IT,137073.96,7/16/2021,71,4.5,Payment Adjustment Coordinator,Office,Full-time,12,8:38 AM,4:33 PM,10
72,Tammara,Charlot,Male,62,tcharlot1z@opensource.org,Philippines,8420,IT,98613.67,6/28/2016,72,2.0,Paralegal,Remote,Part-time,16,8:05 AM,11:01 AM,12
73,Berti,Costigan,Female,19,bcostigan20@friendfeed.com,Portugal,4550-455,Marketing,76761.71,2/7/2016,73,2.9,Accounting Assistant III,Office,Full-time,28,11:01 PM,10:41 PM,18
74,Demetris,Phillipp,Non-binary,34,dphillipp21@webnode.com,Malaysia,50700,IT,131820.89,3/2/2015,74,1.1,Environmental Specialist,Office,Full-time,21,12:47 PM,7:58 AM,17
75,Susann,Dailly,Non-binary,41,sdailly22@e-recht24.de,China,,Sales,38879.69,6/13/2020,75,3.4,Assistant Professor,Office,Part-time,8,10:37 AM,9:45 AM,17
76,Lorenza,Muzzi,Female,48,lmuzzi23@chronoengine.com,United States,02745,HR,89167.0,4/7/2020,76,2.5,Internal Auditor,Office,Part-time,2,1:31 AM,10:04 AM,9
77,Fayina,Gibbetts,Male,52,fgibbetts24@simplemachines.org,Colombia,055827,IT,38942.48,3/18/2010,77,1.8,Developer II,Office,Part-time,30,6:42 PM,11:38 AM,18
78,Dore,Ody,Male,64,dody25@opera.com,China,,Sales,77325.38,5/4/2020,78,3.0,Account Executive,Office,Part-time,6,2:15 PM,8:04 PM,10
79,Pacorro,Knappett,Non-binary,65,pknappett26@amazon.de,China,,HR,96708.08,5/7/2011,79,4.5,Senior Quality Engineer,Remote,Part-time,14,11:25 PM,6:07 PM,8
80,Veronica,Caplan,Non-binary,22,vcaplan27@reuters.com,Czech Republic,671 75,Marketing,127524.1,5/9/2017,80,2.0,Senior Financial Analyst,Office,Full-time,18,4:27 PM,8:22 PM,4
81,Olin,Cayle,Female,42,ocayle28@apple.com,China,,HR,55907.38,4/3/2013,81,4.3,Pharmacist,Remote,Full-time,7,11:18 AM,1:49 PM,3
82,Rafaelia,Lamort,Female,50,rlamort29@issuu.com,Portugal,3040-555,Marketing,149440.41,6/29/2021,82,1.6,Electrical Engineer,Office,Full-time,26,6:55 PM,1:28 PM,4
83,Anthiathia,Hatliffe,Non-binary,26,ahatliffe2a@npr.org,Philippines,3336,HR,90598.91,7/6/2019,83,3.3,Environmental Specialist,Office,Part-time,0,1:49 AM,8:13 PM,15
84,Phip,Ronca,Male,38,pronca2b@shutterfly.com,Thailand,44140,HR,148571.08,1/25/2020,84,1.1,Social Worker,Remote,Part-time,0,12:14 AM,4:54 PM,11
85,Chelsey,Bevans,Female,33,cbevans2c@hp.com,Turkmenistan,,Sales,44785.42,6/7/2010,85,2.3,Staff Scientist,Office,Part-time,1,6:23 AM,12:52 PM,8
86,Heather,Wisam,Non-binary,57,hwisam2d@chron.com,United Arab Emirates,,IT,95090.0,5/16/2021,86,3.9,Financial Advisor,Office,Full-time,4,2:53 AM,11:44 AM,18
87,Francene,Hodcroft,Male,18,fhodcroft2e@stanford.edu,Portugal,9630-145,IT,50657.4,12/23/2017,87,4.0,Speech Pathologist,Remote,Full-time,8,9:24 PM,9:53 PM,16
88,Laurie,Joselson,Male,18,ljoselson2f@huffingtonpost.com,Serbia,,Sales,52728.27,6/1/2015,88,1.2,Clinical Specialist,Office,Full-time,20,3:54 PM,11:39 AM,15
89,Kingsley,Burkinshaw,Non-binary,48,kburkinshaw2g@cdc.gov,United States,18763,Sales,84679.64,7/20/2012,89,4.9,Statistician IV,Remote,Part-time,20,2:28 PM,2:12 AM,13
90,Alfy,Humbie,Male,38,ahumbie2h@tuttocitta.it,Greece,,Sales,35251.5,12/20/2018,90,2.7,Office Assistant I,Office,Part-time,2,11:42 AM,12:27 AM,16
91,Mimi,Meeks,Non-binary,53,mmeeks2i@unc.edu,France,93909 CEDEX 9,HR,125599.7,5/30/2011,91,4.0,Senior Developer,Office,Full-time,12,12:05 AM,7:06 AM,13
92,Cheston,Perocci,Female,52,cperocci2j@last.fm,Serbia,,HR,69465.37,10/16/2012,92,4.2,Registered Nurse,Office,Part-time,4,11:02 AM,2:56 PM,4
93,Olenolin,Sagar,Non-binary,39,osagar2k@uiuc.edu,Greece,,IT,48029.51,6/16/2010,93,4.9,Pharmacist,Office,Part-time,17,7:35 AM,2:45 PM,3
94,Charyl,Lundy,Non-binary,56,clundy2l@mediafire.com,Croatia,53213,Marketing,81254.07,10/8/2018,94,2.5,Environmental Tech,Office,Full-time,2,4:51 PM,8:58 AM,4
95,Margaretha,Dubarry,Male,53,mdubarry2m@wisc.edu,China,,HR,83677.82,1/19/2016,95,4.4,Computer Systems Analyst I,Remote,Full-time,2,9:21 AM,7:45 PM,15
96,Tabina,Fitter,Female,30,tfitter2n@sfgate.com,Philippines,1679,IT,118652.51,1/18/2011,96,2.9,Assistant Professor,Remote,Part-time,30,11:20 AM,5:31 AM,4
97,Zea,Carnier,Female,24,zcarnier2o@answers.com,Indonesia,,HR,110095.76,10/6/2020,97,1.4,Product Engineer,Office,Part-time,25,10:40 AM,8:34 PM,1
98,Buck,Gledstane,Female,31,bgledstane2p@about.com,Thailand,93140,HR,118550.64,7/7/2020,98,2.7,Media Manager II,Office,Full-time,4,12:19 PM,3:59 PM,2
99,Shandy,Kennealy,Female,65,skennealy2q@tripod.com,China,,Sales,128455.49,3/6/2018,99,2.9,Associate Professor,Office,Full-time,1,3:31 AM,5:26 AM,16
100,Ari,Traynor,Non-binary,23,atraynor2r@ucoz.com,Poland,34-211,Sales,70173.43,6/17/2020,100,3.8,Programmer Analyst IV,Office,Full-time,6,7:05 PM,5:42 AM,5
101,Timmie,Janda,Female,31,tjanda2s@typepad.com,China,,Marketing,139881.25,6/18/2011,101,2.6,Systems Administrator II,Office,Part-time,19,9:39 PM,3:40 AM,8
102,Alair,Ravenshaw,Male,38,aravenshaw2t@omniture.com,Bulgaria,5292,Marketing,87759.48,7/2/2019,102,3.1,Information Systems Manager,Office,Full-time,20,3:41 PM,5:42 AM,19
103,Merry,Bynold,Female,46,mbynold2u@mtv.com,Indonesia,,HR,133791.73,5/1/2016,103,2.5,Civil Engineer,Remote,Full-time,29,1:00 PM,4:52 AM,11
104,Phineas,Hekkert,Non-binary,28,phekkert2v@eventbrite.com,Indonesia,,Marketing,84615.59,9/20/2014,104,2.0,Compensation Analyst,Office,Part-time,3,7:06 AM,1:36 PM,18
105,Bee,Sabatini,Female,55,bsabatini2w@webeden.co.uk,China,,Marketing,42979.36,1/7/2019,105,4.1,Web Developer II,Office,Full-time,23,8:17 PM,12:15 PM,8
106,Fawnia,Minthorpe,Male,24,fminthorpe2x@lycos.com,Croatia,22300,HR,145426.9,10/24/2011,106,4.6,Marketing Manager,Remote,Full-time,22,12:41 AM,5:16 AM,20
107,Rozelle,Diggin,Male,24,rdiggin2y@webs.com,Portugal,8375-254,IT,67225.92,10/10/2012,107,4.4,Software Consultant,Office,Part-time,26,7:45 AM,10:49 AM,0
108,Consuela,Buntin,Male,29,cbuntin2z@google.ca,Czech Republic,533 12,HR,97830.7,9/6/2015,108,2.4,Office Assistant III,Office,Full-time,16,9:35 PM,8:44 PM,9
109,Raul,Oldacres,Female,34,roldacres30@arstechnica.com,China,,IT,108572.94,12/13/2014,109,2.0,Senior Editor,Remote,Part-time,29,9:48 AM,2:06 PM,1
110,Yank,Olohan,Female,27,yolohan31@harvard.edu,Philippines,1109,Marketing,122241.42,2/8/2019,110,2.6,Assistant Manager,Office,Full-time,10,3:56 AM,10:14 AM,7
111,Blakelee,Clotworthy,Male,37,bclotworthy32@google.fr,Colombia,056047,HR,44130.71,1/1/2014,111,3.4,Graphic Designer,Remote,Part-time,25,7:45 AM,1:49 PM,17
112,Monroe,Linzey,Female,44,mlinzey33@upenn.edu,China,,Sales,82905.41,5/25/2015,112,2.1,Marketing Manager,Remote,Full-time,17,4:18 AM,4:20 PM,20
113,Melania,Widdison,Female,60,mwiddison34@ameblo.jp,Russia,238056,Sales,96492.33,2/10/2013,113,4.6,Business Systems Development Analyst,Remote,Part-time,17,6:02 PM,6:31 PM,8
114,Dud,Dingate,Female,21,ddingate35@blogspot.com,China,,HR,77233.42,9/4/2014,114,1.6,Safety Technician III,Remote,Full-time,18,12:31 PM,12:01 AM,4
115,Doloritas,Blowen,Female,36,dblowen36@ucoz.com,Indonesia,,Marketing,116629.13,11/25/2015,115,3.8,Senior Quality Engineer,Office,Full-time,7,3:00 PM,8:17 AM,6
116,Henry,Branscombe,Male,24,hbranscombe37@facebook.com,Netherlands,1814,Marketing,37676.08,3/18/2010,116,4.1,Statistician III,Office,Full-time,20,2:00 PM,6:03 AM,12
117,Auberon,Sarten,Female,50,asarten38@last.fm,Indonesia,,HR,121063.01,4/10/2016,117,3.5,Sales Representative,Remote,Full-time,23,9:12 AM,2:29 AM,14
118,Maia,Maffin,Female,36,mmaffin39@wired.com,France,68069 CEDEX 2,Sales,36684.44,5/15/2021,118,4.8,VP Product Management,Remote,Part-time,24,10:01 AM,12:42 PM,5
119,Henriette,Walkden,Female,35,hwalkden3a@scientificamerican.com,Liechtenstein,9497,Marketing,126853.13,9/13/2010,119,1.1,Community Outreach Specialist,Office,Full-time,15,5:50 AM,6:31 PM,9
120,Vina,Lande,Male,53,vlande3b@indiatimes.com,Indonesia,,Sales,56734.3,4/2/2010,120,2.1,General Manager,Remote,Full-time,2,3:32 PM,2:42 AM,6
121,Pattie,Barwack,Non-binary,60,pbarwack3c@dagondesign.com,China,,IT,117961.19,10/11/2020,121,3.3,VP Sales,Remote,Full-time,15,9:54 PM,5:57 PM,18
122,Andriette,Bilbrooke,Female,56,abilbrooke3d@springer.com,Albania,,IT,86746.88,8/26/2011,122,2.6,Chief Design Engineer,Office,Part-time,21,10:00 AM,11:30 AM,17
123,Julienne,Slixby,Male,26,jslixby3e@ustream.tv,Indonesia,,Marketing,45128.16,5/12/2019,123,2.5,Structural Analysis Engineer,Office,Full-time,15,2:13 PM,2:27 AM,18
124,Bond,Elgar,Non-binary,62,belgar3f@rediff.com,Uzbekistan,,IT,137999.22,9/29/2018,124,2.7,Database Administrator II,Remote,Full-time,9,5:55 AM,2:58 PM,20
125,Frieda,Stilldale,Female,34,fstilldale3g@dailymail.co.uk,Sweden,842 93,Marketing,85926.25,8/19/2020,125,1.9,Compensation Analyst,Remote,Part-time,24,5:23 PM,11:56 AM,10
126,Whitaker,Vlahos,Male,46,wvlahos3h@opensource.org,Argentina,7114,IT,97029.78,1/4/2020,126,2.0,Assistant Media Planner,Office,Part-time,28,3:03 AM,12:55 PM,2
127,Monty,Blakeley,Male,26,mblakeley3i@irs.gov,Mongolia,,Marketing,106143.24,3/29/2014,127,4.2,Registered Nurse,Remote,Full-time,1,1:00 AM,3:07 PM,19
128,Odilia,Warratt,Female,37,owarratt3j@wsj.com,Sweden,696 91,IT,34490.63,11/6/2015,128,2.4,Recruiter,Office,Full-time,8,11:54 AM,11:33 PM,12
129,Saree,Fessier,Non-binary,55,sfessier3k@oakley.com,Indonesia,,IT,128359.4,11/8/2017,129,1.1,Help Desk Technician,Remote,Part-time,5,9:30 PM,6:00 PM,11
130,Gian,Latch,Female,20,glatch3l@yale.edu,China,,Marketing,91020.92,7/6/2021,130,3.5,Mechanical Systems Engineer,Office,Part-time,13,11:08 AM,10:58 AM,2
131,Alexandr,Hembry,Female,56,ahembry3m@bloomberg.com,China,,Sales,65641.91,8/30/2011,131,3.7,Project Manager,Office,Full-time,12,9:07 PM,10:25 PM,14
132,Ardys,Elie,Male,57,aelie3n@craigslist.org,China,,Sales,71055.5,9/22/2019,132,2.1,Developer III,Office,Full-time,29,11:05 PM,11:59 AM,7
133,Nobie,Highwood,Female,26,nhighwood3o@dyndns.org,Portugal,5150-304,IT,76906.69,5/15/2013,133,1.3,Programmer III,Office,Part-time,28,1:03 PM,1:13 AM,11
134,Erie,Prescott,Non-binary,62,eprescott3p@globo.com,Guatemala,12021,IT,32719.29,4/4/2016,134,4.9,Programmer I,Office,Full-time,16,1:08 AM,4:58 AM,14
135,Gayelord,Bonnick,Female,20,gbonnick3q@comsenz.com,France,78718 CEDEX,Sales,83924.45,10/26/2021,135,3.1,Web Designer I,Remote,Part-time,2,3:39 PM,4:30 AM,9
136,Rheta,Firle,Male,51,rfirle3r@mlb.com,Thailand,95000,IT,48222.79,2/12/2021,136,1.4,Community Outreach Specialist,Remote,Full-time,0,9:07 PM,12:40 AM,2
137,Maje,Davidovich,Non-binary,40,mdavidovich3s@microsoft.com,Poland,43-419,Sales,111520.8,6/9/2020,137,4.3,Sales Representative,Office,Full-time,17,12:42 PM,3:32 PM,15
138,Harley,Brimmacombe,Non-binary,21,hbrimmacombe3t@baidu.com,China,,IT,81919.77,7/6/2019,138,2.9,Financial Analyst,Remote,Part-time,29,3:26 PM,8:35 PM,13
139,Delano,Fremantle,Non-binary,28,dfremantle3u@alexa.com,Poland,73-220,HR,82242.19,10/6/2013,139,4.0,Safety Technician I,Remote,Full-time,24,5:14 PM,2:58 PM,13
140,Trista,Dehm,Male,34,tdehm3v@slate.com,China,,Marketing,114054.22,7/13/2014,140,4.8,VP Marketing,Remote,Part-time,19,5:58 AM,7:59 PM,0
141,Marianne,Spall,Non-binary,51,mspall3w@bandcamp.com,Honduras,,Sales,78057.22,4/10/2012,141,3.4,Statistician II,Office,Full-time,28,5:47 AM,6:28 AM,16
142,Frannie,Oury,Male,56,foury3x@arizona.edu,Indonesia,,HR,95992.58,5/18/2019,142,3.6,Financial Advisor,Remote,Full-time,11,3:25 AM,2:10 PM,17
143,Kelly,Pollicatt,Non-binary,30,kpollicatt3y@simplemachines.org,Russia,658741,Sales,84853.67,8/1/2017,143,3.2,Physical Therapy Assistant,Remote,Full-time,25,8:35 PM,2:43 PM,20
144,Massimiliano,Roskilly,Female,56,mroskilly3z@craigslist.org,Macedonia,1011,IT,87425.66,9/27/2016,144,4.8,Programmer IV,Office,Part-time,26,5:31 PM,8:03 PM,8
145,Tadd,Coppock.,Female,62,tcoppock40@ucoz.ru,Brazil,19700-000,Sales,101237.21,7/10/2017,145,2.9,Software Test Engineer I,Remote,Part-time,7,12:31 AM,2:23 AM,14
146,Sunny,Bellee,Male,37,sbellee41@nih.gov,Cambodia,,Marketing,149937.09,12/31/2014,146,3.8,Staff Accountant I,Office,Part-time,17,11:10 AM,11:22 AM,20
147,Chrisy,Glaserman,Male,41,cglaserman42@usnews.com,Indonesia,,Sales,41272.59,7/31/2017,147,4.7,Tax Accountant,Office,Full-time,8,7:13 AM,8:35 AM,3
148,Blake,Melluish,Female,19,bmelluish43@ustream.tv,Czech Republic,569 43,Sales,45480.54,6/20/2014,148,4.3,Senior Cost Accountant,Remote,Full-time,24,12:27 AM,1:32 AM,19
149,Devin,Connew,Male,48,dconnew44@psu.edu,Bulgaria,9155,IT,61677.41,1/13/2017,149,3.1,Assistant Manager,Office,Part-time,13,3:00 AM,3:37 AM,17
150,Karlan,Leasor,Male,21,kleasor45@eepurl.com,China,,HR,93876.57,4/18/2020,150,2.8,Mechanical Systems Engineer,Remote,Part-time,1,4:27 PM,8:57 PM,17
151,Brewster,Daintier,Female,41,bdaintier46@pagesperso-orange.fr,United States,22313,HR,96742.02,7/29/2015,151,1.1,Marketing Assistant,Office,Full-time,1,2:29 PM,6:56 AM,4
152,Adair,Duggan,Female,44,aduggan47@economist.com,Philippines,2721,Sales,32009.42,11/26/2018,152,2.6,Director of Sales,Remote,Full-time,17,12:27 AM,1:47 AM,13
153,Willard,Currington,Female,48,wcurrington48@fema.gov,Malaysia,70644,Marketing,105198.12,10/24/2015,153,2.2,Marketing Assistant,Remote,Part-time,23,9:05 AM,3:13 PM,7
154,Clio,Aleixo,Female,64,caleixo49@nature.com,China,,HR,65249.82,8/10/2016,154,3.6,Safety Technician III,Remote,Full-time,1,10:31 AM,12:10 AM,5
155,Barrie,Pluck,Non-binary,65,bpluck4a@hp.com,Portugal,2785-505,Sales,137492.61,1/21/2010,155,1.4,Nurse,Office,Part-time,5,3:10 PM,10:39 PM,8
156,Hermy,Ugolotti,Non-binary,47,hugolotti4b@photobucket.com,Indonesia,,HR,37820.97,12/18/2017,156,3.6,VP Quality Control,Office,Full-time,23,5:29 PM,9:26 PM,19
157,Rosabella,Epgrave,Non-binary,31,repgrave4c@lycos.com,Indonesia,,IT,70451.95,6/30/2021,157,4.5,Assistant Professor,Remote,Part-time,1,11:29 PM,7:53 PM,3
158,Karia,Toop,Male,30,ktoop4d@icio.us,New Zealand,5254,HR,145949.86,9/22/2017,158,3.3,Analyst Programmer,Office,Part-time,30,4:17 AM,3:57 PM,13
159,Colman,Po,Female,27,cpo4e@yelp.com,Egypt,,IT,134954.97,8/28/2021,159,3.6,Compensation Analyst,Remote,Part-time,4,9:40 PM,12:01 PM,16
160,Jeremias,Jensen,Male,61,jjensen4f@google.com.hk,Egypt,,IT,46018.92,2/4/2013,160,1.5,Human Resources Assistant IV,Remote,Full-time,14,1:49 PM,4:19 PM,16
161,Dulcine,Crumley,Male,23,dcrumley4g@jugem.jp,Vietnam,,HR,59947.55,3/17/2017,161,3.7,Administrative Officer,Office,Part-time,21,12:36 AM,10:34 AM,19
162,Sidnee,Ollerearnshaw,Non-binary,19,sollerearnshaw4h@behance.net,Canada,N0K,IT,69901.2,12/18/2016,162,4.2,Quality Control Specialist,Office,Full-time,9,3:05 PM,10:48 PM,0
163,Eileen,Agneau,Female,58,eagneau4i@infoseek.co.jp,Brazil,09400-000,HR,33580.5,2/26/2011,163,3.6,Help Desk Operator,Remote,Part-time,9,10:36 PM,5:58 PM,9
164,Lorraine,Wickrath,Male,28,lwickrath4j@businessweek.com,China,,HR,93250.59,6/14/2017,164,1.4,Executive Secretary,Office,Full-time,21,2:24 AM,11:30 PM,13
165,Lauryn,Mariotte,Non-binary,31,lmariotte4k@alexa.com,Sweden,431 10,Sales,60480.98,9/5/2017,165,2.2,Food Chemist,Office,Part-time,21,9:41 PM,12:32 AM,14
166,Bradly,Dilrew,Female,31,bdilrew4l@goo.ne.jp,Peru,,HR,43433.23,8/1/2017,166,4.0,Clinical Specialist,Remote,Full-time,29,3:45 PM,1:50 AM,19
167,Joell,Yonge,Male,65,jyonge4m@virginia.edu,Yemen,,HR,53692.15,4/16/2012,167,1.4,Social Worker,Office,Part-time,10,3:38 PM,8:39 AM,15
168,Amalee,Whitewood,Non-binary,34,awhitewood4n@domainmarket.com,Egypt,,HR,74889.13,1/21/2016,168,1.8,Structural Engineer,Office,Part-time,1,7:24 AM,12:38 AM,6
169,Lilith,Tuft,Male,50,ltuft4o@adobe.com,Colombia,735538,IT,67562.0,3/29/2014,169,2.0,Financial Advisor,Remote,Part-time,22,10:54 PM,8:25 AM,1
170,Linea,Tuley,Female,59,ltuley4p@state.gov,Yemen,,HR,137279.83,1/12/2019,170,3.1,Speech Pathologist,Remote,Full-time,3,1:31 PM,2:10 AM,9
171,Wyn,Clapham,Female,42,wclapham4q@time.com,Indonesia,,Marketing,75587.85,2/24/2015,171,3.5,Geological Engineer,Remote,Part-time,6,11:04 PM,11:04 AM,17
172,Carroll,Ivens,Female,29,civens4r@macromedia.com,China,,Sales,95518.89,2/16/2018,172,2.4,Media Manager II,Remote,Full-time,26,11:02 AM,9:49 PM,19
173,Rodney,Kembry,Female,59,rkembry4s@zimbio.com,Indonesia,,HR,106745.08,2/26/2019,173,2.1,Food Chemist,Remote,Full-time,0,2:54 AM,7:17 AM,19
174,Rudolph,Cowpe,Non-binary,33,rcowpe4t@opensource.org,Indonesia,,IT,116322.77,10/7/2014,174,3.4,Administrative Assistant III,Remote,Part-time,13,4:07 PM,7:43 PM,11
175,Rhody,Pelcheur,Non-binary,50,rpelcheur4u@deliciousdays.com,Philippines,6344,Marketing,73244.39,6/8/2014,175,3.4,Biostatistician I,Office,Full-time,12,3:05 PM,11:16 AM,12
176,Zeke,Schlagh,Female,35,zschlagh4v@g.co,Brazil,89700-000,IT,101876.49,9/24/2016,176,2.9,VP Quality Control,Office,Part-time,6,5:43 PM,9:37 PM,0
177,Kala,Pitkin,Non-binary,53,kpitkin4w@lycos.com,Russia,301839,Sales,35318.32,6/27/2019,177,1.1,Operator,Office,Part-time,23,11:01 AM,12:27 AM,10
178,Jobye,Climpson,Male,38,jclimpson4x@last.fm,Japan,579-8066,HR,111988.77,10/25/2015,178,3.9,Administrative Officer,Office,Full-time,11,8:41 AM,4:02 PM,13
179,Ronny,Justice,Male,35,rjustice4y@prnewswire.com,Portugal,3220-313,Marketing,114410.07,4/8/2017,179,1.8,Director of Sales,Office,Full-time,3,8:47 AM,11:51 PM,10
180,Sofia,Johnigan,Non-binary,63,sjohnigan4z@cnet.com,Indonesia,,IT,64737.61,5/20/2016,180,4.7,Chemical Engineer,Office,Full-time,5,8:52 PM,6:30 PM,14
181,Malcolm,Ingraham,Non-binary,21,mingraham50@telegraph.co.uk,Philippines,1070,HR,93340.21,1/5/2020,181,2.2,Senior Quality Engineer,Remote,Full-time,13,9:26 PM,4:58 AM,0
182,Haily,Curneen,Female,52,hcurneen51@nifty.com,France,69154 CEDEX,Sales,37421.88,6/9/2021,182,3.9,Senior Developer,Office,Full-time,29,4:12 PM,3:50 PM,4
183,Jermain,Emanson,Male,26,jemanson52@tripod.com,Bosnia and Herzegovina,,HR,123964.88,2/19/2017,183,2.7,Recruiter,Office,Part-time,16,11:38 PM,5:21 AM,14
184,Freddi,Burgoin,Non-binary,19,fburgoin53@webs.com,Armenia,,HR,54521.57,11/8/2019,184,1.1,Research Nurse,Remote,Part-time,30,6:41 AM,5:05 PM,13
185,Ruth,Westcar,Male,29,rwestcar54@ucoz.com,Canada,L8P,HR,61567.37,11/6/2016,185,4.9,Actuary,Remote,Full-time,15,4:47 PM,7:23 PM,10
186,Marlie,Fenech,Male,24,mfenech55@canalblog.com,France,93504 CEDEX,Marketing,112568.98,3/16/2021,186,4.2,GIS Technical Architect,Remote,Full-time,13,4:38 AM,7:46 PM,17
187,Amberly,Aizic,Male,39,aaizic56@nps.gov,Philippines,1114,Marketing,95831.76,12/20/2015,187,3.0,General Manager,Remote,Full-time,7,3:22 PM,3:38 AM,1
188,Zelma,Buckbee,Female,44,zbuckbee57@wired.com,Russia,636845,IT,121029.18,4/26/2013,188,3.5,Physical Therapy Assistant,Office,Part-time,30,3:40 PM,4:36 PM,5
189,Laurene,Coast,Male,19,lcoast58@mail.ru,Philippines,4325,HR,44404.74,10/30/2012,189,3.8,Senior Developer,Remote,Full-time,26,12:12 PM,6:47 AM,19
190,Isis,Cadd,Female,39,icadd59@prlog.org,Indonesia,,IT,56543.89,4/22/2010,190,4.0,Software Engineer I,Office,Part-time,19,12:40 AM,2:15 PM,1
191,Joellen,Hammerstone,Male,48,jhammerstone5a@g.co,China,,Sales,146330.46,2/26/2020,191,3.8,Legal Assistant,Office,Part-time,3,12:22 AM,3:50 AM,11
192,Evonne,Charke,Non-binary,43,echarke5b@vkontakte.ru,Portugal,2495-405,Marketing,40891.29,4/7/2017,192,2.7,Human Resources Assistant I,Remote,Part-time,0,9:00 AM,3:12 PM,2
193,Werner,McMillian,Male,38,wmcmillian5c@bigcartel.com,Japan,818-0138,HR,66747.83,11/21/2010,193,1.6,Nurse Practicioner,Remote,Full-time,10,7:48 PM,10:18 PM,5
194,Korie,Concklin,Male,55,kconcklin5d@stanford.edu,Myanmar,,Marketing,142160.36,8/27/2018,194,1.7,Librarian,Remote,Full-time,14,1:45 AM,3:41 PM,3
195,Darill,Croasdale,Male,53,dcroasdale5e@admin.ch,Indonesia,,IT,88066.72,2/1/2016,195,3.6,Statistician IV,Remote,Full-time,9,11:48 PM,10:54 AM,3
196,Baily,Joiner,Non-binary,39,bjoiner5f@dion.ne.jp,Tunisia,,IT,119106.57,1/30/2016,196,1.5,Analyst Programmer,Office,Full-time,17,1:02 AM,7:46 AM,19
197,Hadlee,Shopcott,Non-binary,22,hshopcott5g@posterous.com,Vietnam,,HR,45430.33,5/11/2011,197,4.3,Speech Pathologist,Office,Full-time,2,6:48 PM,11:35 PM,1
198,Anna-diana,Poznanski,Non-binary,65,apoznanski5h@reference.com,Brazil,79570-000,HR,118991.1,7/21/2015,198,1.5,Staff Scientist,Office,Part-time,24,1:31 AM,12:06 PM,7
199,Bryana,Leyson,Non-binary,50,bleyson5i@google.co.uk,Mongolia,,Marketing,108850.49,5/10/2020,199,3.2,Occupational Therapist,Remote,Part-time,19,6:29 PM,1:04 AM,13
200,Petr,Dignan,Male,18,pdignan5j@ow.ly,Brazil,93300-000,HR,113272.4,3/8/2010,200,3.2,Senior Developer,Remote,Part-time,11,9:11 PM,8:03 PM,17
201,Jone,Duchateau,Female,46,jduchateau5k@tripadvisor.com,Philippines,1805,HR,101671.24,1/19/2015,201,1.5,General Manager,Office,Full-time,29,2:14 PM,5:37 AM,12
202,Sly,Checkley,Male,29,scheckley5l@simplemachines.org,Brazil,95000-000,HR,75111.7,5/11/2010,202,2.7,Senior Financial Analyst,Office,Part-time,16,7:48 PM,8:19 PM,1
203,Korella,Mayo,Female,28,kmayo5m@tmall.com,Ukraine,,IT,118008.86,3/21/2014,203,1.1,Human Resources Assistant I,Remote,Part-time,19,9:51 PM,1:41 AM,1
204,Bradly,Roussel,Male,59,broussel5n@state.gov,Haiti,,HR,93001.62,10/30/2018,204,2.6,Geological Engineer,Remote,Part-time,13,12:05 AM,2:58 AM,14
205,Fiann,Carletto,Non-binary,48,fcarletto5o@howstuffworks.com,Philippines,7207,HR,132493.57,6/30/2017,205,3.7,Social Worker,Remote,Part-time,1,7:21 PM,9:52 PM,4
206,Jobie,Masserel,Male,62,jmasserel5p@nature.com,Croatia,21322,Marketing,95177.49,7/20/2015,206,2.4,Assistant Professor,Office,Full-time,30,12:24 AM,10:08 PM,19
207,Sigfried,Woodcraft,Male,60,swoodcraft5q@salon.com,China,,Sales,31459.11,5/19/2021,207,3.3,Senior Sales Associate,Remote,Part-time,15,9:33 AM,11:12 PM,2
208,Zelma,Salomon,Female,35,zsalomon5r@cbc.ca,Portugal,4765-405,Marketing,60583.68,5/17/2011,208,5.0,General Manager,Remote,Full-time,20,9:34 AM,3:29 PM,19
209,Yancy,Arnholdt,Non-binary,19,yarnholdt5s@histats.com,Russia,453480,IT,92176.61,4/14/2013,209,2.3,Account Executive,Office,Full-time,12,11:17 AM,5:39 PM,6
210,Edlin,Millan,Male,35,emillan5t@mozilla.com,Czech Republic,739 51,HR,76757.99,7/13/2011,210,1.4,Cost Accountant,Remote,Part-time,20,5:54 PM,6:52 AM,19
211,Sharona,Linn,Male,33,slinn5u@indiatimes.com,Philippines,5614,Marketing,71794.56,10/27/2021,211,3.2,Nuclear Power Engineer,Remote,Part-time,16,1:01 PM,7:22 PM,19
212,Vilma,Niesel,Non-binary,36,vniesel5v@wsj.com,Netherlands,5104,IT,47339.49,6/15/2021,212,2.2,Environmental Specialist,Remote,Part-time,20,6:34 PM,11:20 AM,6
213,Jolene,Cook,Non-binary,28,jcook5w@free.fr,Luxembourg,L-4888,Marketing,80619.1,1/22/2013,213,4.1,Senior Editor,Remote,Part-time,29,1:21 PM,8:34 PM,12
214,Erin,Penhallurick,Non-binary,51,epenhallurick5x@statcounter.com,China,,IT,55283.35,5/30/2014,214,3.7,Sales Representative,Office,Part-time,23,10:38 PM,2:03 AM,1
215,Chrysler,Aizic,Female,32,caizic5y@blog.com,France,84104 CEDEX,Marketing,126810.47,8/6/2011,215,4.9,Geological Engineer,Office,Full-time,0,10:26 AM,9:58 PM,9
216,Jonah,Joe,Female,18,jjoe5z@census.gov,Russia,359150,Marketing,138565.66,12/2/2011,216,3.7,Media Manager IV,Office,Part-time,21,11:02 AM,11:34 AM,4
217,Matteo,Osment,Female,60,mosment60@uol.com.br,Armenia,,HR,121441.44,6/24/2021,217,1.6,Nurse,Remote,Full-time,22,9:18 AM,9:50 AM,20
218,Wang,Ferraretto,Female,62,wferraretto61@archive.org,Philippines,9005,IT,74633.17,2/28/2018,218,3.0,Occupational Therapist,Remote,Part-time,29,12:13 PM,10:43 AM,7
219,Karleen,Rootes,Non-binary,23,krootes62@hhs.gov,Tajikistan,,Marketing,91396.25,3/2/2010,219,1.1,Senior Sales Associate,Remote,Full-time,2,11:18 AM,11:22 AM,0
220,Francisco,Pietz,Non-binary,55,fpietz63@twitter.com,Ukraine,,Marketing,40791.32,4/23/2020,220,2.6,Compensation Analyst,Remote,Full-time,1,2:41 AM,3:46 AM,7
221,Erich,Comrie,Non-binary,36,ecomrie64@fotki.com,China,,Marketing,33337.75,5/11/2018,221,3.2,Engineer IV,Remote,Part-time,11,12:33 PM,1:49 PM,17
222,Brook,Clougher,Male,58,bclougher65@nba.com,Armenia,,IT,100281.86,3/15/2016,222,3.2,Mechanical Systems Engineer,Office,Part-time,10,10:49 PM,5:18 PM,2
223,Astra,Blankett,Male,37,ablankett66@google.com,China,,HR,41600.54,4/1/2012,223,1.8,Registered Nurse,Office,Full-time,7,10:20 PM,6:38 AM,10
224,Maison,Cereceres,Male,44,mcereceres67@dmoz.org,Sweden,521 96,HR,52912.31,11/10/2012,224,1.1,Research Nurse,Office,Part-time,6,7:41 PM,6:43 AM,13
225,Letitia,Hindshaw,Female,50,lhindshaw68@elpais.com,Japan,988-0057,Sales,110155.82,12/27/2019,225,3.4,Analog Circuit Design manager,Remote,Part-time,14,6:45 AM,6:17 AM,3
226,Katine,A'field,Non-binary,51,kafield69@opera.com,Poland,73-115,Marketing,141159.54,3/21/2020,226,2.0,Product Engineer,Office,Full-time,7,11:28 PM,2:40 PM,6
227,Wren,Challicombe,Non-binary,27,wchallicombe6a@csmonitor.com,Democratic Republic of the Congo,,Marketing,132722.75,1/16/2010,227,3.4,Engineer II,Office,Full-time,18,6:35 AM,5:52 PM,19
228,Diannne,Sellman,Non-binary,61,dsellman6b@oaic.gov.au,Canada,V1Y,HR,131299.7,5/3/2011,228,3.8,Research Nurse,Remote,Full-time,7,10:36 PM,11:24 PM,10
229,Gwenneth,Flux,Male,57,gflux6c@bbb.org,China,,Sales,103319.25,7/17/2012,229,4.7,Librarian,Office,Full-time,27,3:16 AM,1:28 PM,11
230,Heidi,Rous,Male,57,hrous6d@google.it,China,,Sales,80222.95,3/22/2013,230,1.9,Financial Advisor,Remote,Part-time,0,5:13 PM,6:55 PM,5
231,Derick,Philipsen,Male,21,dphilipsen6e@sourceforge.net,Iraq,,IT,66150.98,12/2/2016,231,3.2,Physical Therapy Assistant,Remote,Full-time,14,10:23 PM,1:47 AM,18
232,Graig,Crouch,Female,39,gcrouch6f@ustream.tv,Indonesia,,Sales,41561.25,3/17/2018,232,1.4,Internal Auditor,Remote,Part-time,24,3:03 AM,4:25 PM,20
233,Jarred,Selkirk,Male,21,jselkirk6g@mail.ru,Ukraine,,IT,111469.22,3/6/2014,233,1.7,Senior Financial Analyst,Office,Full-time,27,12:12 PM,7:21 AM,13
234,Waylan,Paulino,Female,31,wpaulino6h@mac.com,Guatemala,03012,HR,142644.04,7/16/2015,234,3.6,Senior Financial Analyst,Remote,Part-time,1,5:08 AM,6:32 AM,5
235,Tonie,Fishlee,Non-binary,22,tfishlee6i@vinaora.com,Ukraine,,HR,116922.51,3/21/2021,235,1.5,GIS Technical Architect,Remote,Full-time,30,2:39 AM,11:32 AM,6
236,Deedee,Rawet,Non-binary,24,drawet6j@fc2.com,Czech Republic,566 01,Marketing,60371.22,11/12/2018,236,3.9,Analyst Programmer,Remote,Part-time,4,11:25 PM,4:39 PM,10
237,Bogey,Brindle,Female,40,bbrindle6k@merriam-webster.com,Indonesia,,Marketing,113480.73,1/16/2012,237,3.9,Analyst Programmer,Office,Full-time,6,1:09 AM,1:28 AM,5
238,Olenolin,Laxe,Male,27,olaxe6l@purevolume.com,Brazil,49170-000,Marketing,106979.65,4/30/2017,238,4.0,Assistant Professor,Office,Full-time,16,7:12 AM,6:14 AM,20
239,Heddie,Dumbrill,Male,53,hdumbrill6m@devhub.com,Indonesia,,IT,112225.99,4/27/2020,239,4.2,Pharmacist,Office,Full-time,7,7:23 PM,8:54 PM,4
240,Valida,Mc Caghan,Non-binary,33,vmccaghan6n@scientificamerican.com,Israel,,HR,91308.65,7/15/2016,240,1.4,Senior Editor,Office,Full-time,26,8:58 PM,7:42 AM,18
241,Waite,Keslake,Non-binary,38,wkeslake6o@soup.io,Somalia,,Marketing,98015.36,9/1/2015,241,4.2,Media Manager I,Remote,Part-time,7,11:14 AM,12:00 AM,0
242,Edgard,Spofford,Female,36,espofford6p@weather.com,Philippines,9803,Marketing,92405.69,7/10/2017,242,1.6,Teacher,Office,Part-time,11,8:34 PM,7:29 PM,3
243,Karney,Ollerhad,Male,22,kollerhad6q@phpbb.com,Colombia,682539,Marketing,119289.0,5/2/2017,243,4.5,VP Quality Control,Office,Full-time,21,12:40 PM,2:56 AM,6
244,Darrel,Kirtland,Non-binary,51,dkirtland6r@wordpress.org,Colombia,501007,Marketing,62997.7,2/13/2011,244,1.2,Quality Engineer,Remote,Full-time,15,3:13 AM,4:43 AM,13
245,Billy,Sell,Non-binary,35,bsell6s@elpais.com,Comoros,,Sales,123823.64,10/26/2010,245,1.5,Accounting Assistant III,Office,Full-time,16,3:51 AM,8:00 AM,13
246,Susann,Nottingham,Female,37,snottingham6t@cam.ac.uk,Poland,38-242,IT,99389.71,6/22/2012,246,2.8,Physical Therapy Assistant,Remote,Part-time,24,10:55 PM,2:22 AM,9
247,Timotheus,Tremathick,Non-binary,45,ttremathick6u@nyu.edu,Brazil,18730-000,Sales,55071.84,4/10/2016,247,4.2,Registered Nurse,Remote,Part-time,7,7:32 AM,8:44 AM,6
248,Kira,Zanetto,Female,23,kzanetto6v@ycombinator.com,China,,Marketing,134526.08,12/24/2016,248,2.2,Help Desk Operator,Remote,Part-time,18,12:41 AM,9:58 PM,12
249,Bob,Tebbet,Male,38,btebbet6w@t.co,Poland,46-300,Marketing,70092.94,1/15/2019,249,3.0,Nurse Practicioner,Remote,Full-time,15,12:54 PM,10:00 PM,19
250,Leroy,Cumine,Male,63,lcumine6x@weather.com,South Africa,5760,Sales,88372.8,10/23/2021,250,1.2,Product Engineer,Remote,Part-time,12,1:09 AM,9:43 AM,6
251,Scotty,Barrs,Non-binary,29,sbarrs6y@google.es,Indonesia,,Sales,84998.07,1/7/2012,251,3.4,Nurse,Remote,Full-time,27,10:21 AM,10:20 AM,20
252,Drucie,Matthesius,Non-binary,50,dmatthesius6z@t.co,Netherlands,7309,IT,111819.06,8/21/2021,252,1.9,Staff Accountant II,Office,Part-time,9,2:29 AM,11:24 PM,8
253,Robinette,Stilgoe,Female,45,rstilgoe70@google.it,Japan,798-1354,IT,73988.46,6/28/2015,253,1.6,Chief Design Engineer,Remote,Full-time,8,4:34 PM,6:48 PM,13
254,Mortimer,Gamage,Non-binary,29,mgamage71@altervista.org,Finland,88300,Sales,114573.3,9/23/2020,254,1.6,Programmer III,Office,Part-time,0,7:53 AM,3:27 PM,0
255,Morgun,Neising,Male,30,mneising72@netscape.com,China,,HR,137344.3,12/27/2014,255,4.5,Social Worker,Remote,Part-time,11,2:09 AM,6:15 AM,5
256,Matt,Bleesing,Female,20,mbleesing73@ox.ac.uk,Armenia,,HR,117391.23,5/30/2019,256,4.3,Geological Engineer,Remote,Full-time,5,6:03 PM,12:13 AM,20
257,Marlane,O'Dyvoie,Female,23,modyvoie74@geocities.jp,France,07509 CEDEX,Marketing,47005.56,10/29/2019,257,3.6,Structural Analysis Engineer,Office,Full-time,23,6:13 PM,7:40 AM,12
258,Olympie,Galea,Female,58,ogalea75@senate.gov,China,,Sales,114242.44,3/23/2010,258,2.0,Nuclear Power Engineer,Office,Part-time,23,11:25 PM,7:31 PM,13
259,Levi,Darleston,Non-binary,58,ldarleston76@github.io,Indonesia,,IT,66154.25,8/29/2021,259,2.6,Safety Technician I,Remote,Part-time,24,6:27 PM,1:38 AM,6
260,Bale,Grotty,Female,43,bgrotty77@dion.ne.jp,Indonesia,,IT,45254.27,2/3/2015,260,2.9,Marketing Manager,Remote,Part-time,12,11:04 PM,10:18 AM,6
261,Bryana,Morena,Male,64,bmorena78@phpbb.com,Moldova,MD-3917,Sales,105735.75,2/19/2020,261,4.7,Assistant Manager,Remote,Part-time,16,6:15 PM,11:13 PM,9
262,Leo,Eastby,Male,27,leastby79@barnesandnoble.com,China,,IT,62698.52,1/13/2021,262,1.6,Desktop Support Technician,Remote,Part-time,19,2:23 AM,6:41 PM,5
263,Isabeau,Goold,Female,37,igoold7a@cloudflare.com,Russia,403879,Sales,36444.06,10/11/2013,263,3.0,VP Sales,Remote,Part-time,0,10:09 PM,8:31 PM,16
264,Patience,Prop,Male,24,pprop7b@chron.com,Gabon,,HR,38992.37,10/7/2012,264,3.0,VP Marketing,Office,Full-time,30,8:18 AM,6:05 AM,10
265,Bern,Gull,Non-binary,47,bgull7c@weebly.com,Mexico,51700,HR,58451.67,1/31/2019,265,2.8,Structural Engineer,Remote,Part-time,22,11:20 PM,2:37 AM,5
266,Kizzie,Bunnell,Male,63,kbunnell7d@stanford.edu,Luxembourg,L-5687,Marketing,53829.67,11/9/2017,266,2.9,Staff Accountant I,Remote,Full-time,29,2:39 PM,9:02 AM,9
267,Galvan,Sekulla,Non-binary,42,gsekulla7e@vkontakte.ru,Syria,,Marketing,45465.3,3/31/2018,267,1.8,Account Coordinator,Remote,Part-time,4,1:25 PM,10:34 PM,18
268,Thorny,McKenney,Non-binary,18,tmckenney7f@wikia.com,Russia,188919,Sales,63046.39,6/1/2010,268,4.5,Graphic Designer,Remote,Part-time,5,5:28 AM,6:02 AM,6
269,Alecia,Gorham,Non-binary,47,agorham7g@techcrunch.com,Malaysia,80902,HR,121065.56,4/20/2018,269,1.8,Executive Secretary,Remote,Full-time,15,2:35 AM,4:33 PM,13
270,Curr,Pigne,Male,49,cpigne7h@paypal.com,Indonesia,,HR,148961.18,1/7/2011,270,2.6,Software Test Engineer II,Remote,Part-time,22,9:30 PM,10:51 AM,14
271,Dan,Otto,Male,28,dotto7i@elegantthemes.com,Brazil,93180-000,IT,89507.57,4/15/2010,271,3.6,Chief Design Engineer,Office,Part-time,13,2:29 AM,9:20 AM,12
272,Arnuad,Stride,Female,32,astride7j@nationalgeographic.com,China,,HR,118056.15,1/27/2018,272,2.0,Recruiter,Office,Part-time,14,1:48 AM,4:44 PM,17
273,Tedda,Cortese,Non-binary,58,tcortese7k@ucoz.ru,Indonesia,,HR,140371.96,11/22/2016,273,2.6,Desktop Support Technician,Office,Full-time,12,7:04 PM,12:48 AM,0
274,Lishe,Halvorsen,Female,62,lhalvorsen7l@amazon.com,Russia,356235,Marketing,141437.79,9/28/2010,274,4.0,Environmental Specialist,Remote,Part-time,9,4:34 PM,10:24 PM,7
275,Marilee,Hawick,Female,41,mhawick7m@nbcnews.com,United States,68505,Marketing,65232.0,3/24/2014,275,2.1,Human Resources Manager,Remote,Part-time,22,11:51 PM,3:55 PM,4
276,Osborn,Bending,Non-binary,49,obending7n@bloglines.com,Vietnam,,Sales,112614.02,12/30/2010,276,3.5,Safety Technician I,Office,Full-time,2,4:23 AM,4:55 PM,3
277,Adan,Ducker,Non-binary,51,aducker7o@dedecms.com,China,,IT,76065.83,12/24/2012,277,3.1,Technical Writer,Office,Full-time,15,1:24 AM,7:51 AM,14
278,Derrek,Quilleash,Non-binary,61,dquilleash7p@mozilla.com,Sweden,164 30,IT,126062.82,3/7/2015,278,3.1,Engineer II,Office,Full-time,13,2:47 PM,1:21 AM,8
279,Devin,Beadles,Non-binary,29,dbeadles7q@ft.com,China,,Marketing,127449.12,5/24/2010,279,4.5,Software Test Engineer II,Remote,Part-time,17,2:57 AM,4:14 AM,0
280,Barbette,Mixhel,Non-binary,40,bmixhel7r@twitpic.com,Portugal,4610-017,HR,122386.77,2/7/2017,280,2.0,Compensation Analyst,Remote,Part-time,4,10:16 PM,7:08 AM,11
281,Romain,Skade,Non-binary,46,rskade7s@canalblog.com,Iran,,IT,49256.84,4/15/2013,281,4.7,Senior Financial Analyst,Office,Full-time,14,3:42 PM,8:11 PM,1
282,June,Hurworth,Non-binary,60,jhurworth7t@blogs.com,Indonesia,,Sales,109634.31,5/27/2017,282,3.8,Teacher,Office,Part-time,29,10:13 PM,8:23 PM,5
283,Kelby,Newing,Male,33,knewing7u@webnode.com,Portugal,4990-690,HR,145722.3,4/8/2012,283,2.3,Automation Specialist II,Remote,Part-time,26,8:13 PM,3:14 PM,2
284,Erich,Nasey,Female,62,enasey7v@feedburner.com,Iran,,Marketing,132663.42,9/18/2010,284,1.9,Paralegal,Remote,Part-time,27,7:02 AM,9:30 AM,14
285,Paulina,Syplus,Male,21,psyplus7w@joomla.org,Indonesia,,Marketing,78020.07,8/19/2017,285,2.2,Recruiting Manager,Office,Part-time,22,1:28 PM,9:29 AM,4
286,Lorrin,Dymond,Non-binary,27,ldymond7x@webs.com,Indonesia,,Marketing,121102.53,3/1/2016,286,3.9,Senior Financial Analyst,Remote,Part-time,10,5:13 PM,10:23 PM,10
287,Silvia,Arnet,Non-binary,30,sarnet7y@sphinn.com,China,,IT,106608.56,11/22/2019,287,3.1,Product Engineer,Remote,Part-time,24,7:34 AM,2:26 PM,10
288,Lorena,Godley,Male,40,lgodley7z@reverbnation.com,Indonesia,,HR,144893.13,6/22/2016,288,3.2,Systems Administrator III,Office,Full-time,11,7:36 PM,1:40 AM,17
289,Vasilis,Sturm,Male,64,vsturm80@mit.edu,Norway,6524,Marketing,86328.3,2/18/2021,289,3.8,Dental Hygienist,Remote,Full-time,10,5:54 AM,5:56 AM,15
290,Laird,Newarte,Non-binary,46,lnewarte81@twitpic.com,Portugal,9555-145,Marketing,82703.34,1/30/2021,290,3.9,Software Test Engineer I,Office,Full-time,10,12:51 AM,11:01 PM,8
291,Leslie,Trenouth,Female,52,ltrenouth82@nationalgeographic.com,Sweden,141 48,Sales,80892.6,12/26/2019,291,3.2,Programmer Analyst III,Remote,Part-time,20,5:36 PM,8:14 PM,18
292,Pattie,Pellett,Male,22,ppellett83@statcounter.com,Czech Republic,373 71,Marketing,67514.61,11/7/2014,292,4.2,Civil Engineer,Office,Part-time,8,10:14 PM,2:24 PM,15
293,Bailey,Antrack,Female,63,bantrack84@spotify.com,China,,Marketing,71825.4,1/28/2017,293,3.2,Physical Therapy Assistant,Office,Part-time,23,12:16 PM,1:15 PM,14
294,Sully,Scoles,Non-binary,33,sscoles85@chron.com,China,,HR,147641.63,5/30/2018,294,2.7,Geological Engineer,Office,Full-time,30,12:39 PM,8:44 PM,16
295,Reube,Damper,Non-binary,64,rdamper86@delicious.com,China,,Sales,98784.07,11/29/2020,295,3.0,Human Resources Assistant III,Office,Part-time,14,9:11 PM,5:19 AM,7
296,Lorry,Bottrill,Non-binary,18,lbottrill87@devhub.com,Japan,999-3503,Marketing,62148.34,5/30/2015,296,2.4,Chemical Engineer,Office,Full-time,16,3:40 PM,10:34 AM,13
297,Meridel,Osban,Male,53,mosban88@uiuc.edu,Tunisia,,Sales,131178.32,6/5/2012,297,4.2,Assistant Manager,Remote,Part-time,25,7:13 AM,9:35 AM,13
298,Birch,Wethered,Male,61,bwethered89@omniture.com,Greece,,Sales,149808.69,7/21/2019,298,1.6,Assistant Manager,Office,Full-time,17,9:19 AM,6:47 AM,18
299,Sansone,Hoodlass,Male,41,shoodlass8a@va.gov,Honduras,,Sales,64780.68,8/16/2015,299,4.7,Associate Professor,Remote,Full-time,1,5:47 AM,12:22 PM,18
300,Jean,Perutto,Female,39,jperutto8b@wikia.com,Russia,357433,IT,32465.43,1/13/2021,300,3.2,Help Desk Technician,Remote,Part-time,22,2:16 PM,5:08 PM,20
301,Bendite,Stringman,Male,24,bstringman8c@simplemachines.org,France,22042 CEDEX 2,Marketing,124785.55,9/22/2016,301,1.3,Payment Adjustment Coordinator,Remote,Full-time,24,5:48 PM,1:05 PM,0
302,Andrea,Humpage,Male,37,ahumpage8d@harvard.edu,Afghanistan,,IT,122648.4,5/9/2012,302,2.6,Registered Nurse,Office,Part-time,29,7:08 AM,10:23 AM,18
303,Huntington,Bathow,Non-binary,47,hbathow8e@themeforest.net,China,,HR,104391.09,10/29/2011,303,3.5,Senior Sales Associate,Office,Full-time,29,9:21 AM,6:00 AM,11
304,Rosina,Pedican,Male,44,rpedican8f@samsung.com,Philippines,8102,Sales,136320.63,12/22/2016,304,2.5,Environmental Specialist,Remote,Part-time,27,9:48 PM,8:26 AM,19
305,Yale,Deinhardt,Non-binary,64,ydeinhardt8g@tinypic.com,Vietnam,,IT,133325.92,1/16/2018,305,4.5,Junior Executive,Remote,Full-time,12,9:07 PM,9:33 AM,12
306,Asher,Cauldwell,Non-binary,24,acauldwell8h@naver.com,Bosnia and Herzegovina,,IT,83887.6,1/21/2014,306,4.0,Marketing Assistant,Office,Part-time,22,4:24 PM,11:53 AM,17
307,Krissy,McArd,Female,61,kmcard8i@multiply.com,Ukraine,,IT,134967.93,2/29/2016,307,3.3,Registered Nurse,Office,Part-time,4,1:53 AM,3:17 AM,3
308,Dianemarie,Ickovitz,Female,41,dickovitz8j@upenn.edu,China,,HR,70401.4,3/12/2015,308,2.9,Cost Accountant,Remote,Part-time,27,7:57 AM,2:20 AM,17
309,Bax,Donegan,Male,54,bdonegan8k@amazon.de,United States,33141,Marketing,96003.69,5/25/2020,309,1.7,Help Desk Technician,Remote,Full-time,22,2:07 PM,8:45 PM,15
310,Alberik,Eusden,Female,43,aeusden8l@boston.com,France,29551 CEDEX 9,HR,143631.98,8/9/2012,310,4.1,Librarian,Office,Part-time,1,12:11 AM,2:58 PM,4
311,Dalenna,Banton,Male,33,dbanton8m@statcounter.com,United States,32835,HR,115559.63,7/19/2011,311,1.8,Senior Sales Associate,Office,Full-time,19,10:09 PM,12:17 PM,16
312,Wendel,Woosnam,Female,46,wwoosnam8n@opera.com,Indonesia,,IT,54631.99,12/23/2017,312,1.8,Senior Quality Engineer,Office,Full-time,2,8:33 PM,8:30 PM,5
313,Martita,Mandre,Non-binary,47,mmandre8o@marriott.com,Russia,397608,Marketing,62038.15,3/29/2011,313,1.0,Geologist IV,Remote,Part-time,3,3:30 PM,3:59 AM,1
314,Nonie,Brudenell,Non-binary,50,nbrudenell8p@businesswire.com,China,,HR,76580.41,5/7/2013,314,1.2,Environmental Specialist,Office,Part-time,18,10:34 AM,9:04 AM,9
315,Fairfax,Clulee,Non-binary,41,fclulee8q@thetimes.co.uk,Russia,188355,Sales,140997.79,12/22/2015,315,3.6,Database Administrator II,Office,Part-time,16,6:31 PM,2:20 AM,16
316,Fernando,Jorio,Male,35,fjorio8r@hugedomains.com,Indonesia,,IT,148316.43,8/11/2017,316,4.9,Research Assistant I,Remote,Full-time,0,3:02 PM,3:23 AM,2
317,Nerti,Stoacley,Non-binary,44,nstoacley8s@hhs.gov,Ukraine,,Marketing,83559.38,2/21/2020,317,1.5,Human Resources Assistant II,Remote,Part-time,21,1:22 AM,6:41 PM,16
318,Christel,Winspear,Female,30,cwinspear8t@twitpic.com,China,,HR,125393.98,1/16/2013,318,3.2,Environmental Specialist,Remote,Full-time,4,8:45 AM,8:21 PM,14
319,Jacob,Webburn,Non-binary,56,jwebburn8u@jimdo.com,Philippines,6812,Marketing,110274.68,9/4/2017,319,1.7,Teacher,Office,Part-time,25,5:44 AM,8:02 PM,6
320,Tammy,Condliffe,Male,62,tcondliffe8v@dailymotion.com,Indonesia,,Marketing,45308.95,10/29/2014,320,4.1,Web Developer I,Office,Full-time,25,1:33 PM,4:36 PM,4
321,Elvera,Doree,Male,44,edoree8w@ftc.gov,Albania,,IT,56338.42,6/8/2012,321,1.0,Staff Accountant II,Office,Part-time,17,5:04 PM,7:28 PM,6
322,Chet,Amies,Female,25,camies8x@about.me,Malaysia,05622,Sales,68923.37,1/4/2012,322,3.3,Food Chemist,Office,Part-time,8,2:40 AM,9:29 PM,2
323,Rubia,Gayne,Non-binary,31,rgayne8y@mac.com,Russia,624400,HR,149352.24,4/11/2015,323,3.4,Programmer Analyst III,Office,Full-time,14,3:38 AM,4:48 PM,14
324,Cyndie,Bohl,Female,52,cbohl8z@cdc.gov,Poland,11-040,Sales,82208.5,4/17/2018,324,2.7,Product Engineer,Remote,Part-time,6,9:36 PM,8:51 AM,1
325,Rolando,Diggle,Non-binary,60,rdiggle90@dell.com,Philippines,3110,Sales,137983.58,12/22/2013,325,3.6,Operator,Remote,Part-time,15,8:19 PM,7:57 AM,20
326,Fancy,Kener,Female,58,fkener91@mit.edu,Bosnia and Herzegovina,,Sales,36477.41,11/1/2015,326,1.1,Technical Writer,Office,Part-time,14,2:18 PM,2:30 PM,19
327,Christal,Blitzer,Female,46,cblitzer92@sohu.com,Canada,J3H,Marketing,41935.54,1/19/2015,327,4.0,Software Consultant,Office,Part-time,27,7:44 AM,10:19 AM,16
328,Evered,Eddies,Male,44,eeddies93@cornell.edu,Sweden,302 50,Sales,86263.89,4/25/2013,328,4.9,Teacher,Office,Full-time,4,12:08 PM,9:24 AM,5
329,Jemmie,Augustine,Female,51,jaugustine94@ted.com,Palestinian Territory,,IT,121817.36,4/18/2019,329,4.4,Recruiting Manager,Remote,Part-time,30,6:27 AM,10:40 PM,2
330,Ingmar,Adamou,Female,56,iadamou95@xinhuanet.com,Uganda,,HR,125292.23,9/22/2013,330,3.8,Operator,Office,Part-time,27,2:14 AM,4:02 AM,13
331,Fidela,Castagnier,Non-binary,34,fcastagnier96@dedecms.com,China,,HR,129431.02,7/12/2016,331,1.8,VP Quality Control,Office,Part-time,14,8:50 AM,6:08 PM,18
332,Lotti,Ludovici,Non-binary,59,lludovici97@marketwatch.com,Czech Republic,798 45,Sales,75147.85,1/23/2018,332,4.1,Assistant Professor,Office,Full-time,17,1:09 AM,4:05 PM,10
333,Donnajean,de Guerre,Female,59,ddeguerre98@topsy.com,Indonesia,,Sales,112676.03,3/9/2019,333,3.5,Recruiter,Remote,Part-time,7,11:50 AM,12:50 AM,6
334,Maurine,Rosenkranc,Male,48,mrosenkranc99@amazonaws.com,Peru,,HR,94674.81,10/19/2013,334,2.5,Design Engineer,Office,Full-time,5,10:31 PM,7:33 PM,5
335,Bernarr,Kamall,Male,38,bkamall9a@bloomberg.com,China,,Marketing,125978.98,9/8/2011,335,5.0,Occupational Therapist,Office,Full-time,25,7:36 AM,7:18 PM,20
336,Lewes,Willison,Non-binary,49,lwillison9b@jugem.jp,Brazil,35600-000,Marketing,132437.17,2/16/2016,336,4.9,Senior Cost Accountant,Office,Part-time,15,10:10 AM,10:45 AM,13
337,Goran,Bartoszek,Non-binary,55,gbartoszek9c@msn.com,China,,HR,116869.33,1/1/2019,337,2.2,Media Manager III,Remote,Full-time,24,3:02 PM,1:05 PM,12
338,Julius,Heinig,Female,22,jheinig9d@vistaprint.com,Peru,,IT,47313.93,11/12/2018,338,4.7,Chief Design Engineer,Remote,Part-time,20,12:57 PM,11:43 AM,3
339,Devinne,Shoebrook,Non-binary,23,dshoebrook9e@so-net.ne.jp,Gambia,,HR,33081.19,9/16/2013,339,2.3,Research Nurse,Office,Full-time,10,5:38 PM,12:59 PM,15
340,Bernie,Davidof,Non-binary,59,bdavidof9f@soup.io,China,,Sales,51007.27,3/14/2018,340,4.7,Information Systems Manager,Remote,Full-time,18,6:13 AM,10:41 PM,19
341,Alley,Brahmer,Non-binary,44,abrahmer9g@unblog.fr,Honduras,,Marketing,110934.96,12/8/2019,341,1.7,Software Engineer II,Office,Full-time,11,1:13 AM,5:36 AM,4
342,Gilly,Kirman,Non-binary,62,gkirman9h@desdev.cn,Brazil,75690-000,Sales,64968.75,10/21/2017,342,2.2,Environmental Tech,Remote,Full-time,11,9:50 PM,4:11 PM,0
343,Randal,Bransdon,Non-binary,55,rbransdon9i@live.com,Ukraine,,Sales,30429.03,7/5/2017,343,2.8,Software Engineer IV,Remote,Part-time,0,5:29 AM,2:39 PM,5
344,Alvy,Chenery,Female,60,achenery9j@sohu.com,Malaysia,88861,HR,63588.71,9/24/2014,344,1.2,Research Associate,Remote,Part-time,24,1:53 PM,12:04 AM,3
345,Bethanne,Dykes,Non-binary,44,bdykes9k@bluehost.com,Hungary,4404,Marketing,136092.3,3/19/2010,345,2.2,Chemical Engineer,Remote,Full-time,17,12:58 AM,9:44 AM,19
346,Silvie,Burnyeat,Non-binary,47,sburnyeat9l@phoca.cz,Nepal,,Marketing,59800.69,6/4/2018,346,1.2,Geological Engineer,Remote,Part-time,20,9:22 AM,10:40 PM,0
347,Sutherland,Godfroy,Non-binary,55,sgodfroy9m@4shared.com,Philippines,3601,Marketing,66596.91,9/10/2017,347,1.3,Project Manager,Remote,Part-time,6,3:13 AM,6:55 PM,11
348,Rolf,Jaine,Non-binary,64,rjaine9n@discovery.com,Canada,N1G,Sales,61198.87,7/3/2016,348,1.3,Geologist I,Remote,Full-time,1,6:46 PM,3:05 AM,8
349,Sidney,Clues,Non-binary,18,sclues9o@dropbox.com,China,,HR,66829.49,9/27/2012,349,2.9,Software Consultant,Remote,Part-time,5,11:05 PM,10:49 AM,18
350,Lois,Maydway,Male,60,lmaydway9p@pcworld.com,Portugal,7050-405,HR,114025.67,8/10/2012,350,1.5,Assistant Manager,Office,Full-time,27,2:18 AM,8:09 PM,9
351,Sisely,Pettitt,Non-binary,56,spettitt9q@yelp.com,Portugal,2065-114,Marketing,141253.45,1/19/2013,351,2.6,Accountant II,Office,Full-time,1,1:09 PM,12:01 AM,0
352,Robyn,Chellam,Non-binary,52,rchellam9r@boston.com,Peru,,Marketing,121590.69,2/18/2017,352,2.3,Account Coordinator,Remote,Full-time,15,12:19 PM,10:08 PM,10
353,Delia,Llewelyn,Non-binary,29,dllewelyn9s@netscape.com,Russia,398902,HR,94033.0,1/4/2016,353,5.0,Research Associate,Office,Full-time,8,5:23 PM,3:54 PM,4
354,Gnni,O'Gaven,Female,37,gogaven9t@geocities.com,Malta,ZTN,HR,87285.05,1/5/2012,354,3.7,Junior Executive,Remote,Part-time,20,8:19 AM,5:18 AM,20
355,Rhianna,O'Kynsillaghe,Female,49,rokynsillaghe9u@businessinsider.com,Portugal,4960-160,IT,134072.47,6/8/2020,355,3.7,Nurse,Office,Part-time,19,1:23 PM,5:30 AM,17
356,Georgetta,Bellee,Male,51,gbellee9v@nydailynews.com,Brazil,83540-000,Sales,99568.0,8/15/2019,356,3.6,Staff Scientist,Office,Full-time,29,4:21 AM,3:06 AM,20
357,Pattie,Millican,Non-binary,36,pmillican9w@goo.gl,Netherlands,5214,IT,112432.82,5/13/2020,357,2.5,Environmental Tech,Remote,Full-time,26,6:50 AM,11:33 AM,9
358,Marget,Hadgkiss,Male,58,mhadgkiss9x@mail.ru,Taiwan,,IT,46590.67,12/10/2011,358,2.7,Food Chemist,Remote,Part-time,28,6:39 PM,12:02 AM,1
359,Gianni,Zupa,Female,57,gzupa9y@taobao.com,Poland,56-160,HR,105264.55,6/20/2014,359,4.2,Account Representative IV,Office,Part-time,6,5:51 PM,11:18 AM,11
360,Fonzie,Kail,Female,33,fkail9z@parallels.com,Brazil,14180-000,IT,56890.07,10/24/2015,360,2.4,Editor,Office,Full-time,4,4:04 PM,9:12 PM,18
361,Maximilien,Lumby,Non-binary,27,mlumbya0@creativecommons.org,China,,HR,83026.23,7/6/2013,361,2.1,Research Assistant IV,Office,Full-time,16,3:13 PM,9:39 PM,19
362,Gypsy,Ropcke,Non-binary,30,gropckea1@opensource.org,Portugal,2565-282,HR,80797.69,9/20/2017,362,3.3,Human Resources Assistant II,Office,Part-time,0,8:20 AM,2:23 PM,9
363,Evy,Mee,Non-binary,42,emeea2@pagesperso-orange.fr,Guatemala,15001,Marketing,114495.83,11/10/2016,363,4.6,Project Manager,Remote,Full-time,17,6:48 AM,1:57 AM,4
364,Davina,Kelledy,Female,26,dkelledya3@vimeo.com,China,,Marketing,126147.76,10/15/2011,364,4.1,Assistant Media Planner,Office,Part-time,18,12:54 PM,3:12 AM,10
365,Leonore,Hawlgarth,Male,48,lhawlgartha4@vinaora.com,China,,IT,97794.65,2/14/2016,365,4.5,Account Representative I,Remote,Part-time,11,2:21 PM,3:41 PM,14
366,Jeanna,Boulder,Non-binary,51,jbouldera5@dion.ne.jp,China,,Sales,90777.79,6/9/2018,366,1.5,Health Coach III,Office,Part-time,6,4:41 AM,6:02 AM,11
367,Olivia,Frankema,Non-binary,39,ofrankemaa6@github.io,United States,75310,IT,43155.88,6/7/2018,367,3.7,Assistant Professor,Remote,Full-time,13,2:47 PM,1:14 PM,0
368,Odey,Yardley,Female,30,oyardleya7@odnoklassniki.ru,Cocos Islands,,Sales,115853.98,1/1/2013,368,4.4,Internal Auditor,Office,Part-time,15,9:55 AM,6:38 AM,9
369,Gardener,Johannesson,Female,41,gjohannessona8@360.cn,Kenya,,HR,112197.55,7/19/2015,369,4.4,VP Quality Control,Office,Part-time,13,4:06 AM,8:16 PM,1
370,Lorelle,Sherry,Female,45,lsherrya9@sakura.ne.jp,France,94114 CEDEX,Marketing,129872.26,7/26/2013,370,4.2,Developer III,Remote,Full-time,9,3:39 AM,8:08 PM,6
371,Yorke,Bebbington,Female,40,ybebbingtonaa@slate.com,Canada,J2N,Marketing,141550.01,1/27/2021,371,2.8,Media Manager I,Remote,Part-time,20,7:56 AM,9:22 PM,0
372,Gunar,Eskrick,Female,56,geskrickab@ibm.com,Indonesia,,Marketing,88692.1,1/23/2019,372,1.3,Environmental Specialist,Remote,Part-time,28,6:55 AM,3:39 AM,11
373,Carita,Maccrea,Male,18,cmaccreaac@deviantart.com,Canada,E7E,Sales,120987.39,11/28/2013,373,4.3,Safety Technician I,Office,Part-time,27,10:03 AM,11:45 AM,13
374,Fleurette,Lannen,Non-binary,39,flannenad@gov.uk,China,,IT,148184.58,3/21/2010,374,2.7,Web Designer III,Remote,Part-time,9,5:19 PM,7:46 AM,15
375,Myrvyn,Scathard,Male,60,mscathardae@xing.com,Indonesia,,IT,111398.97,4/25/2012,375,2.7,VP Product Management,Remote,Part-time,4,12:23 AM,11:58 PM,3
376,Nikos,Bendson,Non-binary,39,nbendsonaf@themeforest.net,Czech Republic,270 21,IT,139577.53,1/2/2015,376,1.9,Desktop Support Technician,Remote,Part-time,19,6:58 AM,8:25 PM,18
377,Gail,Jonuzi,Male,28,gjonuziag@ucla.edu,Philippines,2405,Sales,54029.17,2/28/2020,377,4.7,Editor,Office,Full-time,26,4:27 PM,8:39 AM,20
378,Stevena,Barnfather,Non-binary,63,sbarnfatherah@samsung.com,Slovenia,4220,Marketing,75904.54,6/28/2011,378,1.9,Chief Design Engineer,Office,Full-time,27,6:46 PM,8:59 PM,19
379,Che,Romaynes,Male,65,cromaynesai@php.net,China,,Marketing,54292.48,11/2/2017,379,1.8,Business Systems Development Analyst,Office,Full-time,22,4:07 PM,10:35 PM,3
380,Kienan,Willatt,Non-binary,57,kwillattaj@cdbaby.com,Indonesia,,Marketing,78771.07,8/12/2016,380,3.1,Software Engineer III,Office,Part-time,15,8:41 PM,4:47 AM,7
381,Marve,Giorgielli,Male,51,mgiorgielliak@facebook.com,China,,IT,74165.99,3/4/2020,381,1.4,Environmental Specialist,Office,Full-time,11,3:33 PM,4:42 PM,12
382,Novelia,Patis,Non-binary,19,npatisal@china.com.cn,Maldives,,IT,137046.1,7/12/2016,382,1.8,Research Assistant IV,Office,Part-time,21,9:18 PM,12:20 AM,6
383,Adriaens,Speeks,Non-binary,43,aspeeksam@is.gd,Colombia,253027,IT,138779.31,1/4/2018,383,1.1,Business Systems Development Analyst,Remote,Part-time,21,10:49 PM,4:17 AM,17
384,Nial,Learman,Male,26,nlearmanan@state.gov,Indonesia,,Marketing,31369.22,6/6/2011,384,2.4,GIS Technical Architect,Office,Part-time,16,5:22 AM,10:55 AM,0
385,Colan,Kellett,Male,56,ckellettao@cpanel.net,Slovenia,9224,HR,120017.85,4/12/2016,385,3.7,Marketing Manager,Office,Part-time,27,8:08 AM,9:25 AM,18
386,Leland,Lowbridge,Male,36,llowbridgeap@google.ru,South Africa,2680,IT,73786.41,3/19/2016,386,1.0,Structural Analysis Engineer,Office,Part-time,8,3:57 AM,8:01 PM,18
387,Licha,MacMearty,Non-binary,47,lmacmeartyaq@google.com.hk,France,51064 CEDEX,Marketing,75989.37,8/1/2015,387,2.9,Web Designer III,Office,Full-time,28,1:33 PM,6:16 PM,2
388,Kacy,Causbey,Non-binary,43,kcausbeyar@google.com.hk,Poland,08-322,Marketing,78670.06,10/15/2010,388,2.8,Junior Executive,Office,Full-time,0,8:30 PM,6:07 PM,6
389,Betsy,McMurthy,Female,30,bmcmurthyas@epa.gov,Chile,,Sales,140468.76,9/1/2016,389,4.0,Design Engineer,Remote,Part-time,16,3:34 AM,5:14 PM,16
390,Gnni,Spinige,Female,63,gspinigeat@blogger.com,Japan,289-1211,HR,147374.45,2/29/2016,390,3.8,Teacher,Office,Full-time,3,10:53 PM,7:07 AM,14
391,Shirline,Gerssam,Female,23,sgerssamau@ifeng.com,Comoros,,HR,147294.26,1/14/2016,391,2.7,General Manager,Office,Part-time,24,1:04 AM,8:02 AM,19
392,Maddy,Kincaid,Female,40,mkincaidav@wunderground.com,Portugal,4620-297,Sales,81304.14,4/8/2019,392,4.4,Structural Analysis Engineer,Remote,Full-time,18,5:36 AM,12:36 AM,2
393,Lanette,Petraitis,Female,49,lpetraitisaw@google.com,China,,Marketing,132577.01,11/15/2012,393,3.5,Occupational Therapist,Remote,Part-time,1,4:46 PM,5:36 PM,17
394,Bowie,Harnwell,Non-binary,42,bharnwellax@ifeng.com,Lithuania,56001,Sales,48665.27,9/24/2014,394,3.7,Payment Adjustment Coordinator,Office,Part-time,28,10:57 PM,8:43 AM,19
395,Corbin,King,Male,57,ckingay@sun.com,China,,HR,100657.26,6/28/2017,395,3.5,Geological Engineer,Office,Full-time,2,7:06 PM,7:32 AM,1
396,Englebert,Drage,Female,22,edrageaz@elpais.com,China,,IT,68097.74,6/27/2018,396,2.3,Occupational Therapist,Office,Full-time,18,2:01 PM,3:42 AM,12
397,Lanita,Phuprate,Female,53,lphuprateb0@amazon.com,Taiwan,,Sales,80999.88,11/16/2021,397,2.0,Senior Cost Accountant,Remote,Part-time,18,3:30 AM,9:27 AM,17
398,Elton,De Ath,Non-binary,52,edeathb1@jalbum.net,Philippines,1230,IT,117095.4,4/19/2021,398,2.7,Help Desk Technician,Remote,Part-time,25,5:47 PM,8:47 AM,11
399,Sybyl,Edge,Female,51,sedgeb2@slashdot.org,Sweden,135 55,Sales,30293.2,5/22/2017,399,2.3,Systems Administrator II,Office,Part-time,18,4:16 AM,10:59 AM,3
400,Emmott,Bolver,Female,26,ebolverb3@rakuten.co.jp,Finland,66999,Sales,89043.87,10/20/2015,400,3.6,Chief Design Engineer,Office,Part-time,19,6:36 AM,6:50 AM,6
401,Amelina,Whellans,Male,47,awhellansb4@sbwire.com,China,,HR,108201.29,2/20/2011,401,4.4,Technical Writer,Office,Full-time,25,8:37 PM,4:24 PM,8
402,Ysabel,Simione,Female,19,ysimioneb5@howstuffworks.com,Portugal,4795-193,Sales,114657.78,8/23/2012,402,1.1,General Manager,Remote,Part-time,1,5:54 PM,9:36 AM,19
403,Pamela,Shaefer,Non-binary,27,pshaeferb6@sbwire.com,France,67073 CEDEX,IT,139984.69,5/20/2018,403,5.0,Computer Systems Analyst II,Remote,Full-time,3,1:28 PM,2:53 AM,7
404,Deeann,Medendorp,Female,31,dmedendorpb7@123-reg.co.uk,Finland,91501,IT,85778.73,1/23/2017,404,2.0,VP Marketing,Office,Part-time,25,12:50 PM,3:47 PM,5
405,Ellswerth,Charrington,Female,39,echarringtonb8@vinaora.com,Philippines,2005,IT,85138.84,1/11/2011,405,4.4,Assistant Media Planner,Office,Full-time,8,3:47 AM,5:03 PM,17
406,Malorie,Ebunoluwa,Female,29,mebunoluwab9@zimbio.com,France,69362 CEDEX 07,Marketing,80836.33,9/15/2015,406,4.1,Registered Nurse,Remote,Full-time,26,11:59 AM,11:05 AM,5
407,Kora,Raulston,Female,52,kraulstonba@gravatar.com,Philippines,3332,HR,59571.44,3/22/2017,407,4.4,Recruiting Manager,Office,Part-time,17,10:47 PM,2:45 AM,2
408,Gipsy,Manthorpe,Female,62,gmanthorpebb@usatoday.com,Japan,354-0046,Marketing,139160.56,10/11/2011,408,4.5,Quality Control Specialist,Remote,Part-time,5,1:46 AM,7:16 AM,3
409,Kiley,Hazeley,Non-binary,36,khazeleybc@narod.ru,Portugal,3630-139,IT,64353.97,10/15/2016,409,3.0,Product Engineer,Office,Part-time,21,12:13 PM,6:54 AM,1
410,Celka,Mews,Female,52,cmewsbd@uol.com.br,Canada,N5C,Sales,111626.88,7/28/2020,410,1.4,Teacher,Office,Full-time,18,7:54 PM,11:19 AM,4
411,Jeddy,Cage,Female,40,jcagebe@networkadvertising.org,Indonesia,,Sales,85105.46,9/18/2010,411,4.8,Analyst Programmer,Office,Full-time,15,6:20 AM,1:12 PM,3
412,Cheston,Perrygo,Female,65,cperrygobf@illinois.edu,Croatia,48322,IT,63506.72,11/9/2015,412,3.0,Sales Representative,Office,Full-time,14,4:51 PM,6:14 PM,12
413,Warden,Edmonstone,Female,65,wedmonstonebg@github.io,Czech Republic,419 01,Sales,73226.28,6/20/2017,413,4.6,Marketing Manager,Remote,Full-time,27,12:22 PM,9:08 AM,4
414,Cyrus,Bentinck,Non-binary,65,cbentinckbh@scribd.com,Argentina,4187,Marketing,59457.94,8/17/2016,414,3.2,GIS Technical Architect,Office,Part-time,11,9:25 PM,7:55 AM,3
415,Rodina,Timcke,Female,41,rtimckebi@businesswire.com,Japan,374-0079,HR,43129.84,12/29/2016,415,1.7,Office Assistant III,Remote,Full-time,25,4:35 AM,2:02 AM,2
416,Roldan,Droghan,Male,56,rdroghanbj@unicef.org,Indonesia,,IT,103644.8,11/3/2015,416,2.4,Civil Engineer,Remote,Full-time,7,10:07 PM,4:09 PM,3
417,Wini,Brassington,Non-binary,57,wbrassingtonbk@163.com,Argentina,9207,Marketing,108984.46,9/10/2010,417,2.0,VP Sales,Remote,Full-time,1,5:28 PM,5:14 AM,17
418,Koralle,Morlon,Male,56,kmorlonbl@mediafire.com,Poland,61-731,IT,63112.92,2/1/2014,418,1.2,Biostatistician IV,Remote,Full-time,8,6:53 PM,4:18 PM,13
419,Darill,Armor,Female,52,darmorbm@barnesandnoble.com,Indonesia,,IT,37981.31,10/21/2016,419,4.7,Research Nurse,Remote,Full-time,13,11:44 AM,3:30 PM,20
420,Simone,Tummons,Non-binary,48,stummonsbn@ycombinator.com,Afghanistan,,HR,56199.54,1/13/2010,420,4.1,Senior Cost Accountant,Office,Full-time,7,4:22 AM,4:16 PM,3
421,Flss,Corryer,Non-binary,28,fcorryerbo@vinaora.com,Maldives,,Marketing,124399.99,4/5/2016,421,2.4,Mechanical Systems Engineer,Office,Full-time,27,2:45 PM,8:30 PM,10
422,Zabrina,Sharrard,Female,56,zsharrardbp@pbs.org,Cuba,,HR,75560.38,6/5/2019,422,2.2,Computer Systems Analyst I,Office,Part-time,29,7:19 AM,5:11 PM,16
423,Dory,Willwood,Non-binary,41,dwillwoodbq@netscape.com,Micronesia,,Marketing,142468.13,11/19/2015,423,4.4,Structural Analysis Engineer,Remote,Full-time,20,3:49 AM,5:33 PM,19
424,Urbain,Abrahmovici,Female,64,uabrahmovicibr@time.com,Mayotte,97640,Sales,72534.57,8/8/2012,424,4.6,VP Accounting,Office,Part-time,3,11:49 PM,1:21 AM,16
425,Merry,Lamputt,Female,44,mlamputtbs@i2i.jp,Albania,,HR,50391.58,7/18/2010,425,2.3,Biostatistician III,Remote,Part-time,4,5:24 AM,1:34 PM,12
426,Timmy,Pestell,Male,42,tpestellbt@time.com,Philippines,6415,HR,34267.78,12/18/2016,426,3.4,Graphic Designer,Remote,Part-time,30,3:18 AM,3:52 AM,3
427,Tedd,Burgett,Female,37,tburgettbu@wiley.com,Brazil,96330-000,IT,89578.65,12/24/2014,427,4.7,Geological Engineer,Office,Full-time,22,11:57 PM,10:35 PM,0
428,Leighton,Gettings,Non-binary,24,lgettingsbv@twitter.com,Argentina,8201,HR,56018.29,10/30/2019,428,4.2,Marketing Assistant,Remote,Part-time,4,5:31 AM,12:09 PM,4
429,Norine,Priden,Non-binary,46,npridenbw@economist.com,Indonesia,,Marketing,58326.58,4/11/2021,429,4.5,Programmer Analyst II,Remote,Full-time,19,2:19 PM,10:09 AM,1
430,Thaddus,Grafham,Non-binary,40,tgrafhambx@flavors.me,China,,IT,139452.84,4/16/2011,430,4.6,Legal Assistant,Remote,Full-time,18,1:00 AM,1:31 AM,9
431,Lorrie,O'Fairy,Non-binary,56,lofairyby@dailymotion.com,Sri Lanka,10600,HR,132621.51,3/27/2011,431,3.5,Safety Technician I,Remote,Part-time,2,4:54 PM,3:41 PM,14
432,Cletus,Jerdan,Male,32,cjerdanbz@google.es,Russia,215107,Marketing,121775.28,4/30/2020,432,4.5,Occupational Therapist,Remote,Part-time,24,5:08 PM,5:58 AM,1
433,Sarge,Bonevant,Male,64,sbonevantc0@cafepress.com,Honduras,,Sales,143725.57,1/13/2018,433,4.2,Geologist II,Office,Part-time,30,5:35 PM,7:55 AM,8
434,Kassie,Thonger,Female,56,kthongerc1@imdb.com,Philippines,7402,HR,106664.56,4/20/2010,434,1.1,Project Manager,Remote,Part-time,21,7:04 AM,5:12 AM,13
435,Claude,McKain,Non-binary,29,cmckainc2@google.pl,Burundi,,HR,128051.3,12/29/2021,435,3.3,Registered Nurse,Remote,Full-time,2,8:42 PM,10:10 PM,18
436,Sarah,Dulson,Female,61,sdulsonc3@flavors.me,Niger,,Marketing,91023.67,9/10/2012,436,3.7,Accounting Assistant II,Office,Part-time,5,9:55 PM,1:54 PM,4
437,Ulrikaumeko,Eborn,Non-binary,26,uebornc4@163.com,United States,76121,HR,44869.88,1/23/2010,437,1.1,Junior Executive,Remote,Part-time,21,2:02 AM,5:39 AM,16
438,Hilary,Durrant,Non-binary,20,hdurrantc5@mozilla.com,Portugal,3025-419,Sales,124336.78,9/13/2014,438,3.4,Chief Design Engineer,Office,Full-time,9,11:20 AM,8:41 AM,14
439,Flor,Grigor,Non-binary,48,fgrigorc6@chicagotribune.com,China,,Marketing,114476.66,3/6/2015,439,1.4,Web Developer III,Office,Full-time,0,8:18 PM,2:01 PM,7
440,Kalina,Pealing,Female,27,kpealingc7@slideshare.net,Turkey,55530,HR,72147.76,11/1/2020,440,4.0,Administrative Officer,Remote,Part-time,27,7:25 AM,7:00 PM,20
441,Laurena,Leon,Female,27,lleonc8@desdev.cn,Colombia,132527,HR,80765.61,2/2/2015,441,2.6,Social Worker,Remote,Part-time,5,5:11 AM,11:44 AM,8
442,Maryjo,Sammon,Female,21,msammonc9@barnesandnoble.com,Chad,,IT,78847.28,11/29/2021,442,1.2,Staff Accountant III,Remote,Part-time,27,6:11 AM,8:55 PM,10
443,Dicky,Hakes,Male,23,dhakesca@google.co.uk,China,,Sales,99519.15,2/20/2018,443,2.8,Account Coordinator,Remote,Part-time,27,11:21 PM,4:17 PM,2
444,Korry,Swainston,Female,60,kswainstoncb@dmoz.org,Jamaica,,HR,116897.75,3/18/2011,444,1.8,Structural Engineer,Office,Part-time,25,3:48 AM,1:27 PM,19
445,Dodie,Samuels,Non-binary,22,dsamuelscc@studiopress.com,Indonesia,,Sales,63872.41,6/19/2014,445,3.1,Senior Sales Associate,Remote,Full-time,23,10:01 PM,12:50 AM,8
446,Filide,Clayden,Male,29,fclaydencd@soundcloud.com,Serbia,,Marketing,56102.29,11/28/2016,446,4.1,Web Designer IV,Remote,Full-time,17,5:38 PM,11:45 AM,2
447,Bev,Scottini,Female,22,bscottinice@nature.com,Canada,T9E,HR,148072.19,12/23/2015,447,1.3,Social Worker,Office,Part-time,5,12:28 PM,12:56 PM,2
448,Worden,Caulton,Non-binary,47,wcaultoncf@baidu.com,Russia,102293,IT,35693.41,7/1/2016,448,4.6,Pharmacist,Office,Part-time,24,8:13 PM,10:36 PM,14
449,Perren,Reedie,Male,53,preediecg@cdc.gov,Ukraine,,Sales,107706.27,3/25/2014,449,2.8,Financial Advisor,Remote,Full-time,22,8:34 PM,3:38 AM,2
450,Chelsea,Chasen,Male,61,cchasench@netvibes.com,Philippines,3700,Sales,143903.56,4/1/2013,450,2.2,Nuclear Power Engineer,Office,Part-time,16,9:58 AM,10:41 AM,8
451,Erek,Jonuzi,Non-binary,36,ejonuzici@t-online.de,China,,Marketing,148085.87,6/2/2019,451,1.0,Professor,Office,Part-time,17,4:41 PM,11:35 AM,18
452,Cati,Rupprecht,Non-binary,46,crupprechtcj@ustream.tv,Netherlands,6804,IT,69490.75,4/4/2010,452,3.8,Chemical Engineer,Remote,Part-time,24,2:47 AM,1:55 PM,10
453,Kameko,Chuter,Non-binary,42,kchuterck@weebly.com,Philippines,6813,IT,115901.34,3/8/2021,453,4.8,Computer Systems Analyst I,Office,Full-time,27,1:59 PM,3:33 PM,11
454,Alasteir,Aires,Non-binary,49,aairescl@spotify.com,China,,HR,31476.7,11/17/2012,454,3.3,Technical Writer,Remote,Part-time,7,2:10 PM,2:46 AM,16
455,Ewart,Pellman,Female,41,epellmancm@pbs.org,Indonesia,,HR,42702.7,7/12/2010,455,4.4,Desktop Support Technician,Office,Part-time,19,6:36 AM,5:28 PM,6
456,Zedekiah,Decroix,Non-binary,26,zdecroixcn@archive.org,Anguilla,,Marketing,112277.89,1/15/2011,456,5.0,Quality Engineer,Office,Part-time,17,12:12 AM,10:36 AM,18
457,Gianni,Teasell,Female,49,gteasellco@mayoclinic.com,Egypt,,HR,103592.91,7/1/2011,457,1.4,Senior Financial Analyst,Office,Part-time,11,3:31 AM,1:41 AM,7
458,Dorine,Bottomore,Female,57,dbottomorecp@ycombinator.com,China,,Marketing,99095.24,3/7/2017,458,4.3,Analyst Programmer,Remote,Full-time,2,1:18 AM,11:28 AM,19
459,Addie,MacCafferky,Male,39,amaccafferkycq@google.de,Indonesia,,Sales,71972.61,9/29/2013,459,2.8,VP Accounting,Office,Full-time,18,2:32 AM,4:22 PM,0
460,Carson,Storton,Male,46,cstortoncr@youku.com,China,,HR,114442.77,6/30/2021,460,1.3,Project Manager,Office,Full-time,18,3:02 PM,2:56 AM,4
461,Jeffie,Geertz,Female,44,jgeertzcs@nsw.gov.au,France,50009 CEDEX,IT,144098.1,7/13/2021,461,3.5,Technical Writer,Office,Part-time,7,3:27 AM,1:53 PM,7
462,Clementine,Bitten,Female,26,cbittenct@joomla.org,France,87041 CEDEX 1,HR,125026.44,11/19/2012,462,4.9,Analyst Programmer,Remote,Part-time,13,1:51 PM,11:12 AM,17
463,Berty,Pudge,Female,51,bpudgecu@census.gov,Senegal,,Marketing,94571.84,10/13/2012,463,3.4,Media Manager III,Office,Part-time,29,6:33 PM,3:02 PM,10
464,Issie,Taylor,Male,61,itaylorcv@nyu.edu,United States,02114,IT,106622.59,6/16/2016,464,1.5,Operator,Office,Full-time,9,10:35 PM,7:51 PM,10
465,Timothy,Leversuch,Female,38,tleversuchcw@linkedin.com,China,,IT,70563.49,4/10/2019,465,1.9,Dental Hygienist,Office,Part-time,0,4:56 PM,3:09 AM,14
466,Marcellus,D'Errico,Male,41,mderricocx@umn.edu,Mexico,94724,Sales,115282.5,2/15/2016,466,1.0,GIS Technical Architect,Remote,Part-time,20,3:47 AM,10:26 AM,18
467,Falkner,Gindghill,Female,50,fgindghillcy@admin.ch,Thailand,36180,IT,84658.06,8/14/2021,467,1.6,Electrical Engineer,Office,Part-time,5,11:41 AM,6:10 PM,20
468,Issy,Matthisson,Male,58,imatthissoncz@netlog.com,Indonesia,,Sales,75521.32,9/27/2011,468,1.2,Senior Financial Analyst,Remote,Full-time,28,2:17 PM,1:00 PM,12
469,Barthel,Watford,Male,61,bwatfordd0@1und1.de,Indonesia,,HR,108081.3,2/3/2015,469,2.7,Food Chemist,Office,Full-time,4,2:47 AM,5:56 AM,12
470,Kirsten,Kaufman,Male,43,kkaufmand1@nydailynews.com,Nicaragua,,IT,46999.68,8/12/2014,470,3.0,Human Resources Assistant II,Office,Part-time,2,9:35 AM,2:41 AM,9
471,Ronica,Raphael,Non-binary,60,rraphaeld2@mapquest.com,Mexico,75498,HR,109904.75,9/18/2018,471,4.1,Marketing Manager,Remote,Full-time,13,2:10 PM,9:42 AM,16
472,Ramsey,Staig,Non-binary,33,rstaigd3@loc.gov,China,,HR,100748.47,5/28/2010,472,4.7,Software Test Engineer III,Office,Part-time,7,5:04 PM,7:20 PM,18
473,Esther,O'Criane,Male,59,eocrianed4@about.com,Philippines,5509,Marketing,39629.74,12/16/2011,473,1.9,VP Accounting,Office,Part-time,27,1:39 PM,11:50 PM,6
474,Joelie,Aiston,Non-binary,34,jaistond5@discuz.net,Argentina,3763,Marketing,75352.1,1/25/2019,474,1.3,Food Chemist,Remote,Part-time,20,12:34 PM,8:32 PM,11
475,Janessa,Robelow,Female,38,jrobelowd6@tripadvisor.com,Macedonia,1200,IT,79719.7,3/4/2014,475,4.6,Senior Financial Analyst,Remote,Part-time,4,6:06 PM,12:40 AM,16
476,Haily,Joy,Female,21,hjoyd7@vimeo.com,Costa Rica,11801,IT,89189.9,2/22/2015,476,3.1,Nurse Practicioner,Remote,Part-time,17,2:20 AM,9:42 AM,8
477,Mordecai,Flement,Non-binary,57,mflementd8@comcast.net,Albania,,Marketing,71641.23,12/28/2011,477,1.2,Product Engineer,Remote,Part-time,12,6:08 AM,2:54 PM,11
478,Dolores,Shurrocks,Female,18,dshurrocksd9@cdbaby.com,Saudi Arabia,,Sales,41563.72,2/22/2019,478,2.5,Programmer III,Office,Part-time,0,9:11 AM,10:58 AM,7
479,Erie,Seawright,Male,44,eseawrightda@thetimes.co.uk,Poland,41-922,HR,78814.52,9/20/2018,479,4.4,Civil Engineer,Remote,Part-time,28,6:58 PM,1:58 PM,7
480,Scarlett,Bolderoe,Male,29,sbolderoedb@businesswire.com,Slovakia,841 08,IT,104402.82,10/7/2013,480,2.6,Web Developer III,Office,Full-time,30,5:12 AM,2:02 AM,9
481,Kinna,Warlowe,Female,35,kwarlowedc@cnbc.com,United States,67236,Marketing,67257.79,8/2/2014,481,4.6,Analog Circuit Design manager,Remote,Full-time,6,7:29 AM,5:11 PM,10
482,Winnie,Dodgshun,Male,54,wdodgshundd@constantcontact.com,China,,IT,80316.72,8/6/2013,482,2.2,Technical Writer,Remote,Part-time,28,6:00 AM,8:12 AM,1
483,Ernie,Beswick,Female,60,ebeswickde@google.de,Russia,617200,Sales,119056.65,11/2/2021,483,4.0,Automation Specialist I,Office,Full-time,23,12:37 PM,9:44 AM,11
484,Tanya,O'Lynn,Female,34,tolynndf@xrea.com,China,,IT,138380.98,12/11/2011,484,4.0,Chief Design Engineer,Remote,Full-time,15,8:21 AM,11:43 PM,15
485,Matthias,Izacenko,Non-binary,43,mizacenkodg@miibeian.gov.cn,Canada,M4J,Marketing,50404.81,8/12/2021,485,4.4,Account Coordinator,Office,Full-time,2,4:06 AM,10:37 AM,15
486,Sophie,Nutter,Male,41,snutterdh@sun.com,Paraguay,,HR,103745.14,11/8/2016,486,4.3,Social Worker,Office,Part-time,5,12:45 AM,1:01 PM,2
487,Alexa,Seymark,Male,65,aseymarkdi@cyberchimps.com,Colombia,660017,HR,108316.23,5/25/2017,487,4.9,Speech Pathologist,Remote,Full-time,22,12:05 AM,7:14 PM,7
488,Nelli,McBoyle,Female,22,nmcboyledj@123-reg.co.uk,Myanmar,,Marketing,65179.85,8/5/2014,488,2.6,Software Test Engineer II,Office,Full-time,25,7:02 AM,8:06 AM,19
489,Christophe,Frankland,Non-binary,31,cfranklanddk@deviantart.com,Burkina Faso,,HR,76676.27,3/13/2012,489,4.5,Web Designer II,Office,Part-time,6,11:36 AM,7:29 AM,18
490,Arlen,Menicomb,Non-binary,54,amenicombdl@is.gd,Indonesia,,Marketing,76346.01,3/16/2017,490,3.8,Budget/Accounting Analyst III,Remote,Part-time,14,3:44 PM,4:39 PM,19
491,Jase,Zebedee,Female,63,jzebedeedm@nytimes.com,Tanzania,,IT,109284.52,1/27/2014,491,4.9,Programmer Analyst II,Office,Part-time,11,3:58 AM,3:05 AM,0
492,Wilhelm,Glasspoole,Female,65,wglasspooledn@umich.edu,Russia,671945,HR,51161.41,12/30/2017,492,3.4,Director of Sales,Remote,Full-time,7,11:07 PM,12:51 PM,2
493,Stephenie,Hambright,Non-binary,34,shambrightdo@drupal.org,Thailand,90270,IT,139951.69,4/21/2013,493,4.6,Database Administrator I,Office,Full-time,8,10:55 PM,7:55 AM,2
494,Theodor,Rickert,Male,46,trickertdp@narod.ru,Peru,,HR,130278.34,5/8/2020,494,3.8,Business Systems Development Analyst,Office,Full-time,13,9:24 PM,6:15 PM,4
495,Arthur,Spirit,Female,23,aspiritdq@ft.com,Russia,452141,HR,136496.28,9/5/2021,495,4.4,Quality Control Specialist,Office,Full-time,23,3:49 AM,10:36 PM,16
496,Mic,Rumsby,Male,21,mrumsbydr@pagesperso-orange.fr,Brazil,88100-000,HR,123855.41,11/18/2020,496,3.1,Professor,Office,Part-time,23,2:11 PM,9:58 PM,7
497,Reynard,Charon,Non-binary,63,rcharonds@ocn.ne.jp,Russia,173025,Marketing,73384.4,7/29/2012,497,1.4,Information Systems Manager,Remote,Full-time,13,7:54 PM,1:16 AM,6
498,Glendon,Giannazzi,Female,56,ggiannazzidt@mapquest.com,Ireland,N39,IT,88024.76,3/9/2018,498,2.2,Staff Scientist,Remote,Full-time,19,4:04 PM,7:41 AM,13
499,Yancey,Quarmby,Female,64,yquarmbydu@scribd.com,Nepal,,Sales,34192.21,12/10/2010,499,3.6,Technical Writer,Remote,Part-time,22,6:27 PM,12:01 AM,13
500,Ardelis,Rennolds,Male,35,arennoldsdv@google.cn,China,,Sales,36021.69,8/18/2020,500,4.8,Legal Assistant,Office,Part-time,12,9:12 AM,10:59 PM,14
501,Al,Morrallee,Non-binary,59,amorralleedw@reverbnation.com,China,,Marketing,73432.84,3/25/2010,501,3.0,Nurse Practicioner,Office,Full-time,30,8:11 AM,8:46 PM,10
502,Bax,Ralph,Female,50,bralphdx@google.ru,Armenia,,Marketing,124865.35,9/26/2014,502,4.7,Occupational Therapist,Remote,Full-time,15,6:49 PM,6:07 AM,5
503,Stanfield,Bloodworthe,Non-binary,50,sbloodworthedy@cnn.com,Philippines,6725,Marketing,43611.15,1/13/2012,503,4.6,Senior Cost Accountant,Office,Part-time,22,3:40 PM,8:19 PM,16
504,Karry,Millmore,Female,43,kmillmoredz@theglobeandmail.com,Russia,452630,Sales,79275.01,2/25/2020,504,1.6,Web Developer I,Remote,Part-time,3,8:47 AM,8:24 AM,20
505,Erda,McCrie,Non-binary,21,emccriee0@nhs.uk,China,,Sales,94907.08,6/21/2012,505,3.6,Web Designer IV,Office,Full-time,26,2:44 PM,4:39 PM,10
506,Bobbe,Pagen,Male,26,bpagene1@baidu.com,China,,HR,74562.37,7/10/2014,506,3.8,Nurse Practicioner,Remote,Full-time,4,10:03 PM,8:58 AM,20
507,Jackqueline,Ludman,Non-binary,48,jludmane2@over-blog.com,Sweden,461 70,Marketing,84587.56,12/25/2017,507,1.4,Design Engineer,Remote,Full-time,22,12:42 PM,4:42 PM,4
508,Ethelda,Goathrop,Male,58,egoathrope3@studiopress.com,Guatemala,16006,IT,42364.35,4/12/2015,508,4.7,Quality Control Specialist,Remote,Full-time,10,5:03 AM,9:30 AM,19
509,Garrot,Tomaello,Female,27,gtomaelloe4@mozilla.com,Pakistan,69001,IT,116115.83,10/7/2020,509,4.4,Environmental Tech,Remote,Full-time,12,9:16 AM,3:44 AM,16
510,Monti,Farquar,Male,46,mfarquare5@amazon.de,South Africa,1527,HR,64976.48,12/31/2016,510,2.0,Administrative Officer,Remote,Full-time,25,5:05 PM,9:37 AM,6
511,Celine,Connolly,Male,54,cconnollye6@auda.org.au,Argentina,9050,IT,76775.94,7/30/2021,511,1.4,Electrical Engineer,Office,Part-time,10,8:21 PM,7:15 AM,3
512,Bax,Bouette,Non-binary,62,bbouettee7@bloglovin.com,Indonesia,,Marketing,34375.22,9/24/2012,512,1.4,Data Coordinator,Office,Full-time,18,7:43 PM,10:07 AM,16
513,Wright,Saphir,Female,26,wsaphire8@omniture.com,Uganda,,Sales,132075.26,4/29/2012,513,3.8,Nuclear Power Engineer,Remote,Full-time,14,10:48 PM,7:29 PM,17
514,Roderic,Pedrollo,Non-binary,57,rpedrolloe9@com.com,Philippines,5046,HR,93954.96,3/29/2010,514,1.0,Analog Circuit Design manager,Remote,Part-time,2,11:17 PM,8:48 PM,18
515,Corny,Frazer,Non-binary,40,cfrazerea@nationalgeographic.com,Brazil,95660-000,IT,139970.77,12/6/2014,515,3.9,Quality Control Specialist,Remote,Part-time,13,8:15 AM,6:07 AM,16
516,Kayle,Villaron,Non-binary,43,kvillaroneb@weather.com,Portugal,4765-190,Sales,123664.13,11/17/2011,516,4.4,Cost Accountant,Remote,Part-time,23,2:46 AM,8:44 AM,3
517,Karie,Manes,Female,61,kmanesec@nifty.com,China,,Marketing,116808.43,11/20/2010,517,2.9,Sales Associate,Office,Full-time,10,7:36 AM,8:23 AM,6
518,Justus,Sammut,Male,63,jsammuted@creativecommons.org,Guatemala,14012,IT,64891.79,8/15/2016,518,4.4,Senior Cost Accountant,Office,Full-time,24,1:39 AM,9:26 PM,8
519,Averell,Brighty,Male,65,abrightyee@google.ca,United States,21747,HR,72239.86,4/15/2011,519,3.4,Financial Analyst,Remote,Part-time,6,1:24 PM,8:57 AM,18
520,Reba,Paladino,Non-binary,18,rpaladinoef@bluehost.com,China,,Sales,119471.19,6/30/2012,520,3.8,Account Coordinator,Remote,Part-time,17,9:18 AM,2:05 PM,8
521,Barbette,Reeson,Male,43,breesoneg@uiuc.edu,Philippines,6821,HR,41824.04,2/27/2011,521,3.9,Administrative Assistant III,Remote,Full-time,16,4:43 PM,11:43 AM,9
522,Cherise,Rau,Female,52,craueh@vinaora.com,Thailand,10170,Sales,103248.36,8/7/2015,522,2.1,Programmer Analyst III,Remote,Full-time,21,7:17 AM,7:13 PM,19
523,Yardley,Chedzoy,Male,47,ychedzoyei@blinklist.com,Cuba,,HR,61728.64,3/15/2012,523,1.1,Senior Quality Engineer,Remote,Part-time,28,11:44 AM,7:49 AM,11
524,Dulcine,Frankish,Non-binary,22,dfrankishej@imageshack.us,Indonesia,,IT,48140.41,2/7/2021,524,3.3,Analog Circuit Design manager,Office,Full-time,19,4:31 PM,9:48 PM,0
525,Derrik,Josovitz,Female,43,djosovitzek@live.com,Senegal,,Marketing,145029.72,12/29/2019,525,2.1,Financial Analyst,Office,Full-time,18,6:03 AM,4:11 PM,4
526,Barbabra,Tunnacliffe,Female,44,btunnacliffeel@paginegialle.it,China,,HR,118752.83,2/18/2019,526,1.7,Account Executive,Remote,Full-time,24,7:22 AM,5:06 PM,12
527,Lowe,Beale,Male,59,lbealeem@digg.com,China,,HR,100112.26,2/4/2011,527,2.1,Software Consultant,Office,Full-time,15,6:29 PM,6:13 AM,12
528,Melita,O'Heneghan,Male,61,moheneghanen@creativecommons.org,Portugal,2415-177,Marketing,148845.18,2/3/2019,528,4.3,Occupational Therapist,Remote,Part-time,28,11:27 PM,1:41 PM,10
529,Zelig,Galliford,Female,31,zgallifordeo@blogtalkradio.com,Russia,646100,HR,42370.81,8/15/2020,529,2.3,Help Desk Technician,Remote,Full-time,29,1:19 PM,10:55 AM,14
530,Nichols,Rosi,Non-binary,63,nrosiep@ycombinator.com,Indonesia,,Marketing,101879.96,1/2/2010,530,2.6,Safety Technician II,Remote,Part-time,29,8:02 AM,5:12 AM,5
531,Anastasia,McPolin,Non-binary,20,amcpolineq@yelp.com,Poland,44-370,HR,42081.03,6/14/2018,531,4.0,Environmental Specialist,Office,Part-time,0,1:59 PM,5:22 PM,9
532,Kelcy,Ormistone,Male,25,kormistoneer@aol.com,Bolivia,,IT,99835.71,6/5/2012,532,1.7,Pharmacist,Office,Part-time,11,10:27 PM,11:28 AM,18
533,Muffin,Hasnney,Non-binary,45,mhasnneyes@forbes.com,Russia,644552,Sales,97387.8,2/17/2020,533,4.2,Senior Cost Accountant,Office,Full-time,13,4:17 AM,9:25 PM,1
534,Isador,Henbury,Female,21,ihenburyet@answers.com,South Africa,5330,IT,109817.89,9/25/2018,534,1.8,Design Engineer,Remote,Part-time,5,12:01 AM,3:31 AM,19
535,Nicoli,Bauldry,Male,27,nbauldryeu@amazon.com,Philippines,4421,IT,112054.74,5/22/2016,535,5.0,Senior Editor,Remote,Part-time,6,2:51 AM,11:30 PM,9
536,Alfy,Peye,Male,19,apeyeev@guardian.co.uk,Lithuania,21058,IT,125975.85,1/26/2020,536,2.7,Programmer Analyst I,Office,Full-time,12,4:12 PM,8:02 PM,1
537,Ellerey,Moth,Male,59,emothew@gnu.org,Russia,186806,Marketing,89256.27,2/2/2021,537,4.1,Mechanical Systems Engineer,Office,Full-time,8,9:45 PM,2:26 AM,19
538,Jacobo,Gonnin,Female,55,jgonninex@si.edu,Greece,,Marketing,114184.7,9/10/2018,538,4.9,Research Assistant I,Office,Part-time,24,6:29 AM,6:01 AM,12
539,Niels,L'Episcopi,Non-binary,32,nlepiscopiey@senate.gov,Sweden,168 58,Sales,148248.28,11/5/2019,539,3.6,Software Engineer II,Office,Full-time,18,8:46 PM,2:16 AM,18
540,Loutitia,Mulkerrins,Non-binary,39,lmulkerrinsez@hhs.gov,Sweden,173 18,Sales,89484.01,1/2/2021,540,1.4,Registered Nurse,Remote,Full-time,12,11:29 AM,11:50 PM,12
541,Mei,Soal,Non-binary,61,msoalf0@npr.org,Yemen,,HR,77534.25,8/5/2010,541,4.6,Tax Accountant,Remote,Full-time,12,12:49 AM,11:21 AM,19
542,Marvin,Baber,Non-binary,41,mbaberf1@prnewswire.com,Poland,27-310,IT,58544.32,12/23/2014,542,2.5,Occupational Therapist,Remote,Full-time,18,2:40 AM,10:25 PM,13
543,Margo,Yezafovich,Female,20,myezafovichf2@redcross.org,France,73009 CEDEX,Sales,66534.09,6/10/2014,543,2.3,Senior Quality Engineer,Remote,Full-time,24,11:02 PM,8:34 AM,3
544,Tiler,Netley,Female,55,tnetleyf3@mysql.com,New Caledonia,98850,IT,97440.76,12/1/2020,544,1.5,Pharmacist,Office,Full-time,6,5:51 AM,9:06 PM,13
545,Fallon,Robens,Male,23,frobensf4@sciencedirect.com,Indonesia,,Marketing,82320.42,8/3/2017,545,4.7,Developer III,Office,Part-time,3,1:39 AM,4:13 PM,15
546,Field,Bugg,Male,61,fbuggf5@geocities.com,Djibouti,,Sales,67552.12,11/21/2012,546,3.9,Staff Accountant IV,Remote,Part-time,28,7:32 AM,3:57 PM,10
547,Georgie,Natte,Male,22,gnattef6@buzzfeed.com,China,,Sales,147594.22,5/1/2012,547,4.7,Technical Writer,Remote,Part-time,10,3:11 PM,12:33 AM,0
548,Willy,Fontelles,Male,29,wfontellesf7@patch.com,Nigeria,,IT,138642.56,4/13/2013,548,1.5,Technical Writer,Remote,Full-time,30,7:12 AM,8:11 PM,7
549,Cristobal,Shine,Male,64,cshinef8@hibu.com,Philippines,5214,Marketing,132919.77,5/7/2010,549,1.6,Administrative Officer,Remote,Part-time,14,9:47 AM,12:10 AM,10
550,Kennedy,Cains,Female,26,kcainsf9@ft.com,China,,Marketing,125576.07,9/6/2020,550,3.3,Automation Specialist I,Office,Full-time,19,3:10 AM,10:40 PM,10
551,Alessandra,Flaxman,Non-binary,35,aflaxmanfa@csmonitor.com,Laos,,IT,54086.28,3/23/2017,551,2.7,Structural Engineer,Office,Part-time,13,4:08 AM,9:20 PM,10
552,Alis,Weldrick,Non-binary,36,aweldrickfb@apple.com,Brazil,09450-000,Marketing,142756.15,6/4/2013,552,2.1,Occupational Therapist,Office,Part-time,23,6:13 AM,9:25 AM,17
553,Gwennie,Kinnon,Female,22,gkinnonfc@hubpages.com,Iraq,,Marketing,95382.51,8/26/2013,553,3.8,Librarian,Remote,Full-time,2,7:36 AM,7:25 PM,9
554,Ambur,Margach,Female,48,amargachfd@icq.com,Philippines,9016,Sales,86293.22,5/25/2015,554,1.7,VP Sales,Remote,Part-time,9,6:07 PM,7:16 PM,16
555,Liz,Currom,Female,32,lcurromfe@spiegel.de,Portugal,4760-743,Sales,59818.19,10/22/2012,555,2.2,Quality Control Specialist,Remote,Full-time,22,6:06 AM,4:25 AM,2
556,Wyatan,Blow,Female,29,wblowff@hhs.gov,Russia,241551,Sales,86592.22,3/8/2020,556,1.8,Engineer I,Remote,Full-time,18,10:56 PM,9:01 AM,14
557,Frayda,Bygrove,Non-binary,40,fbygrovefg@weibo.com,Philippines,8608,HR,43711.57,4/7/2014,557,2.7,Geologist I,Remote,Full-time,4,3:39 PM,5:16 PM,10
558,Jillayne,Lillow,Female,33,jlillowfh@t.co,Argentina,4152,Marketing,130110.06,1/1/2014,558,4.6,Quality Control Specialist,Remote,Part-time,19,4:23 PM,5:59 AM,20
559,Court,Dregan,Male,53,cdreganfi@soundcloud.com,Tanzania,,HR,61985.05,3/28/2015,559,4.5,Assistant Manager,Remote,Part-time,29,5:09 AM,7:20 AM,17
560,Jillian,Hammett,Female,61,jhammettfj@mapy.cz,Hungary,7404,Marketing,76632.49,3/2/2015,560,1.3,Product Engineer,Remote,Full-time,13,2:02 AM,2:58 PM,15
561,Lurette,Satterlee,Female,49,lsatterleefk@geocities.jp,United States,34745,HR,65621.06,9/28/2016,561,4.2,Human Resources Assistant II,Remote,Part-time,12,9:22 PM,12:48 PM,1
562,Catie,Jerrolt,Non-binary,25,cjerroltfl@guardian.co.uk,Czech Republic,464 01,Sales,120704.95,11/28/2012,562,2.6,Geological Engineer,Office,Full-time,19,9:50 PM,10:58 PM,9
563,Alvy,Orys,Male,45,aorysfm@over-blog.com,France,77014 CEDEX,Marketing,36245.03,3/24/2021,563,4.3,Analog Circuit Design manager,Remote,Part-time,12,12:32 PM,1:42 PM,16
564,Ashlee,Omand,Non-binary,27,aomandfn@163.com,Philippines,4323,HR,60207.05,4/20/2014,564,2.0,Graphic Designer,Remote,Full-time,26,12:09 PM,12:13 AM,18
565,Audrie,Karppi,Non-binary,64,akarppifo@unblog.fr,Colombia,524547,HR,50250.37,1/27/2014,565,4.9,Senior Financial Analyst,Office,Part-time,20,8:54 PM,2:39 AM,16
566,Justinian,Pinor,Female,49,jpinorfp@soup.io,Mexico,75710,Sales,95479.64,11/5/2013,566,2.5,Associate Professor,Remote,Full-time,13,12:32 AM,5:11 AM,4
567,Helli,Simonich,Female,40,hsimonichfq@senate.gov,Canada,J9T,IT,77595.9,6/22/2011,567,4.4,Data Coordinator,Remote,Part-time,14,7:04 PM,10:05 PM,16
568,Bab,Skeen,Male,43,bskeenfr@chicagotribune.com,China,,IT,113903.57,4/26/2013,568,2.6,Recruiter,Office,Full-time,0,1:11 PM,4:57 AM,12
569,Minerva,Sebire,Male,46,msebirefs@cargocollective.com,Philippines,2816,IT,106535.43,3/3/2015,569,4.3,Chief Design Engineer,Office,Part-time,17,7:54 PM,8:00 AM,18
570,Keely,Attwoul,Female,43,kattwoulft@ask.com,Indonesia,,IT,101948.71,6/1/2011,570,4.4,Computer Systems Analyst IV,Office,Part-time,18,11:19 PM,2:04 AM,10
571,Dixie,Belloch,Female,39,dbellochfu@parallels.com,Thailand,50230,IT,70988.48,7/13/2016,571,1.8,Senior Developer,Remote,Full-time,4,8:44 PM,7:14 PM,11
572,Isabelle,Prendiville,Female,31,iprendivillefv@google.com.au,Ukraine,,Marketing,137179.05,9/16/2019,572,4.3,Junior Executive,Office,Full-time,26,10:34 AM,7:20 AM,20
573,Rina,Gerauld,Male,24,rgerauldfw@geocities.jp,China,,HR,81070.55,2/1/2012,573,2.9,Software Engineer III,Office,Full-time,14,11:31 AM,1:50 AM,12
574,Renae,Lamy,Female,43,rlamyfx@cnbc.com,Indonesia,,IT,30301.32,7/15/2019,574,3.6,VP Quality Control,Office,Full-time,16,10:13 AM,3:41 AM,14
575,Drucie,Gaynor,Non-binary,62,dgaynorfy@freewebs.com,Portugal,6120-516,IT,148442.74,12/3/2017,575,4.3,VP Marketing,Office,Part-time,29,7:13 PM,7:43 PM,0
576,Aveline,Portt,Male,61,aporttfz@tiny.cc,Russia,143316,HR,60367.61,9/12/2017,576,5.0,Programmer Analyst III,Office,Part-time,7,10:14 PM,1:33 AM,9
577,Darcy,Gladtbach,Male,59,dgladtbachg0@ebay.com,China,,Sales,64593.95,7/18/2017,577,3.1,Legal Assistant,Office,Part-time,25,9:07 PM,10:53 AM,5
578,Tera,Terrill,Female,32,tterrillg1@senate.gov,Norway,7047,Sales,93452.26,5/13/2014,578,4.8,Structural Engineer,Remote,Full-time,13,4:22 PM,1:43 AM,3
579,Bobbie,Vickarman,Male,30,bvickarmang2@miitbeian.gov.cn,Cameroon,,Sales,52348.29,3/10/2014,579,4.2,Web Designer III,Remote,Full-time,19,6:09 PM,9:04 AM,5
580,Noam,Sherland,Male,52,nsherlandg3@engadget.com,Sweden,168 74,IT,92962.62,4/25/2021,580,2.9,Office Assistant IV,Office,Full-time,4,4:05 AM,7:01 PM,3
581,Caritta,Van Rembrandt,Non-binary,50,cvanrembrandtg4@imageshack.us,Serbia,,HR,30842.92,7/31/2010,581,2.8,Safety Technician IV,Remote,Full-time,21,6:48 PM,4:01 AM,15
582,Gay,Johnstone,Non-binary,29,gjohnstoneg5@bloglines.com,Portugal,2975-083,Sales,137403.62,4/4/2011,582,3.7,Chief Design Engineer,Office,Full-time,6,8:08 PM,1:23 PM,6
583,Cordey,Limpricht,Female,19,climprichtg6@statcounter.com,Indonesia,,Sales,123429.51,3/5/2019,583,4.7,Programmer IV,Remote,Part-time,11,12:55 AM,6:54 AM,0
584,Clary,Sign,Non-binary,20,csigng7@wikimedia.org,Poland,63-435,Marketing,85124.81,2/3/2018,584,4.4,VP Sales,Office,Full-time,15,3:07 AM,7:44 AM,12
585,Ilyssa,Bubear,Non-binary,33,ibubearg8@pen.io,Yemen,,HR,45766.8,9/27/2010,585,2.8,Electrical Engineer,Office,Part-time,28,8:07 AM,8:56 PM,10
586,Jethro,Dibbe,Female,21,jdibbeg9@state.gov,Mongolia,,IT,97639.38,4/19/2015,586,1.2,Chief Design Engineer,Office,Full-time,16,7:24 PM,2:04 AM,11
587,Jilli,Vern,Female,37,jvernga@constantcontact.com,Poland,36-020,IT,60570.86,11/25/2016,587,2.7,VP Quality Control,Office,Part-time,24,4:56 AM,6:17 AM,16
588,Jessica,Plummer,Non-binary,44,jplummergb@wufoo.com,China,,IT,145319.01,6/9/2017,588,4.3,Graphic Designer,Office,Part-time,17,10:03 AM,7:30 PM,18
589,Nanine,Benitez,Female,20,nbenitezgc@quantcast.com,Sweden,416 55,HR,53299.36,1/10/2010,589,3.5,Quality Control Specialist,Office,Full-time,19,8:37 AM,8:31 AM,5
590,Ingar,Yewdall,Male,54,iyewdallgd@gnu.org,Samoa,,Marketing,41105.87,7/11/2016,590,4.8,Media Manager I,Office,Part-time,1,1:07 AM,11:55 PM,16
591,Dimitry,Skaid,Non-binary,40,dskaidge@yolasite.com,China,,IT,77285.76,3/25/2021,591,3.3,Budget/Accounting Analyst I,Remote,Part-time,17,9:52 AM,2:07 PM,10
592,Alanson,Barrabeale,Female,49,abarrabealegf@livejournal.com,China,,Marketing,127516.36,8/29/2016,592,2.5,Geological Engineer,Office,Full-time,6,5:11 PM,2:43 AM,11
593,Hermina,Taber,Female,63,htabergg@slideshare.net,Croatia,49000,HR,73587.96,5/15/2010,593,3.6,Geological Engineer,Remote,Part-time,18,6:33 PM,2:34 PM,14
594,Lynde,Rothon,Female,60,lrothongh@cargocollective.com,Lithuania,20012,Sales,99621.43,4/12/2016,594,3.0,Database Administrator I,Office,Full-time,7,11:11 AM,10:35 PM,9
595,Stanly,Downs,Female,50,sdownsgi@hhs.gov,Brazil,35570-000,IT,94221.15,6/14/2010,595,3.4,Administrative Officer,Remote,Full-time,22,12:54 PM,11:27 AM,2
596,Merrile,Matheson,Male,30,mmathesongj@nydailynews.com,United States,25709,Sales,134531.83,6/16/2019,596,4.5,Senior Developer,Office,Full-time,21,3:09 PM,3:39 PM,9
597,Drusy,Westall,Non-binary,63,dwestallgk@soundcloud.com,Indonesia,,IT,34572.03,6/24/2021,597,1.7,Staff Accountant IV,Remote,Full-time,0,4:56 PM,8:41 PM,4
598,Germain,Kinsley,Male,18,gkinsleygl@geocities.com,Latvia,,IT,49707.19,8/18/2012,598,3.1,Senior Financial Analyst,Remote,Full-time,20,8:30 PM,5:44 AM,18
599,Garrott,Lowsely,Female,48,glowselygm@ask.com,China,,IT,141415.81,5/9/2020,599,3.2,Editor,Remote,Full-time,22,4:00 AM,2:16 PM,3
600,Aldwin,Hailwood,Male,55,ahailwoodgn@hostgator.com,Brazil,38400-000,Marketing,148323.2,1/20/2016,600,1.3,Mechanical Systems Engineer,Office,Part-time,1,2:30 PM,7:07 PM,16
601,Vincent,Mance,Non-binary,20,vmancego@geocities.jp,Poland,96-130,HR,92628.36,9/20/2015,601,3.9,Quality Engineer,Remote,Part-time,10,7:30 AM,2:33 PM,7
602,Sondra,Dineen,Male,62,sdineengp@list-manage.com,China,,Marketing,103526.44,10/22/2017,602,2.9,General Manager,Remote,Full-time,20,10:04 PM,6:17 AM,0
603,Rafaellle,Spincks,Non-binary,26,rspincksgq@google.com.hk,Nigeria,,Sales,113572.12,7/4/2021,603,3.3,Assistant Manager,Office,Full-time,19,2:41 AM,4:14 AM,16
604,Conrad,Everiss,Non-binary,52,ceverissgr@mail.ru,Sweden,827 82,HR,135529.04,12/14/2021,604,3.6,Chief Design Engineer,Remote,Part-time,28,10:09 AM,4:49 PM,5
605,Ashby,Gonet,Male,22,agonetgs@purevolume.com,France,13192 CEDEX 20,Marketing,121231.21,6/23/2012,605,2.8,Payment Adjustment Coordinator,Remote,Part-time,25,5:14 AM,8:38 AM,6
606,Marie-ann,Parsons,Female,24,mparsonsgt@edublogs.org,Philippines,6017,Sales,134758.59,11/29/2016,606,4.7,Structural Analysis Engineer,Remote,Part-time,19,11:13 AM,12:14 PM,20
607,Erich,Hane,Female,19,ehanegu@wunderground.com,Russia,140074,IT,84094.06,10/31/2014,607,2.3,Automation Specialist III,Remote,Full-time,25,11:53 AM,11:22 PM,0
608,Maurie,Gartside,Non-binary,38,mgartsidegv@google.com.au,Mexico,88759,Marketing,109257.98,10/13/2012,608,2.6,Programmer II,Office,Full-time,4,7:03 PM,6:29 PM,8
609,Raquela,Krikorian,Male,45,rkrikoriangw@google.co.jp,China,,IT,50984.77,11/28/2010,609,4.4,Analog Circuit Design manager,Office,Full-time,22,5:57 AM,6:55 AM,7
610,Gunther,Bloom,Female,36,gbloomgx@123-reg.co.uk,Uruguay,,IT,111663.69,11/2/2015,610,2.6,Geological Engineer,Office,Full-time,12,2:54 AM,9:33 PM,3
611,Woodman,Beamish,Non-binary,40,wbeamishgy@slideshare.net,Poland,62-314,IT,76342.63,1/30/2018,611,2.3,Account Representative II,Remote,Full-time,12,3:17 AM,3:46 PM,19
612,Berenice,Moyes,Non-binary,31,bmoyesgz@reddit.com,Guatemala,18002,Marketing,133445.48,8/21/2015,612,1.4,Analog Circuit Design manager,Remote,Full-time,20,4:36 AM,7:17 PM,3
613,Janine,Kegley,Non-binary,38,jkegleyh0@chicagotribune.com,Indonesia,,IT,140074.13,10/16/2017,613,3.8,Social Worker,Remote,Full-time,21,2:40 PM,3:53 PM,15
614,Tatiana,Larne,Non-binary,45,tlarneh1@nymag.com,Colombia,053428,Sales,112840.16,8/19/2017,614,3.2,Staff Accountant II,Office,Full-time,22,9:27 PM,2:32 PM,11
615,Aleda,Temby,Non-binary,23,atembyh2@latimes.com,Tunisia,,HR,65058.64,8/13/2012,615,1.7,Web Designer III,Remote,Full-time,9,4:14 AM,5:11 PM,13
616,Hanni,Huggin,Female,59,hhugginh3@slate.com,Indonesia,,HR,103019.87,10/14/2020,616,2.5,Geologist III,Remote,Part-time,16,6:29 PM,9:27 AM,17
617,Kellie,Kleinerman,Male,49,kkleinermanh4@dell.com,Russia,155150,IT,110790.97,3/21/2012,617,5.0,Junior Executive,Remote,Part-time,3,4:21 PM,12:44 PM,9
618,Jermayne,Bambra,Non-binary,50,jbambrah5@mozilla.org,Netherlands,6214,IT,93614.06,2/8/2019,618,2.9,Marketing Assistant,Office,Full-time,26,10:08 PM,1:09 PM,2
619,Carole,Derl,Non-binary,52,cderlh6@senate.gov,China,,Sales,51999.32,12/15/2019,619,4.5,Administrative Officer,Remote,Part-time,12,11:54 PM,7:10 PM,16
620,Goldina,Collingdon,Female,42,gcollingdonh7@ft.com,Peru,,HR,82827.63,1/29/2020,620,3.1,Quality Control Specialist,Office,Full-time,27,2:05 PM,6:08 PM,18
621,Stacy,Rounsivall,Female,29,srounsivallh8@ebay.co.uk,Egypt,,HR,144768.6,2/20/2018,621,2.6,Programmer II,Remote,Part-time,4,10:54 AM,12:29 AM,8
622,Rheta,Kamienski,Male,46,rkamienskih9@odnoklassniki.ru,Madagascar,,HR,143626.96,4/8/2021,622,1.9,Senior Cost Accountant,Remote,Full-time,28,6:22 AM,5:27 AM,1
623,Bessy,Ruddle,Non-binary,62,bruddleha@wikipedia.org,Vietnam,,HR,73847.04,3/26/2012,623,1.7,Automation Specialist IV,Office,Full-time,30,11:45 PM,12:59 AM,19
624,Donall,Slaten,Male,28,dslatenhb@booking.com,Japan,409-2522,IT,120888.88,6/18/2013,624,4.0,Associate Professor,Office,Part-time,7,12:49 AM,7:53 PM,15
625,Olly,Illing,Female,59,oillinghc@google.ru,Argentina,4608,Sales,121461.44,6/14/2019,625,4.9,Account Representative II,Office,Full-time,27,4:11 AM,9:20 AM,8
626,Celesta,Lynagh,Female,31,clynaghhd@npr.org,Indonesia,,Marketing,102250.18,8/15/2021,626,2.8,Automation Specialist III,Office,Full-time,29,7:44 PM,10:01 PM,6
627,Bank,Mimmack,Female,49,bmimmackhe@tiny.cc,Peru,,Sales,127323.7,10/31/2021,627,3.2,General Manager,Office,Full-time,6,2:27 AM,1:02 PM,18
628,Raimundo,Fallis,Male,49,rfallishf@google.pl,China,,HR,69830.7,7/25/2012,628,4.5,Social Worker,Office,Full-time,18,5:47 AM,2:36 AM,0
629,Murielle,Lidgate,Non-binary,60,mlidgatehg@fema.gov,Brazil,35560-000,HR,76108.17,6/4/2016,629,1.6,Senior Quality Engineer,Remote,Part-time,4,6:47 AM,5:39 PM,6
630,Martino,Bruff,Female,20,mbruffhh@ted.com,Finland,27401,Marketing,83417.69,2/8/2018,630,1.1,Food Chemist,Office,Part-time,26,8:55 PM,12:44 AM,14
631,Cristy,Richings,Non-binary,35,crichingshi@twitter.com,Brazil,12000-000,HR,116067.66,5/27/2015,631,2.0,Media Manager I,Office,Full-time,17,9:27 PM,7:31 PM,10
632,Guendolen,Kacheler,Male,53,gkachelerhj@guardian.co.uk,Suriname,,IT,110238.98,5/5/2018,632,2.4,Environmental Specialist,Office,Part-time,18,12:28 PM,6:06 AM,13
633,Jedd,Copsey,Male,21,jcopseyhk@businessweek.com,Philippines,7031,Sales,61397.71,1/21/2020,633,2.6,Senior Developer,Remote,Part-time,27,11:24 AM,8:07 AM,19
634,Tony,Anfossi,Female,42,tanfossihl@meetup.com,China,,Sales,54626.84,7/20/2014,634,1.2,Librarian,Office,Part-time,1,8:43 AM,2:46 AM,1
635,Rip,Goldbourn,Male,53,rgoldbournhm@google.fr,Portugal,7540-104,Marketing,95634.74,5/28/2021,635,1.1,Cost Accountant,Remote,Part-time,3,2:31 PM,7:47 PM,12
636,Waiter,Gelling,Male,30,wgellinghn@businesswire.com,France,93883 CEDEX,IT,44490.7,10/23/2013,636,1.2,Senior Developer,Office,Part-time,8,8:41 AM,3:14 PM,5
637,Rose,Ritzman,Female,38,rritzmanho@bravesites.com,China,,IT,109865.22,2/28/2018,637,2.1,Tax Accountant,Remote,Full-time,3,10:50 AM,1:30 PM,13
638,Stewart,McBride,Non-binary,43,smcbridehp@archive.org,China,,HR,55834.52,6/29/2010,638,3.4,Analyst Programmer,Remote,Part-time,21,7:28 PM,3:18 AM,18
639,Issy,Fishly,Male,31,ifishlyhq@huffingtonpost.com,United States,80935,IT,73904.81,2/22/2016,639,2.1,Payment Adjustment Coordinator,Remote,Full-time,2,11:17 AM,1:27 PM,3
640,Josselyn,Belz,Non-binary,58,jbelzhr@mashable.com,China,,HR,135948.16,11/22/2021,640,4.3,Recruiter,Remote,Full-time,18,3:13 PM,9:37 PM,14
641,Rochell,Vanes,Male,39,rvaneshs@ed.gov,Indonesia,,Marketing,138675.48,5/6/2014,641,1.8,Safety Technician IV,Remote,Full-time,25,11:36 PM,10:18 PM,11
642,Coreen,Cowderay,Male,44,ccowderayht@quantcast.com,China,,Sales,84915.81,7/4/2011,642,1.8,Programmer Analyst III,Remote,Part-time,21,10:49 PM,2:54 AM,12
643,Suzi,Bewlay,Non-binary,23,sbewlayhu@nih.gov,Portugal,2845-487,HR,97588.73,12/28/2012,643,4.2,Clinical Specialist,Remote,Part-time,17,11:22 PM,10:29 AM,7
644,Ami,Gouldstone,Male,22,agouldstonehv@aboutads.info,Japan,927-0038,IT,66513.57,1/18/2016,644,1.4,Associate Professor,Office,Part-time,16,8:32 AM,8:36 PM,16
645,Aileen,Schinetti,Male,50,aschinettihw@dion.ne.jp,Portugal,4750-584,HR,51853.17,10/6/2017,645,4.8,Paralegal,Office,Full-time,19,4:50 PM,3:51 AM,11
646,Ernestus,Frend,Female,41,efrendhx@boston.com,Indonesia,,Marketing,116000.21,3/16/2015,646,4.0,Graphic Designer,Office,Part-time,27,3:26 PM,11:16 PM,7
647,Melany,Kempson,Male,31,mkempsonhy@alexa.com,Sweden,721 85,Sales,39517.22,12/16/2018,647,4.0,Sales Representative,Remote,Full-time,26,3:58 PM,3:16 AM,1
648,Phaidra,Cuberley,Female,35,pcuberleyhz@accuweather.com,Poland,32-060,HR,87199.54,9/12/2010,648,4.6,Analyst Programmer,Remote,Full-time,9,11:28 AM,8:47 PM,0
649,Emeline,Harm,Non-binary,32,eharmi0@lycos.com,Poland,43-254,HR,85271.02,12/25/2020,649,2.6,Director of Sales,Remote,Full-time,9,12:08 AM,2:49 PM,7
650,Isaak,Roseveare,Male,47,irosevearei1@usda.gov,Japan,937-0814,IT,33900.42,12/29/2021,650,3.1,Technical Writer,Office,Full-time,21,4:59 AM,12:45 AM,6
651,Ezechiel,Reeve,Non-binary,43,ereevei2@cbsnews.com,Poland,32-851,HR,91142.32,8/3/2020,651,3.6,Operator,Office,Part-time,12,11:26 AM,5:55 PM,13
652,Tabby,Stayt,Female,22,tstayti3@xrea.com,Bosnia and Herzegovina,,HR,92101.79,3/8/2015,652,2.3,Technical Writer,Remote,Full-time,5,9:39 AM,4:48 AM,12
653,Marget,Loosemore,Female,45,mloosemorei4@examiner.com,Canada,C1N,Marketing,103177.59,1/8/2012,653,4.8,Electrical Engineer,Remote,Part-time,29,2:42 AM,2:14 AM,7
654,Benjie,Snowsill,Non-binary,58,bsnowsilli5@cloudflare.com,Uruguay,,IT,39668.95,8/17/2020,654,4.5,Help Desk Operator,Remote,Part-time,27,3:35 PM,2:47 PM,1
655,Marcus,Yegorkin,Male,42,myegorkini6@privacy.gov.au,China,,IT,83790.04,5/25/2015,655,3.3,Account Representative III,Office,Part-time,19,7:08 AM,12:12 AM,19
656,Bentlee,Organer,Non-binary,48,borganeri7@ucsd.edu,Czech Republic,790 84,Sales,40571.21,7/22/2016,656,3.7,Statistician I,Remote,Full-time,24,10:23 AM,1:21 AM,12
657,Adi,Haggata,Female,30,ahaggatai8@toplist.cz,Philippines,5409,Sales,141383.8,5/26/2018,657,4.4,Computer Systems Analyst I,Office,Full-time,3,8:14 PM,4:15 AM,1
658,Krystalle,Vennings,Non-binary,48,kvenningsi9@t-online.de,Cameroon,,Sales,64182.77,6/25/2013,658,1.6,Human Resources Manager,Remote,Part-time,11,2:59 PM,12:28 AM,11
659,Claresta,Pevie,Male,42,cpevieia@cornell.edu,Portugal,4940-025,Marketing,48779.33,4/6/2021,659,2.5,Account Coordinator,Remote,Full-time,0,12:30 AM,11:15 AM,14
660,Wells,Vasic,Non-binary,49,wvasicib@topsy.com,Thailand,10250,Marketing,42349.31,2/16/2017,660,4.6,Programmer I,Remote,Part-time,24,3:31 PM,7:12 PM,17
661,Clarance,Plett,Male,27,cplettic@dell.com,Ecuador,,IT,53222.17,7/27/2021,661,3.5,Professor,Remote,Part-time,4,12:16 PM,2:23 AM,6
662,Yvon,Coast,Female,30,ycoastid@eventbrite.com,Canada,S6W,Marketing,81498.94,2/8/2016,662,3.3,General Manager,Remote,Part-time,17,8:18 AM,4:16 AM,3
663,Peyter,Humphrys,Female,19,phumphrysie@ustream.tv,Israel,,Marketing,45311.0,2/27/2017,663,2.0,GIS Technical Architect,Office,Full-time,25,10:37 AM,12:34 AM,19
664,Myrtia,Sebastian,Male,64,msebastianif@telegraph.co.uk,Lebanon,,Marketing,39170.21,5/2/2020,664,4.1,Pharmacist,Remote,Part-time,28,10:57 AM,11:46 PM,3
665,Devland,Nuton,Non-binary,51,dnutonig@php.net,Brazil,58322-000,Sales,147108.49,6/14/2018,665,4.4,Financial Analyst,Remote,Full-time,5,1:12 PM,11:07 AM,20
666,Robby,Bellringer,Non-binary,57,rbellringerih@devhub.com,Poland,42-470,Marketing,39949.82,10/8/2018,666,2.2,Senior Quality Engineer,Office,Full-time,29,6:20 PM,11:35 AM,18
667,Walden,Gambie,Female,18,wgambieii@sfgate.com,China,,Marketing,129185.24,11/27/2010,667,4.7,Operator,Office,Part-time,16,7:40 AM,3:45 AM,3
668,Vernor,Hannaford,Female,36,vhannafordij@goo.ne.jp,Poland,55-042,Sales,42368.82,11/11/2011,668,1.7,Senior Cost Accountant,Office,Full-time,4,8:18 PM,12:44 PM,9
669,Hoebart,Grcic,Non-binary,65,hgrcicik@zdnet.com,Brazil,14815-000,IT,33087.86,3/7/2020,669,4.1,Office Assistant II,Office,Part-time,25,5:54 PM,9:22 AM,1
670,Netty,Tanman,Non-binary,28,ntanmanil@geocities.jp,Russia,140074,Sales,96293.81,5/22/2014,670,4.7,Safety Technician I,Office,Part-time,25,2:43 PM,6:00 PM,5
671,Huey,Midlar,Female,43,hmidlarim@alexa.com,Finland,85410,Sales,53553.88,9/2/2011,671,3.3,Research Assistant I,Office,Full-time,11,3:38 AM,4:12 AM,16
672,Iggie,Bedell,Non-binary,21,ibedellin@irs.gov,China,,Marketing,98873.8,8/30/2015,672,3.8,Statistician III,Office,Full-time,11,6:34 PM,8:14 AM,6
673,Eleanor,Pecha,Female,53,epechaio@nps.gov,Pakistan,90150,Sales,55738.65,5/15/2014,673,2.9,Assistant Manager,Office,Full-time,14,4:51 PM,7:53 AM,10
674,Malorie,Scollard,Non-binary,64,mscollardip@ucoz.com,Philippines,1105,IT,126790.43,8/17/2010,674,4.5,Legal Assistant,Remote,Full-time,27,11:03 PM,4:15 PM,10
675,Vern,Domoney,Non-binary,35,vdomoneyiq@amazon.de,China,,Marketing,64732.55,4/18/2013,675,4.3,Civil Engineer,Remote,Full-time,27,5:40 PM,3:21 PM,4
676,Cornie,Aulsford,Female,33,caulsfordir@ebay.co.uk,China,,IT,37054.42,7/30/2018,676,4.9,Electrical Engineer,Office,Full-time,19,1:57 PM,3:25 PM,12
677,Gerhardt,Cannaway,Female,60,gcannawayis@vistaprint.com,Brazil,35650-000,Marketing,141413.72,11/17/2014,677,1.8,Senior Developer,Remote,Part-time,7,11:17 AM,10:17 AM,12
678,Yvor,Hammerson,Male,19,yhammersonit@loc.gov,South Africa,7700,Sales,70076.52,7/25/2016,678,1.4,Accountant I,Remote,Part-time,23,10:19 AM,3:08 PM,10
679,Jodi,Dorin,Female,64,jdoriniu@ifeng.com,Croatia,32255,Marketing,32225.6,11/2/2016,679,1.1,Database Administrator I,Office,Part-time,22,8:07 AM,2:05 PM,20
680,Thedric,Weatherburn,Female,20,tweatherburniv@canalblog.com,Poland,38-315,Marketing,118343.43,1/2/2020,680,3.2,Structural Engineer,Remote,Part-time,30,2:21 PM,7:26 PM,4
681,Mandie,Balam,Male,53,mbalamiw@nba.com,Armenia,,HR,85079.08,10/11/2014,681,3.5,Senior Quality Engineer,Remote,Part-time,0,11:30 PM,8:22 AM,17
682,Hazel,Gallant,Non-binary,55,hgallantix@ebay.com,Mali,,Marketing,61685.85,4/24/2018,682,1.7,Operator,Office,Full-time,21,11:24 AM,4:58 PM,14
683,Alano,Cosbee,Female,59,acosbeeiy@bluehost.com,Indonesia,,Sales,49367.98,11/11/2011,683,4.0,Quality Control Specialist,Remote,Full-time,11,12:38 PM,4:47 AM,19
684,Rubetta,MacGiolla,Female,23,rmacgiollaiz@toplist.cz,Suriname,,Sales,141599.95,12/5/2012,684,2.0,Financial Advisor,Remote,Part-time,29,4:51 AM,9:18 AM,12
685,Arda,Menendez,Non-binary,32,amenendezj0@list-manage.com,China,,IT,103363.34,6/21/2018,685,3.7,Media Manager II,Office,Part-time,16,3:27 PM,4:53 AM,4
686,Jan,Partleton,Male,59,jpartletonj1@nbcnews.com,Sweden,543 30,Sales,142466.59,10/17/2014,686,3.6,Occupational Therapist,Remote,Part-time,30,11:05 PM,1:50 AM,17
687,Doro,Froom,Non-binary,36,dfroomj2@squarespace.com,China,,Marketing,64843.36,7/27/2013,687,3.4,Nurse,Remote,Full-time,6,8:54 AM,6:40 PM,18
688,Alice,De Blasiis,Male,57,adeblasiisj3@slashdot.org,United Kingdom,NR34,Marketing,46596.9,5/25/2018,688,3.7,Senior Cost Accountant,Office,Part-time,25,4:37 PM,9:42 AM,7
689,Lanie,Kennford,Female,21,lkennfordj4@auda.org.au,China,,HR,93803.85,10/4/2015,689,4.2,Administrative Assistant I,Remote,Part-time,23,1:04 PM,1:16 AM,11
690,Joellyn,Padbury,Female,38,jpadburyj5@mashable.com,Indonesia,,Sales,83786.3,6/7/2013,690,3.7,Civil Engineer,Remote,Full-time,4,12:48 AM,3:00 PM,19
691,Lev,Kleinberer,Non-binary,28,lkleinbererj6@netvibes.com,Brazil,69450-000,Sales,32651.6,7/18/2020,691,3.6,Safety Technician IV,Office,Part-time,11,8:06 PM,7:45 AM,16
692,Nerita,Kennion,Non-binary,24,nkennionj7@liveinternet.ru,Brazil,95150-000,Marketing,35892.12,11/18/2012,692,4.2,Assistant Media Planner,Remote,Full-time,5,4:29 PM,10:11 AM,17
693,Art,Nunnerley,Non-binary,30,anunnerleyj8@yellowbook.com,Iran,,Marketing,110128.51,5/24/2012,693,3.5,VP Quality Control,Remote,Full-time,15,2:29 AM,9:54 AM,17
694,Faulkner,Poppleton,Female,41,fpoppletonj9@pen.io,Pakistan,48101,Marketing,45322.08,10/28/2015,694,4.4,Junior Executive,Office,Part-time,28,5:46 AM,3:51 PM,12
695,Allyson,Pettyfar,Female,49,apettyfarja@nsw.gov.au,Philippines,6704,Marketing,146393.18,5/27/2016,695,4.1,Associate Professor,Remote,Part-time,2,9:41 PM,10:41 PM,2
696,Jacynth,Stonman,Male,62,jstonmanjb@fda.gov,China,,IT,91487.12,9/6/2013,696,1.9,Safety Technician II,Office,Part-time,4,6:19 AM,6:09 AM,8
697,Nikolia,Risom,Female,49,nrisomjc@seattletimes.com,Philippines,6224,Marketing,88872.14,1/18/2017,697,1.2,Account Executive,Remote,Part-time,13,4:01 PM,3:27 PM,10
698,Emmie,Yesipov,Female,47,eyesipovjd@sphinn.com,United States,83727,Sales,72465.45,8/29/2020,698,2.7,Human Resources Assistant I,Office,Part-time,1,5:00 AM,5:01 PM,5
699,Krista,Dixcee,Non-binary,63,kdixceeje@theatlantic.com,Colombia,473008,HR,138724.98,5/3/2014,699,3.2,Assistant Manager,Office,Part-time,17,7:14 AM,2:01 AM,18
700,Zea,Wagner,Male,31,zwagnerjf@shinystat.com,Brazil,38680-000,HR,87264.04,2/14/2011,700,3.5,VP Accounting,Remote,Part-time,8,8:12 PM,12:01 PM,9
701,Niki,Gatherell,Male,31,ngatherelljg@mayoclinic.com,Albania,,Marketing,66026.62,3/10/2010,701,2.8,Legal Assistant,Remote,Part-time,18,5:57 PM,5:09 PM,3
702,Edsel,Noot,Female,64,enootjh@nba.com,China,,HR,79643.01,4/21/2011,702,4.4,Environmental Specialist,Remote,Part-time,10,7:53 AM,1:17 AM,11
703,Janetta,Tansill,Female,40,jtansillji@phpbb.com,Sweden,907 31,IT,131692.7,11/29/2016,703,4.0,Web Designer I,Office,Full-time,21,10:37 PM,3:14 PM,6
704,Sophie,Rolling,Non-binary,65,srollingjj@wisc.edu,Kazakhstan,,Marketing,146888.45,1/2/2015,704,1.2,Civil Engineer,Remote,Full-time,19,8:01 PM,7:36 PM,20
705,Morse,Huglin,Non-binary,65,mhuglinjk@upenn.edu,Poland,43-520,HR,139063.84,8/19/2013,705,3.8,Safety Technician I,Remote,Part-time,3,8:17 PM,12:09 AM,12
706,Duffy,Youll,Female,48,dyoulljl@posterous.com,China,,Sales,58229.44,8/28/2020,706,3.3,Editor,Office,Part-time,0,2:42 PM,4:25 AM,13
707,Esra,Sepey,Non-binary,46,esepeyjm@trellian.com,Thailand,40160,IT,124987.38,2/6/2012,707,4.6,VP Sales,Remote,Full-time,2,1:08 AM,8:21 AM,8
708,Linnea,Gammack,Male,24,lgammackjn@shareasale.com,China,,IT,118879.17,9/19/2011,708,1.7,Occupational Therapist,Remote,Full-time,20,2:53 PM,7:44 PM,17
709,Dalis,MacKibbon,Male,18,dmackibbonjo@domainmarket.com,Canada,G5J,Sales,62887.1,8/5/2014,709,1.8,Engineer I,Remote,Part-time,9,3:36 PM,4:21 PM,16
710,Gill,Habden,Female,61,ghabdenjp@hp.com,Colombia,082007,Sales,63334.53,11/4/2014,710,2.5,Senior Financial Analyst,Office,Part-time,14,9:59 PM,8:08 AM,7
711,Reginald,Ginley,Female,29,rginleyjq@wikispaces.com,Nigeria,,Sales,78694.77,4/1/2014,711,3.5,General Manager,Remote,Part-time,4,10:52 PM,2:42 AM,2
712,Silvano,Syddie,Male,23,ssyddiejr@prweb.com,Russia,396130,HR,43230.68,3/4/2017,712,3.1,Teacher,Office,Full-time,27,11:30 AM,10:16 AM,6
713,Arlyn,Waggatt,Male,21,awaggattjs@soup.io,Sweden,401 99,Marketing,142945.49,10/2/2010,713,2.5,VP Marketing,Remote,Part-time,19,7:03 PM,8:41 PM,16
714,Lexis,Turone,Non-binary,60,lturonejt@dmoz.org,China,,IT,137911.43,4/8/2012,714,4.5,Engineer III,Remote,Part-time,6,1:55 AM,9:09 AM,17
715,Nancey,Atwell,Non-binary,21,natwellju@sourceforge.net,China,,HR,50888.19,8/6/2017,715,2.8,Cost Accountant,Remote,Full-time,28,9:48 PM,9:13 PM,19
716,Holli,Prott,Male,61,hprottjv@cbc.ca,Poland,43-356,Sales,79061.73,10/16/2021,716,4.0,Librarian,Office,Part-time,28,1:50 AM,5:07 AM,10
717,Melvin,Morant,Female,64,mmorantjw@aol.com,Peru,,Sales,138266.48,3/18/2020,717,2.5,Account Coordinator,Office,Part-time,2,1:18 PM,11:29 PM,13
718,Keen,Cacacie,Male,21,kcacaciejx@huffingtonpost.com,Indonesia,,Sales,78126.75,2/19/2021,718,4.1,Statistician IV,Remote,Full-time,0,8:40 AM,12:58 AM,9
719,Kristopher,Widdicombe,Non-binary,27,kwiddicombejy@nydailynews.com,Indonesia,,Sales,149119.31,5/22/2012,719,2.3,Web Designer III,Remote,Part-time,15,12:17 PM,9:07 AM,20
720,Orv,Barford,Male,59,obarfordjz@eepurl.com,Russia,652380,HR,131092.98,4/26/2013,720,1.1,Analyst Programmer,Office,Part-time,12,9:57 PM,5:15 PM,4
721,Merrel,Craigheid,Male,18,mcraigheidk0@google.com.br,Indonesia,,IT,131394.71,7/12/2014,721,2.2,Computer Systems Analyst II,Office,Part-time,6,5:25 PM,10:25 PM,1
722,Jeff,Ashburne,Female,41,jashburnek1@squidoo.com,Sri Lanka,11600,HR,48189.24,3/6/2013,722,1.8,Senior Sales Associate,Office,Part-time,2,3:42 PM,1:34 AM,6
723,Byrann,Brophy,Female,32,bbrophyk2@smh.com.au,China,,IT,110253.22,4/20/2016,723,1.8,Assistant Manager,Remote,Full-time,14,10:12 AM,7:23 PM,6
724,Xylina,Snoddin,Non-binary,60,xsnoddink3@webnode.com,China,,Marketing,106910.11,5/17/2016,724,3.3,Budget/Accounting Analyst I,Office,Part-time,24,2:57 AM,6:49 PM,19
725,Gustie,Bugden,Female,19,gbugdenk4@examiner.com,China,,Marketing,121270.85,8/12/2019,725,1.2,Sales Associate,Office,Part-time,23,3:54 AM,6:03 PM,15
726,Ebonee,Synnott,Non-binary,41,esynnottk5@mtv.com,Slovenia,1296,HR,92243.7,1/5/2019,726,1.1,Civil Engineer,Office,Full-time,8,6:56 PM,5:32 PM,11
727,Katha,Trevaskiss,Male,41,ktrevaskissk6@apache.org,China,,Marketing,122277.53,3/14/2021,727,3.6,Nurse Practicioner,Office,Part-time,20,1:56 AM,6:22 PM,15
728,Cam,Jorg,Non-binary,51,cjorgk7@hexun.com,Bolivia,,Sales,72938.62,4/7/2017,728,3.0,VP Accounting,Remote,Full-time,27,9:52 AM,11:36 PM,7
729,Yardley,Dorr,Non-binary,36,ydorrk8@wired.com,Indonesia,,IT,44066.9,11/9/2017,729,2.7,Account Representative IV,Remote,Part-time,15,11:45 AM,12:35 AM,2
730,Murdoch,Goodee,Non-binary,33,mgoodeek9@cmu.edu,France,92622 CEDEX,Sales,34555.85,5/23/2012,730,1.2,Payment Adjustment Coordinator,Remote,Full-time,30,5:57 AM,3:16 AM,18
731,Kizzee,Mumbeson,Male,27,kmumbesonka@typepad.com,Sudan,,HR,64430.39,5/25/2017,731,4.6,Marketing Assistant,Remote,Full-time,11,3:45 PM,9:44 AM,16
732,Micki,Fitzsimons,Female,64,mfitzsimonskb@jiathis.com,China,,HR,36271.87,5/5/2021,732,4.6,Account Representative II,Office,Full-time,2,10:12 AM,9:38 PM,2
733,Katina,Rubbert,Female,22,krubbertkc@clickbank.net,Poland,72-210,Marketing,41862.85,8/14/2013,733,4.0,Compensation Analyst,Remote,Part-time,10,12:24 PM,9:18 AM,7
734,Darryl,Peirazzi,Non-binary,24,dpeirazzikd@sohu.com,Russia,171543,HR,80505.75,3/17/2018,734,4.2,Accounting Assistant I,Office,Part-time,4,7:31 PM,3:42 AM,14
735,Mariette,Harradine,Female,56,mharradineke@drupal.org,France,34186 CEDEX 4,HR,93238.37,3/24/2017,735,4.7,Speech Pathologist,Remote,Part-time,7,7:15 PM,1:12 PM,12
736,Laureen,Biscomb,Male,48,lbiscombkf@altervista.org,China,,IT,72318.03,11/13/2010,736,3.4,Developer IV,Remote,Part-time,24,7:48 AM,12:59 PM,1
737,Rosemaria,Berntssen,Male,25,rberntssenkg@homestead.com,Egypt,,HR,85444.67,9/11/2015,737,3.9,Payment Adjustment Coordinator,Remote,Part-time,22,9:46 AM,5:58 PM,11
738,Farand,Maffiotti,Male,24,fmaffiottikh@tamu.edu,Indonesia,,Sales,80367.32,10/23/2018,738,3.2,Geologist II,Remote,Part-time,7,12:34 PM,1:43 PM,20
739,Rod,Caines,Female,50,rcaineski@fastcompany.com,Martinique,97204 CEDEX,HR,56030.5,12/13/2018,739,3.9,Senior Developer,Remote,Full-time,9,9:03 AM,6:47 AM,20
740,Rafe,Clemendot,Male,47,rclemendotkj@ask.com,China,,IT,47357.13,3/21/2010,740,2.2,Budget/Accounting Analyst III,Office,Part-time,26,8:25 PM,6:48 AM,8
741,Hilton,Almey,Female,48,halmeykk@cafepress.com,Ukraine,,Sales,112891.15,6/8/2020,741,4.7,VP Sales,Remote,Full-time,23,7:01 PM,9:41 AM,17
742,Hobie,Morrad,Non-binary,64,hmorradkl@upenn.edu,Indonesia,,HR,82614.51,8/30/2017,742,2.0,Web Developer II,Office,Part-time,26,2:37 PM,3:11 AM,6
743,Farica,Surgey,Non-binary,53,fsurgeykm@pen.io,Cameroon,,Marketing,76755.14,1/10/2011,743,1.8,Budget/Accounting Analyst II,Remote,Full-time,27,2:07 AM,12:07 AM,18
744,Lydia,Goadsby,Male,62,lgoadsbykn@china.com.cn,Armenia,,Sales,80861.65,3/15/2012,744,3.7,Geological Engineer,Remote,Full-time,6,6:59 AM,10:09 AM,18
745,Nike,Olphert,Non-binary,31,nolphertko@i2i.jp,Sri Lanka,70000,Marketing,114928.87,3/2/2014,745,3.8,Marketing Manager,Remote,Full-time,19,7:52 AM,11:58 AM,8
746,Lottie,Ganning,Female,43,lganningkp@hubpages.com,China,,Marketing,71703.72,9/3/2010,746,2.9,Biostatistician II,Remote,Full-time,9,4:54 PM,8:23 PM,15
747,Jeanette,Euplate,Non-binary,36,jeuplatekq@prlog.org,Greece,,Sales,79656.4,4/18/2014,747,4.8,Dental Hygienist,Office,Part-time,6,6:26 PM,12:28 AM,20
748,Annissa,Spurrett,Non-binary,60,aspurrettkr@blog.com,Italy,10141,Marketing,86263.85,7/13/2020,748,3.9,Senior Financial Analyst,Remote,Part-time,27,12:32 PM,1:18 AM,15
749,Nanon,Hanington,Non-binary,28,nhaningtonks@infoseek.co.jp,Russia,352720,Marketing,32881.1,5/21/2013,749,1.4,Senior Editor,Remote,Full-time,14,3:47 PM,7:38 PM,13
750,Andee,Dearle-Palser,Non-binary,39,adearlepalserkt@1und1.de,Brazil,37790-000,Marketing,42999.47,3/12/2011,750,3.8,VP Accounting,Remote,Part-time,22,2:17 PM,7:21 PM,0
751,Eula,Bazely,Male,62,ebazelyku@slideshare.net,Brazil,19000-000,HR,41131.89,10/22/2016,751,3.3,Chemical Engineer,Remote,Full-time,19,8:35 AM,9:58 AM,1
752,Aymer,O'Flannery,Non-binary,53,aoflannerykv@pagesperso-orange.fr,China,,HR,95762.49,8/26/2016,752,2.1,Analyst Programmer,Remote,Part-time,3,9:01 AM,10:31 PM,11
753,Berton,Pendrick,Non-binary,22,bpendrickkw@dell.com,China,,HR,48546.66,3/13/2012,753,3.1,General Manager,Remote,Part-time,17,7:22 PM,8:00 AM,16
754,Naoma,Imlach,Female,64,nimlachkx@yahoo.co.jp,South Africa,3904,HR,67840.87,8/29/2012,754,5.0,Food Chemist,Office,Part-time,0,9:00 AM,9:08 AM,1
755,Aylmer,Baine,Male,37,abaineky@cisco.com,France,59663 CEDEX,IT,75281.58,9/16/2013,755,4.9,Nurse Practicioner,Remote,Part-time,26,9:57 PM,3:33 PM,9
756,Ebenezer,Hirthe,Male,35,ehirthekz@businessinsider.com,Russia,396350,HR,64156.82,12/1/2010,756,2.3,Software Test Engineer III,Remote,Part-time,25,7:06 PM,7:33 PM,19
757,Creighton,Cradoc,Female,61,ccradocl0@bbc.co.uk,Indonesia,,Sales,140496.5,8/10/2011,757,3.8,Legal Assistant,Remote,Full-time,13,10:27 PM,5:35 AM,18
758,Rafi,Trigwell,Female,58,rtrigwelll1@cocolog-nifty.com,Vietnam,,HR,84283.32,12/12/2013,758,3.8,Assistant Media Planner,Office,Full-time,2,6:26 PM,3:25 AM,0
759,Thomasin,Wendover,Non-binary,18,twendoverl2@posterous.com,Philippines,7010,IT,98376.95,3/25/2015,759,3.4,Web Developer III,Remote,Full-time,15,10:52 AM,11:22 AM,2
760,Ora,Carwardine,Non-binary,44,ocarwardinel3@yellowpages.com,Mongolia,,Sales,75464.53,2/8/2016,760,2.9,Food Chemist,Remote,Part-time,10,7:36 AM,11:18 PM,6
761,Roberta,Bazoche,Male,52,rbazochel4@wikispaces.com,Indonesia,,Marketing,36233.5,6/28/2013,761,3.9,Environmental Specialist,Office,Full-time,9,4:32 PM,11:39 PM,15
762,Lyda,Allard,Non-binary,25,lallardl5@bandcamp.com,Indonesia,,Sales,130786.91,5/5/2018,762,1.0,Physical Therapy Assistant,Office,Full-time,29,3:36 PM,1:28 AM,3
763,Bennie,Poon,Female,27,bpoonl6@goodreads.com,Norway,0873,HR,38802.04,10/15/2011,763,2.3,Account Representative I,Remote,Part-time,9,3:01 AM,4:24 AM,0
764,Barb,Creaven,Non-binary,38,bcreavenl7@walmart.com,Philippines,4001,IT,30618.59,11/15/2015,764,3.4,Marketing Assistant,Remote,Full-time,8,12:16 PM,10:24 PM,13
765,Julia,Tookey,Male,37,jtookeyl8@google.pl,Germany,30167,IT,107505.94,12/9/2010,765,1.1,Statistician IV,Remote,Full-time,27,3:12 AM,12:30 PM,7
766,Kial,Sempill,Non-binary,61,ksempilll9@unicef.org,United Kingdom,BD23,Marketing,78954.78,5/3/2018,766,1.4,Accounting Assistant IV,Office,Full-time,23,8:10 AM,5:27 AM,7
767,Martica,Brattan,Non-binary,55,mbrattanla@cnn.com,China,,Marketing,93766.81,12/22/2019,767,2.3,Financial Advisor,Office,Part-time,30,4:38 PM,8:36 AM,13
768,Melvin,Pink,Male,56,mpinklb@prnewswire.com,Nigeria,,HR,108866.12,2/3/2011,768,3.5,Database Administrator II,Office,Part-time,11,12:46 AM,3:32 PM,10
769,Jere,Louden,Male,55,jloudenlc@craigslist.org,Peru,,IT,142811.2,1/26/2015,769,2.7,Marketing Assistant,Office,Full-time,8,5:11 PM,1:50 AM,9
770,Koren,Thunnercliffe,Female,41,kthunnercliffeld@ucla.edu,Ukraine,,Marketing,99472.98,3/28/2015,770,3.4,VP Accounting,Office,Full-time,3,11:08 PM,3:28 AM,0
771,Christian,Berthome,Non-binary,39,cberthomele@state.tx.us,Swaziland,,Marketing,107878.49,3/2/2020,771,4.2,Office Assistant III,Office,Part-time,27,9:14 PM,9:08 PM,14
772,Farlee,Muskett,Male,46,fmuskettlf@macromedia.com,Russia,392519,HR,144467.51,1/14/2011,772,2.4,Web Designer II,Remote,Full-time,18,6:13 AM,12:58 PM,18
773,Nan,Bispo,Female,46,nbispolg@chron.com,Russia,301262,HR,55715.35,10/18/2015,773,3.8,Programmer Analyst IV,Office,Full-time,11,11:32 AM,6:57 PM,1
774,Tracy,Frostdick,Female,55,tfrostdicklh@google.de,Guatemala,10009,Marketing,51920.74,10/19/2011,774,4.5,Account Representative I,Office,Part-time,16,7:54 PM,8:50 PM,5
775,Zeb,Sowman,Female,47,zsowmanli@stumbleupon.com,Philippines,9201,HR,88226.07,1/19/2016,775,4.6,Editor,Office,Part-time,24,11:42 AM,7:11 AM,19
776,Susie,Bakhrushin,Male,56,sbakhrushinlj@utexas.edu,Honduras,,Marketing,149476.94,9/25/2014,776,3.2,Senior Developer,Remote,Part-time,1,9:08 PM,5:49 PM,2
777,Sloan,Pindred,Female,23,spindredlk@springer.com,Portugal,9630-189,IT,46292.35,4/19/2010,777,1.3,Programmer Analyst IV,Office,Part-time,26,5:47 PM,2:39 AM,20
778,Ashlen,Willcox,Male,40,awillcoxll@symantec.com,Palestinian Territory,,IT,31767.49,5/14/2012,778,4.5,Marketing Assistant,Remote,Full-time,13,8:33 AM,1:17 AM,11
779,Abigael,Skeats,Non-binary,37,askeatslm@nature.com,Philippines,8715,Marketing,74898.4,9/7/2014,779,4.1,Senior Sales Associate,Office,Full-time,14,9:56 PM,8:26 AM,13
780,Adam,Rowth,Female,29,arowthln@51.la,France,49023 CEDEX 02,HR,136527.09,10/31/2016,780,1.9,Geological Engineer,Office,Full-time,26,10:38 AM,4:29 PM,14
781,Conan,Desborough,Non-binary,32,cdesboroughlo@de.vu,China,,Sales,33502.58,11/16/2017,781,4.2,Geologist II,Office,Full-time,17,9:29 PM,6:27 PM,13
782,Merrilee,Hoffmann,Non-binary,63,mhoffmannlp@devhub.com,China,,HR,83297.82,5/6/2011,782,3.6,Senior Sales Associate,Office,Full-time,1,12:06 AM,2:31 AM,5
783,Lurlene,Lutman,Non-binary,44,llutmanlq@twitpic.com,Brazil,55570-000,Marketing,92925.5,12/26/2021,783,1.3,Desktop Support Technician,Remote,Part-time,12,10:33 PM,11:01 PM,5
784,Reagan,Morcomb,Male,26,rmorcomblr@google.pl,Guinea-Bissau,,HR,91593.1,6/2/2015,784,2.0,Programmer III,Office,Full-time,22,12:28 PM,1:13 PM,20
785,Addy,Pellatt,Male,31,apellattls@cnn.com,Ukraine,,Sales,46976.5,5/30/2014,785,2.0,Account Coordinator,Remote,Part-time,7,9:44 PM,7:01 PM,11
786,Delores,Surgen,Male,59,dsurgenlt@geocities.jp,Russia,399710,IT,125356.66,4/10/2019,786,4.0,Research Associate,Remote,Full-time,0,8:28 PM,11:46 AM,16
787,Flossi,Davern,Non-binary,20,fdavernlu@imdb.com,Colombia,253608,HR,92583.34,4/30/2017,787,2.2,Chemical Engineer,Office,Part-time,24,5:32 AM,9:39 AM,16
788,Pris,Filpo,Male,43,pfilpolv@xrea.com,Peru,,Marketing,34749.09,8/22/2020,788,3.9,Budget/Accounting Analyst IV,Remote,Full-time,16,6:38 AM,7:53 PM,3
789,Corilla,Gleadhell,Female,42,cgleadhelllw@hhs.gov,Portugal,2705-085,Marketing,48259.94,6/2/2014,789,4.4,Teacher,Office,Part-time,30,7:08 AM,12:59 AM,0
790,Jared,Angelo,Female,55,jangelolx@buzzfeed.com,Russia,636785,HR,63781.9,9/7/2013,790,4.9,Media Manager II,Remote,Part-time,0,7:36 AM,4:26 PM,20
791,Marianne,Cothey,Non-binary,50,mcotheyly@si.edu,South Africa,3915,Marketing,37901.52,2/11/2018,791,4.4,Dental Hygienist,Remote,Part-time,15,10:04 AM,11:51 AM,3
792,Stanwood,Denecamp,Male,44,sdenecamplz@icq.com,Poland,37-754,IT,66372.55,11/4/2017,792,4.9,Developer II,Remote,Full-time,6,1:06 PM,11:07 PM,9
793,Christye,Doddemeede,Non-binary,38,cdoddemeedem0@wisc.edu,China,,IT,39122.69,12/8/2017,793,2.1,Web Developer III,Remote,Full-time,30,12:35 PM,7:44 AM,5
794,Anthia,Brodeau,Female,46,abrodeaum1@hao123.com,Indonesia,,IT,69515.88,2/21/2010,794,1.4,Account Executive,Office,Full-time,8,8:47 AM,7:44 PM,5
795,Tomas,Ellett,Non-binary,61,tellettm2@java.com,Japan,321-4342,IT,94941.81,11/29/2021,795,2.8,Marketing Assistant,Remote,Part-time,22,10:48 PM,6:09 PM,6
796,Ferrel,Lechmere,Non-binary,43,flechmerem3@sitemeter.com,Philippines,8117,Sales,50315.67,11/11/2017,796,2.7,VP Accounting,Remote,Part-time,0,1:32 AM,10:29 PM,13
797,Chrissy,Tolcher,Non-binary,36,ctolcherm4@accuweather.com,Thailand,40170,HR,39086.71,9/8/2020,797,1.2,Research Nurse,Office,Full-time,19,8:57 PM,7:48 PM,7
798,Hamnet,Franssen,Male,59,hfranssenm5@paypal.com,Greece,,HR,67025.81,10/28/2014,798,2.8,Staff Scientist,Office,Full-time,21,2:59 AM,1:41 AM,9
799,Vittoria,Ayscough,Non-binary,33,vayscoughm6@canalblog.com,China,,Marketing,71123.64,8/8/2021,799,3.5,Recruiter,Remote,Part-time,4,1:47 AM,4:41 PM,9
800,Cristi,Firebrace,Male,59,cfirebracem7@ibm.com,Brazil,89460-000,IT,76159.56,8/30/2017,800,3.3,Social Worker,Remote,Part-time,16,3:47 AM,4:01 AM,14
801,Elijah,Bennen,Female,23,ebennenm8@va.gov,Finland,69101,IT,46199.85,3/15/2019,801,1.0,Geological Engineer,Remote,Part-time,10,1:39 PM,4:58 PM,0
802,Donny,Hallward,Non-binary,49,dhallwardm9@naver.com,Russia,215662,Marketing,123287.49,11/18/2015,802,3.1,Food Chemist,Office,Part-time,17,12:07 AM,8:38 PM,0
803,Annalee,Seyers,Non-binary,36,aseyersma@purevolume.com,China,,Marketing,116917.33,4/23/2015,803,3.4,Automation Specialist II,Remote,Full-time,9,7:39 PM,9:20 AM,11
804,Nerita,Belfit,Non-binary,19,nbelfitmb@zdnet.com,Argentina,5473,Marketing,48639.99,6/20/2015,804,3.4,Human Resources Manager,Remote,Part-time,5,4:39 PM,1:03 PM,0
805,Delmor,Cabane,Non-binary,59,dcabanemc@fotki.com,South Africa,1789,HR,99843.82,3/17/2018,805,1.2,Accountant I,Remote,Part-time,23,8:32 AM,2:20 PM,19
806,Renault,Battie,Non-binary,29,rbattiemd@jigsy.com,Czech Republic,273 61,HR,64807.18,7/30/2010,806,2.4,Food Chemist,Office,Full-time,18,10:33 PM,4:43 PM,1
807,Daniel,Restieaux,Female,54,drestieauxme@hugedomains.com,Indonesia,,HR,128273.16,6/24/2018,807,1.3,Systems Administrator I,Office,Part-time,20,4:11 PM,5:44 AM,4
808,Trueman,Novik,Male,41,tnovikmf@cisco.com,China,,Marketing,144554.54,11/15/2011,808,2.3,Technical Writer,Remote,Part-time,5,4:05 AM,7:11 AM,9
809,Cosme,Doreward,Male,18,cdorewardmg@desdev.cn,Indonesia,,IT,116503.59,2/6/2012,809,2.0,Media Manager III,Remote,Part-time,11,6:04 PM,10:10 AM,11
810,Rolando,Treslove,Male,47,rtreslovemh@51.la,Poland,66-542,Marketing,78694.31,8/27/2010,810,4.7,Nurse,Office,Part-time,23,11:42 PM,10:32 PM,7
811,Morgen,Berryman,Non-binary,19,mberrymanmi@posterous.com,Portugal,2870-514,Sales,86320.82,8/17/2013,811,1.1,Help Desk Technician,Office,Full-time,0,11:17 AM,9:23 PM,3
812,Melli,Dolby,Non-binary,37,mdolbymj@umich.edu,Myanmar,,HR,143617.52,9/16/2012,812,2.1,Speech Pathologist,Office,Full-time,23,10:10 AM,3:30 AM,1
813,Erik,Conochie,Female,46,econochiemk@craigslist.org,Philippines,8702,Sales,115298.02,5/1/2012,813,3.7,Physical Therapy Assistant,Office,Part-time,24,12:24 PM,6:49 PM,6
814,Claybourne,Cotillard,Female,26,ccotillardml@stanford.edu,China,,HR,62469.24,12/18/2016,814,1.1,Statistician IV,Remote,Full-time,10,3:23 AM,1:41 AM,18
815,Berte,Gellion,Male,31,bgellionmm@issuu.com,China,,IT,139650.99,5/13/2014,815,3.0,Librarian,Remote,Part-time,2,2:17 PM,7:13 AM,14
816,Kendrick,Maffei,Non-binary,47,kmaffeimn@studiopress.com,Indonesia,,HR,78769.94,11/9/2016,816,2.9,Analog Circuit Design manager,Remote,Part-time,22,4:23 PM,8:36 AM,20
817,Amalle,Orteaux,Male,61,aorteauxmo@engadget.com,Indonesia,,HR,36895.85,3/14/2010,817,1.8,General Manager,Office,Part-time,1,9:36 PM,6:35 PM,20
818,Lane,Gleadle,Female,18,lgleadlemp@wufoo.com,Indonesia,,HR,57698.28,2/24/2017,818,4.4,Information Systems Manager,Remote,Full-time,12,11:42 AM,2:21 PM,3
819,Judah,Catonnet,Male,65,jcatonnetmq@oakley.com,Peru,,Sales,101025.57,8/9/2011,819,1.9,Associate Professor,Office,Part-time,29,1:35 PM,8:29 AM,17
820,Bettine,Levecque,Male,18,blevecquemr@canalblog.com,Italy,19125,IT,48268.92,10/5/2015,820,4.2,Computer Systems Analyst I,Remote,Part-time,15,10:44 PM,5:20 PM,12
821,Laurens,Scrafton,Female,58,lscraftonms@wikia.com,China,,Marketing,81594.21,1/23/2019,821,2.5,Research Nurse,Office,Full-time,16,6:27 PM,9:22 PM,13
822,Ginnifer,Windridge,Female,65,gwindridgemt@cbc.ca,Iran,,Sales,112020.62,3/18/2010,822,1.7,Paralegal,Office,Part-time,0,6:40 AM,5:20 PM,8
823,Caty,Bleaden,Non-binary,44,cbleadenmu@t.co,China,,IT,68209.72,7/20/2015,823,2.2,Compensation Analyst,Remote,Part-time,5,11:46 PM,9:16 AM,10
824,Linn,D'Aulby,Male,25,ldaulbymv@discovery.com,United States,50981,HR,127386.94,9/25/2015,824,1.8,Compensation Analyst,Remote,Part-time,4,11:37 PM,4:06 PM,20
825,Jerome,Camlin,Male,29,jcamlinmw@google.com.au,Sweden,813 27,HR,69115.64,11/23/2014,825,2.1,Compensation Analyst,Office,Full-time,23,1:57 PM,4:03 PM,16
826,Guthrie,Paradyce,Non-binary,62,gparadycemx@pcworld.com,Czech Republic,588 45,Sales,76006.97,12/5/2019,826,3.8,Help Desk Technician,Office,Full-time,18,3:55 PM,3:28 PM,4
827,Almira,Fleeming,Male,39,afleemingmy@sakura.ne.jp,Philippines,4323,Marketing,90101.84,1/15/2019,827,2.3,Financial Advisor,Remote,Part-time,4,7:35 PM,6:01 AM,0
828,Haydon,Shelvey,Non-binary,49,hshelveymz@engadget.com,Germany,12683,IT,85238.57,7/14/2013,828,2.0,Research Associate,Office,Full-time,30,8:30 PM,7:18 AM,1
829,Alexandro,Beek,Male,58,abeekn0@t.co,Mexico,41240,HR,132203.66,12/18/2012,829,1.8,Internal Auditor,Office,Part-time,19,12:21 AM,3:17 AM,10
830,Rosco,Milborn,Female,57,rmilbornn1@earthlink.net,Poland,58-580,HR,128407.57,2/25/2010,830,4.0,Developer I,Remote,Part-time,5,8:31 AM,4:46 PM,5
831,Carlyn,Frears,Female,60,cfrearsn2@amazonaws.com,South Sudan,,Sales,140717.15,9/1/2011,831,3.4,Dental Hygienist,Office,Part-time,21,4:23 PM,8:49 AM,17
832,Phoebe,Ollier,Non-binary,63,polliern3@joomla.org,Philippines,7020,IT,90137.86,9/21/2010,832,2.5,Social Worker,Office,Part-time,26,1:32 AM,10:20 AM,2
833,Camila,Levensky,Female,30,clevenskyn4@instagram.com,Russia,646626,HR,85648.99,2/20/2021,833,2.2,Automation Specialist II,Office,Full-time,3,12:33 AM,10:17 AM,20
834,Lemuel,Loutheane,Female,36,lloutheanen5@desdev.cn,China,,IT,76852.53,7/19/2013,834,4.6,Accounting Assistant III,Office,Full-time,7,11:21 PM,6:59 PM,8
835,Van,Byrd,Male,60,vbyrdn6@4shared.com,France,13937 CEDEX 20,Marketing,96670.63,9/21/2014,835,3.9,Internal Auditor,Remote,Part-time,9,12:06 PM,9:00 AM,5
836,Tamma,Adrain,Male,23,tadrainn7@flavors.me,Indonesia,,IT,33518.55,7/3/2017,836,5.0,Media Manager III,Remote,Part-time,24,7:25 PM,9:17 AM,8
837,Edithe,Izat,Non-binary,56,eizatn8@forbes.com,United Kingdom,SG4,HR,129431.85,9/10/2020,837,4.1,Chemical Engineer,Remote,Part-time,8,11:17 AM,11:16 AM,8
838,Nana,Tomaszkiewicz,Female,37,ntomaszkiewiczn9@irs.gov,Philippines,3302,Sales,54208.14,11/22/2017,838,4.0,Senior Sales Associate,Remote,Part-time,12,10:24 PM,3:12 AM,15
839,Ivar,Bottrill,Male,60,ibottrillna@bluehost.com,Portugal,4635-115,Sales,99863.34,5/20/2019,839,3.6,Web Developer IV,Office,Part-time,14,7:29 PM,7:57 AM,8
840,Patrice,Dagleas,Non-binary,21,pdagleasnb@businessinsider.com,Bolivia,,Marketing,34748.66,12/23/2014,840,4.9,Statistician IV,Remote,Full-time,12,12:50 AM,8:32 AM,8
841,Gill,Syde,Female,22,gsydenc@disqus.com,Sweden,426 57,IT,111865.0,4/8/2021,841,3.0,Structural Engineer,Office,Full-time,18,8:21 AM,3:04 AM,17
842,Theda,Betjes,Male,25,tbetjesnd@reddit.com,China,,IT,77720.63,4/6/2010,842,4.2,Registered Nurse,Remote,Part-time,23,1:56 AM,9:51 AM,0
843,Terrill,Gettone,Non-binary,64,tgettonene@pcworld.com,Colombia,057847,IT,53364.38,8/8/2015,843,2.3,Accounting Assistant II,Remote,Full-time,21,11:11 AM,1:32 AM,10
844,Rani,Postlethwaite,Male,40,rpostlethwaitenf@digg.com,Philippines,5402,Marketing,128674.19,3/5/2017,844,2.3,Electrical Engineer,Office,Full-time,30,4:19 AM,3:14 AM,3
845,Ian,Starmont,Male,39,istarmontng@ted.com,China,,Marketing,67463.89,8/15/2014,845,3.7,Speech Pathologist,Remote,Part-time,5,7:45 PM,3:49 PM,17
846,Paul,Yglesia,Non-binary,20,pyglesianh@upenn.edu,Philippines,6812,Sales,68341.57,1/19/2019,846,4.7,Actuary,Office,Full-time,23,10:47 AM,4:09 PM,20
847,Brittani,Alessandrini,Non-binary,57,balessandrinini@php.net,South Korea,,HR,30145.2,1/21/2012,847,4.6,Physical Therapy Assistant,Office,Full-time,9,9:59 PM,4:27 PM,0
848,Filmore,Ivanishchev,Male,42,fivanishchevnj@wired.com,France,78415 CEDEX,HR,65954.09,5/9/2016,848,2.9,Biostatistician I,Remote,Full-time,3,3:36 PM,10:00 PM,6
849,Lucien,Meagh,Male,23,lmeaghnk@biglobe.ne.jp,China,,IT,86349.01,6/24/2010,849,4.3,Account Representative I,Office,Full-time,7,5:48 AM,1:32 AM,15
850,Alberik,Ainslee,Non-binary,24,aainsleenl@etsy.com,Philippines,6406,Marketing,146256.92,9/13/2018,850,4.1,Pharmacist,Office,Part-time,22,10:59 PM,12:35 PM,18
851,Anatole,Marney,Non-binary,62,amarneynm@dmoz.org,France,38504 CEDEX,Marketing,69227.25,3/10/2015,851,4.1,Teacher,Remote,Full-time,3,11:37 AM,6:57 AM,11
852,Agace,Peckham,Male,56,apeckhamnn@huffingtonpost.com,Indonesia,,HR,69885.15,8/25/2014,852,4.8,Human Resources Manager,Office,Part-time,17,11:58 AM,6:57 PM,11
853,Genna,Camplin,Female,31,gcamplinno@storify.com,Colombia,251808,Marketing,48499.07,10/23/2018,853,3.6,Pharmacist,Remote,Part-time,19,1:26 PM,4:04 PM,17
854,Lishe,Kubatsch,Female,22,lkubatschnp@sbwire.com,China,,Sales,97829.66,11/27/2012,854,4.0,Product Engineer,Office,Full-time,19,4:28 AM,8:53 PM,10
855,Shannon,Guildford,Male,33,sguildfordnq@google.nl,South Africa,3950,HR,81324.57,2/18/2010,855,4.0,Data Coordinator,Remote,Part-time,14,6:37 AM,5:29 PM,12
856,Selig,Alvaro,Male,37,salvaronr@over-blog.com,Philippines,2502,Marketing,130929.77,5/17/2017,856,2.7,Developer IV,Remote,Full-time,25,8:12 AM,1:37 PM,6
857,Gerti,Leftbridge,Male,36,gleftbridgens@independent.co.uk,Russia,393400,IT,129753.66,2/2/2014,857,2.7,Technical Writer,Remote,Part-time,2,12:20 PM,11:17 PM,11
858,Caresse,Downie,Male,29,cdownient@technorati.com,Poland,34-625,Sales,89517.13,3/18/2017,858,4.1,Geologist I,Remote,Part-time,9,4:03 PM,3:00 PM,17
859,Randa,Ziemen,Male,31,rziemennu@cbc.ca,Germany,63456,IT,77473.88,3/30/2012,859,5.0,Web Designer II,Remote,Part-time,18,10:39 AM,6:46 AM,15
860,Afton,Pallis,Female,47,apallisnv@archive.org,Indonesia,,IT,102475.94,9/6/2016,860,3.6,Information Systems Manager,Remote,Part-time,16,8:52 PM,11:51 AM,14
861,Caitrin,Braxton,Male,61,cbraxtonnw@google.com.br,Brazil,68270-000,Marketing,124888.99,4/23/2016,861,1.4,Mechanical Systems Engineer,Office,Part-time,15,2:52 AM,4:41 AM,16
862,Munmro,Scryne,Female,19,mscrynenx@slideshare.net,China,,IT,108068.77,4/1/2015,862,4.0,Project Manager,Remote,Part-time,28,3:06 PM,2:33 PM,0
863,Rosemonde,Stathor,Non-binary,59,rstathorny@shutterfly.com,China,,Marketing,35907.97,10/1/2012,863,3.1,Electrical Engineer,Remote,Full-time,9,1:31 AM,10:56 PM,9
864,Abran,Alessandone,Male,39,aalessandonenz@icio.us,China,,Sales,77897.61,4/2/2018,864,3.1,Senior Financial Analyst,Office,Part-time,8,5:37 AM,8:33 AM,19
865,Coletta,Dowdam,Male,51,cdowdamo0@craigslist.org,Czech Republic,739 51,Marketing,96035.69,6/27/2011,865,3.3,Accountant III,Remote,Full-time,10,10:05 AM,12:57 AM,13
866,Inglis,Mattiussi,Male,57,imattiussio1@umich.edu,China,,IT,73046.37,12/13/2021,866,2.8,Food Chemist,Remote,Full-time,0,4:35 PM,12:31 PM,10
867,Boycey,Matthessen,Male,50,bmatthesseno2@umn.edu,Philippines,2008,Sales,103685.37,1/29/2017,867,3.1,Structural Engineer,Remote,Part-time,26,1:28 AM,1:07 PM,5
868,Pat,Rutledge,Male,21,prutledgeo3@toplist.cz,Philippines,3503,Marketing,87019.07,7/2/2016,868,1.4,Sales Representative,Remote,Full-time,19,7:03 PM,6:28 PM,0
869,Pierson,Lamping,Male,45,plampingo4@meetup.com,Armenia,,Marketing,97662.42,6/30/2012,869,3.2,Staff Accountant IV,Office,Full-time,6,11:29 PM,8:01 AM,6
870,Parnell,Beausang,Non-binary,23,pbeausango5@walmart.com,Russia,423555,HR,130441.57,5/21/2012,870,3.3,Media Manager III,Office,Full-time,5,12:58 PM,12:27 PM,6
871,Jerri,Grishakov,Non-binary,22,jgrishakovo6@sourceforge.net,China,,IT,92334.97,1/26/2016,871,4.0,Occupational Therapist,Office,Part-time,15,1:33 AM,1:24 PM,10
872,Fara,Littlejohns,Female,51,flittlejohnso7@dot.gov,Japan,999-1413,Marketing,67949.36,6/16/2014,872,1.8,Environmental Specialist,Remote,Part-time,23,7:04 AM,4:01 PM,6
873,Gus,Crauford,Female,36,gcraufordo8@deviantart.com,China,,Sales,103604.41,7/18/2010,873,3.2,Executive Secretary,Office,Part-time,0,12:32 AM,7:24 AM,6
874,Raddy,Mendonca,Female,29,rmendoncao9@tripod.com,Tanzania,,HR,133740.7,3/1/2017,874,1.3,Quality Engineer,Remote,Full-time,17,7:26 PM,9:26 AM,15
875,Morse,Bortoli,Non-binary,55,mbortolioa@livejournal.com,Russia,676859,HR,109089.98,9/15/2015,875,4.6,Systems Administrator I,Remote,Full-time,5,3:35 AM,7:10 PM,7
876,Eddi,Gilfether,Non-binary,43,egilfetherob@chronoengine.com,Brazil,13300-000,IT,129243.75,12/25/2016,876,1.0,Teacher,Office,Full-time,21,3:34 PM,1:30 PM,8
877,Nicolis,Skupinski,Male,23,nskupinskioc@globo.com,Indonesia,,IT,147746.28,4/16/2016,877,3.4,Assistant Media Planner,Office,Part-time,23,11:02 PM,6:14 AM,3
878,Meta,Finders,Male,21,mfindersod@google.com.au,China,,Sales,121109.01,7/21/2020,878,3.1,Senior Editor,Office,Part-time,11,1:52 AM,1:40 AM,7
879,Lamar,McCoveney,Non-binary,44,lmccoveneyoe@va.gov,Croatia,35400,IT,114559.71,11/3/2010,879,4.1,Civil Engineer,Office,Part-time,30,5:40 PM,4:07 AM,1
880,Elga,de Clerk,Female,62,edeclerkof@clickbank.net,United States,34282,Marketing,66857.4,8/25/2010,880,3.6,Actuary,Remote,Part-time,26,1:08 AM,7:33 AM,7
881,Garrek,Gernier,Female,24,ggernierog@free.fr,Brazil,83430-000,IT,73237.49,8/16/2018,881,2.0,Developer III,Remote,Part-time,6,2:54 PM,1:06 AM,20
882,Roselle,Worwood,Male,61,rworwoodoh@ibm.com,Indonesia,,HR,57095.38,6/13/2011,882,3.3,Account Executive,Remote,Full-time,4,1:31 AM,11:30 PM,11
883,Gayel,Sinclair,Female,30,gsinclairoi@oakley.com,China,,HR,93498.41,6/27/2011,883,1.2,Financial Advisor,Office,Full-time,4,9:33 AM,4:31 PM,20
884,Darb,O'Neill,Male,56,doneilloj@msu.edu,Portugal,4820-021,Sales,53010.32,5/5/2011,884,1.9,Web Developer IV,Remote,Part-time,22,6:16 PM,11:24 AM,18
885,Fonz,Butler,Female,24,fbutlerok@walmart.com,Mexico,51372,IT,133736.1,6/28/2017,885,4.9,Associate Professor,Remote,Full-time,3,9:38 AM,11:15 PM,12
886,Jo ann,Billingsly,Non-binary,53,jbillingslyol@google.cn,Indonesia,,Sales,34356.03,11/12/2013,886,2.4,Geologist IV,Remote,Part-time,11,5:13 AM,8:20 AM,19
887,Zach,Lobley,Female,65,zlobleyom@bloglovin.com,Afghanistan,,IT,84143.06,3/20/2018,887,2.9,Media Manager II,Office,Full-time,30,11:06 AM,6:06 PM,4
888,Amelie,Bramford,Non-binary,33,abramfordon@vkontakte.ru,Ukraine,,IT,74374.84,3/11/2019,888,2.1,Paralegal,Office,Part-time,4,7:40 PM,10:25 AM,11
889,Roley,Tilford,Female,60,rtilfordoo@businessinsider.com,Norway,3047,Marketing,93759.64,10/16/2012,889,2.9,Nurse Practicioner,Office,Full-time,20,7:40 AM,3:04 PM,10
890,Silas,MacRirie,Male,20,smacririeop@narod.ru,Portugal,5100-121,HR,39257.46,8/23/2016,890,3.2,Quality Engineer,Remote,Part-time,26,9:41 AM,8:21 AM,12
891,Nerti,Myner,Female,60,nmyneroq@instagram.com,Vietnam,,IT,136539.08,8/22/2016,891,1.6,VP Quality Control,Remote,Part-time,12,5:02 PM,8:07 PM,18
892,Susanetta,McKerron,Non-binary,19,smckerronor@a8.net,France,94474 CEDEX,Marketing,112647.88,8/16/2013,892,4.8,Health Coach IV,Office,Part-time,29,3:42 PM,4:28 AM,20
893,Axe,Cockroft,Non-binary,27,acockroftos@ebay.co.uk,China,,Marketing,48215.72,10/26/2010,893,3.9,Product Engineer,Remote,Part-time,8,2:46 PM,11:55 PM,17
894,Geno,Pasquale,Male,52,gpasqualeot@meetup.com,Russia,671410,HR,113567.12,4/14/2013,894,2.8,Physical Therapy Assistant,Remote,Full-time,14,3:36 AM,5:04 AM,6
895,Heidi,Caunt,Non-binary,18,hcauntou@princeton.edu,Greece,,Marketing,110615.86,7/6/2018,895,1.2,Geologist I,Remote,Full-time,22,9:01 AM,6:18 PM,2
896,Kaitlynn,Eddy,Male,35,keddyov@adobe.com,Philippines,3501,IT,137698.54,6/19/2016,896,3.4,Community Outreach Specialist,Office,Part-time,8,7:56 AM,2:38 AM,14
897,Mordy,Fronczak,Non-binary,52,mfronczakow@flickr.com,Uganda,,Sales,107638.95,4/13/2020,897,1.7,Desktop Support Technician,Office,Part-time,30,3:19 PM,2:43 PM,2
898,Tasha,Orred,Non-binary,48,torredox@jalbum.net,Czech Republic,747 31,IT,87637.27,2/9/2021,898,4.6,VP Product Management,Remote,Part-time,19,6:56 PM,6:53 PM,2
899,Rickie,Brumhead,Female,64,rbrumheadoy@yahoo.co.jp,New Zealand,1072,Sales,40377.39,1/31/2017,899,1.2,Compensation Analyst,Office,Part-time,26,9:52 AM,6:30 AM,19
900,Brantley,Bendelow,Male,50,bbendelowoz@yellowbook.com,China,,Sales,132413.8,7/19/2015,900,3.9,Human Resources Manager,Remote,Part-time,16,2:53 PM,8:07 AM,11
901,Quentin,Creffeild,Male,39,qcreffeildp0@nbcnews.com,Serbia,,HR,59394.79,12/8/2012,901,1.9,Speech Pathologist,Remote,Part-time,4,1:07 AM,8:44 PM,7
902,Aldous,Yourell,Female,37,ayourellp1@jigsy.com,Norway,4892,IT,123429.33,7/26/2017,902,3.7,Environmental Specialist,Office,Part-time,26,9:26 AM,11:02 AM,12
903,Ernaline,Batters,Male,26,ebattersp2@biglobe.ne.jp,Syria,,HR,50865.47,8/3/2016,903,3.0,Paralegal,Remote,Part-time,11,9:27 AM,6:34 PM,12
904,Cherilyn,Denyukhin,Non-binary,58,cdenyukhinp3@trellian.com,Philippines,7209,IT,74035.42,3/19/2013,904,2.9,Analog Circuit Design manager,Remote,Full-time,20,3:37 PM,2:44 PM,11
905,Haily,Daglish,Male,36,hdaglishp4@g.co,Russia,165391,IT,99086.2,6/28/2011,905,3.5,Associate Professor,Office,Full-time,1,11:13 AM,2:22 PM,0
906,Thibaud,Renachowski,Non-binary,23,trenachowskip5@people.com.cn,Norway,0620,IT,44510.97,7/18/2021,906,1.8,Tax Accountant,Office,Part-time,8,8:21 PM,5:24 AM,1
907,Lou,Soonhouse,Non-binary,18,lsoonhousep6@loc.gov,Indonesia,,HR,116283.01,1/2/2012,907,3.8,Desktop Support Technician,Office,Part-time,27,3:30 PM,2:09 PM,12
908,Odetta,Moreing,Non-binary,42,omoreingp7@zdnet.com,China,,Marketing,97178.29,3/8/2018,908,1.5,Administrative Assistant III,Remote,Full-time,13,1:39 PM,1:04 AM,19
909,Gaelan,Mapstone,Non-binary,32,gmapstonep8@squidoo.com,Ivory Coast,,HR,94953.83,1/7/2018,909,3.6,Operator,Remote,Part-time,29,5:12 AM,10:06 PM,19
910,Guthrey,De Ruggero,Male,31,gderuggerop9@pen.io,New Caledonia,98821,Marketing,128618.16,8/5/2020,910,3.4,Geologist IV,Office,Part-time,26,6:36 PM,6:04 AM,9
911,Melli,Abrahamsohn,Female,46,mabrahamsohnpa@accuweather.com,China,,HR,115343.04,7/10/2014,911,3.5,Programmer Analyst III,Office,Full-time,19,8:07 AM,2:17 PM,17
912,Maurizio,Matz,Non-binary,56,mmatzpb@globo.com,Iran,,Marketing,95737.7,12/26/2019,912,2.6,Marketing Manager,Office,Full-time,27,1:37 AM,2:48 AM,5
913,Sybyl,Bowman,Non-binary,49,sbowmanpc@github.io,Indonesia,,IT,136358.28,3/12/2013,913,3.0,Senior Financial Analyst,Office,Full-time,14,1:41 AM,2:52 PM,6
914,Andrea,Cockshut,Female,54,acockshutpd@tamu.edu,Greece,,Sales,69951.05,7/1/2013,914,3.6,Information Systems Manager,Remote,Part-time,17,9:00 PM,12:40 PM,1
915,Merridie,Yerrington,Female,60,myerringtonpe@zdnet.com,Canada,L3R,Marketing,81263.33,5/18/2017,915,3.5,Research Nurse,Remote,Part-time,10,6:17 AM,10:45 AM,2
916,Joby,Harryman,Non-binary,39,jharrymanpf@wix.com,Portugal,2965-212,Marketing,95096.6,2/1/2012,916,1.1,Research Nurse,Remote,Part-time,20,12:37 PM,2:55 PM,12
917,Gretal,Goucher,Female,64,ggoucherpg@sciencedirect.com,Russia,366303,Sales,107225.95,9/3/2014,917,2.2,Junior Executive,Office,Part-time,1,11:13 PM,4:53 AM,4
918,Dido,Joy,Female,38,djoyph@microsoft.com,Croatia,51217,Marketing,118337.71,3/14/2016,918,3.2,Compensation Analyst,Office,Part-time,10,7:59 AM,4:38 AM,20
919,Horton,Tarbard,Female,58,htarbardpi@goodreads.com,Dominican Republic,10514,HR,128360.83,1/12/2015,919,1.7,Actuary,Office,Full-time,8,9:16 AM,10:26 PM,2
920,Phillip,Allibon,Non-binary,39,pallibonpj@google.cn,China,,IT,108548.36,11/2/2018,920,4.9,Information Systems Manager,Remote,Part-time,4,1:36 AM,5:32 AM,13
921,Dermot,Kittle,Non-binary,30,dkittlepk@webeden.co.uk,Indonesia,,HR,85173.08,10/9/2017,921,3.2,Programmer I,Office,Part-time,30,12:44 PM,6:08 PM,4
922,Tally,Lazar,Female,46,tlazarpl@sitemeter.com,Portugal,4765-135,IT,99391.78,9/13/2015,922,4.4,Payment Adjustment Coordinator,Office,Part-time,22,4:52 PM,6:14 PM,20
923,Rolf,Duckit,Female,59,rduckitpm@reverbnation.com,Russia,655266,IT,95929.09,7/15/2015,923,3.0,Web Developer I,Office,Full-time,21,2:44 AM,9:14 PM,2
924,Gabbey,Longea,Female,37,glongeapn@yale.edu,Peru,,IT,120650.89,2/1/2011,924,2.7,Civil Engineer,Remote,Part-time,6,6:09 PM,8:50 AM,13
925,Laina,Ferentz,Non-binary,62,lferentzpo@cnbc.com,Russia,301382,HR,146655.66,12/10/2014,925,2.4,Office Assistant IV,Office,Part-time,0,11:02 PM,7:41 PM,13
926,Willetta,McCawley,Male,39,wmccawleypp@jugem.jp,Indonesia,,Marketing,43970.27,5/2/2016,926,4.9,Office Assistant II,Remote,Full-time,8,5:08 AM,5:41 AM,0
927,Harcourt,Hodjetts,Non-binary,30,hhodjettspq@nbcnews.com,Indonesia,,IT,148978.28,2/2/2018,927,1.5,General Manager,Office,Full-time,17,11:35 PM,5:40 PM,5
928,Chadwick,Jackling,Male,41,cjacklingpr@squarespace.com,China,,Sales,130903.75,7/9/2016,928,1.7,Librarian,Office,Full-time,15,1:46 PM,5:44 PM,4
929,Rafaelia,Kernan,Non-binary,18,rkernanps@cloudflare.com,Croatia,44320,Marketing,36512.1,3/20/2016,929,1.6,Geologist III,Remote,Full-time,23,6:43 AM,2:20 PM,18
930,Leora,Bales,Non-binary,42,lbalespt@blogspot.com,Colombia,661008,Marketing,119244.9,6/8/2014,930,3.9,Paralegal,Office,Full-time,20,11:10 PM,6:05 PM,10
931,Rhody,Backs,Female,19,rbackspu@unblog.fr,Nigeria,,IT,148553.72,9/23/2020,931,3.4,Analyst Programmer,Remote,Part-time,13,3:32 PM,1:28 AM,0
932,Barby,O Mullen,Male,34,bomullenpv@discovery.com,Thailand,14130,IT,149962.79,9/17/2020,932,2.4,Sales Associate,Remote,Part-time,16,2:24 AM,5:16 AM,16
933,Shaw,Retallack,Male,61,sretallackpw@pen.io,Peru,,IT,63060.08,9/3/2018,933,1.7,Geological Engineer,Remote,Part-time,18,5:00 PM,3:38 PM,6
934,Ruthanne,Truluck,Non-binary,52,rtruluckpx@blog.com,Indonesia,,IT,146751.79,10/17/2019,934,3.5,Research Associate,Remote,Part-time,7,10:19 AM,8:42 AM,11
935,Janette,Yewdale,Male,26,jyewdalepy@china.com.cn,France,77404 CEDEX,HR,66490.61,4/8/2013,935,4.7,Business Systems Development Analyst,Remote,Full-time,0,6:33 AM,11:57 PM,9
936,Dinah,Greder,Female,42,dgrederpz@privacy.gov.au,China,,IT,110204.34,4/20/2013,936,4.1,Biostatistician III,Office,Part-time,17,8:26 AM,9:40 AM,9
937,Kyle,McMyler,Non-binary,51,kmcmylerq0@aboutads.info,Afghanistan,,Marketing,57248.02,9/23/2018,937,4.3,Research Nurse,Remote,Full-time,26,12:01 PM,10:54 AM,14
938,Nappy,Selwyne,Non-binary,61,nselwyneq1@google.it,Poland,66-627,HR,96935.19,8/9/2019,938,1.4,Budget/Accounting Analyst II,Office,Part-time,6,6:22 AM,10:51 PM,1
939,Em,Petris,Male,55,epetrisq2@youku.com,Sweden,548 32,Marketing,138458.04,5/4/2013,939,4.1,Automation Specialist I,Remote,Part-time,12,11:24 AM,4:39 AM,10
940,Dianemarie,Rust,Female,43,drustq3@chron.com,China,,Marketing,49302.59,10/2/2017,940,2.7,Programmer Analyst III,Remote,Full-time,22,10:30 PM,3:44 PM,5
941,Kathryne,Shears,Male,53,kshearsq4@java.com,China,,Sales,120429.59,12/11/2013,941,1.0,VP Quality Control,Remote,Part-time,19,7:53 PM,7:57 PM,14
942,Alanna,Langsdon,Male,37,alangsdonq5@t.co,Thailand,13250,Marketing,67952.51,3/23/2014,942,1.4,Automation Specialist I,Office,Part-time,0,5:58 PM,9:35 PM,15
943,Adiana,Maddyson,Non-binary,65,amaddysonq6@omniture.com,Portugal,4620-931,Marketing,126565.5,10/1/2021,943,2.5,Assistant Manager,Remote,Full-time,27,6:04 AM,5:54 AM,11
944,Mylo,Kingscote,Non-binary,31,mkingscoteq7@fda.gov,Indonesia,,Marketing,123155.21,11/24/2014,944,3.3,Technical Writer,Remote,Part-time,22,5:34 PM,2:30 PM,10
945,Angele,Lieb,Non-binary,26,aliebq8@accuweather.com,China,,IT,127524.36,5/22/2013,945,3.6,Technical Writer,Office,Full-time,18,1:50 AM,8:24 PM,3
946,Hephzibah,Cormode,Non-binary,36,hcormodeq9@ifeng.com,China,,HR,37395.35,7/10/2015,946,3.5,Budget/Accounting Analyst II,Remote,Full-time,14,3:56 AM,9:37 PM,4
947,Jule,Turnbull,Female,24,jturnbullqa@stanford.edu,Mongolia,,Sales,137565.07,8/21/2018,947,1.9,Cost Accountant,Office,Part-time,28,3:19 AM,8:47 PM,5
948,Kirby,Simonsson,Female,28,ksimonssonqb@webmd.com,Indonesia,,Marketing,71075.98,12/10/2021,948,3.1,Librarian,Office,Part-time,24,3:21 AM,8:07 AM,10
949,Cly,Coare,Male,63,ccoareqc@dagondesign.com,Gambia,,IT,83573.75,5/28/2011,949,2.2,Analog Circuit Design manager,Office,Part-time,5,1:22 PM,12:19 PM,4
950,Lissie,McGraw,Non-binary,40,lmcgrawqd@state.tx.us,Brazil,38740-000,Marketing,103916.61,8/7/2016,950,4.2,Financial Analyst,Remote,Part-time,25,11:04 PM,8:13 AM,16
951,Sharon,de Clercq,Non-binary,58,sdeclercqqe@salon.com,Greece,,IT,145883.49,12/22/2016,951,3.4,Quality Engineer,Remote,Full-time,22,1:05 PM,9:45 AM,5
952,Hanny,Renihan,Female,62,hrenihanqf@nhs.uk,South Africa,9922,Sales,123322.21,4/9/2014,952,3.0,Data Coordinator,Office,Full-time,21,12:54 PM,10:05 AM,8
953,Jobina,Worster,Non-binary,18,jworsterqg@so-net.ne.jp,Philippines,6822,Sales,103924.04,4/30/2011,953,2.5,Software Consultant,Remote,Full-time,14,7:01 PM,11:26 PM,13
954,Craggy,Purseglove,Female,18,cpursegloveqh@wordpress.org,Namibia,,Marketing,61283.12,11/12/2020,954,3.7,Chemical Engineer,Office,Full-time,23,6:40 PM,3:30 PM,11
955,Laney,Verring,Male,47,lverringqi@clickbank.net,Czech Republic,783 35,HR,135746.02,4/14/2012,955,2.1,Human Resources Manager,Office,Part-time,16,2:43 AM,9:50 PM,13
956,Coleen,Mickleburgh,Male,62,cmickleburghqj@prweb.com,China,,Sales,73603.36,11/17/2019,956,2.9,Programmer IV,Office,Full-time,16,11:12 PM,10:12 AM,11
957,Molly,Whiteoak,Female,53,mwhiteoakqk@time.com,Thailand,74110,Marketing,117432.62,6/3/2017,957,2.3,Engineer III,Office,Part-time,8,6:40 AM,4:35 PM,20
958,Maje,Tubritt,Female,42,mtubrittql@tinypic.com,Mongolia,,Sales,115376.35,4/24/2017,958,1.8,Design Engineer,Remote,Full-time,11,10:01 AM,1:53 PM,10
959,Elnore,Rablen,Male,36,erablenqm@shinystat.com,Sweden,761 31,HR,65257.79,4/8/2018,959,4.3,Assistant Manager,Remote,Full-time,19,10:45 AM,1:17 PM,6
960,Raddy,Jennions,Non-binary,19,rjennionsqn@blinklist.com,Portugal,8150-045,IT,43167.77,10/26/2012,960,2.4,VP Marketing,Office,Part-time,0,3:49 AM,12:19 AM,18
961,Ana,Dwane,Female,52,adwaneqo@slate.com,Dominican Republic,11205,Marketing,66212.35,5/4/2018,961,1.7,Junior Executive,Office,Full-time,25,1:05 PM,1:01 PM,2
962,Chase,Von Hindenburg,Female,51,cvonhindenburgqp@meetup.com,Portugal,3400-009,HR,131627.62,9/18/2014,962,2.5,Administrative Assistant III,Remote,Part-time,14,6:34 AM,1:07 AM,19
963,Ruthi,Dunlap,Male,41,rdunlapqq@netvibes.com,China,,Marketing,37133.5,9/21/2015,963,1.6,Information Systems Manager,Remote,Full-time,26,12:00 AM,10:24 PM,17
964,Frasier,Naismith,Male,65,fnaismithqr@omniture.com,Guatemala,14019,Sales,45333.22,8/31/2015,964,4.1,Social Worker,Remote,Part-time,16,1:28 PM,7:18 PM,8
965,Abbie,O'Moylane,Female,47,aomoylaneqs@google.de,Indonesia,,Sales,112064.35,10/9/2019,965,4.5,GIS Technical Architect,Remote,Full-time,18,3:03 PM,2:45 PM,18
966,Tamma,Wilber,Female,55,twilberqt@sina.com.cn,Indonesia,,IT,97815.03,5/23/2017,966,3.3,Administrative Officer,Remote,Full-time,11,5:17 AM,1:45 PM,3
967,Lezley,Archbutt,Non-binary,27,larchbuttqu@desdev.cn,China,,Sales,77091.7,7/24/2017,967,1.5,Software Engineer II,Office,Full-time,18,4:29 PM,10:26 AM,12
968,Kinnie,Whyte,Non-binary,24,kwhyteqv@xing.com,China,,Sales,46279.74,10/10/2018,968,4.1,Marketing Manager,Office,Part-time,26,9:53 PM,10:21 AM,2
969,Shay,Kewley,Male,46,skewleyqw@tinyurl.com,Portugal,2300-174,IT,136020.04,7/28/2018,969,5.0,Quality Control Specialist,Office,Part-time,7,12:28 AM,3:44 AM,5
970,Marty,Kempe,Non-binary,49,mkempeqx@weather.com,United States,80249,HR,60664.94,12/26/2019,970,3.9,Dental Hygienist,Office,Full-time,6,9:04 PM,8:56 PM,16
971,Demetris,Habbijam,Male,59,dhabbijamqy@gnu.org,Bulgaria,3053,HR,123127.06,8/1/2011,971,1.6,Nuclear Power Engineer,Office,Full-time,0,4:07 AM,5:31 AM,11
972,Karil,Tippell,Female,19,ktippellqz@phpbb.com,China,,Marketing,46809.63,2/16/2016,972,4.8,Junior Executive,Remote,Part-time,27,11:35 PM,9:12 PM,12
973,Gregoire,Andrichuk,Female,28,gandrichukr0@blinklist.com,Philippines,6519,HR,120196.62,6/21/2016,973,1.3,Nurse Practicioner,Remote,Full-time,5,4:07 PM,2:25 AM,17
974,Lilah,Ranyard,Male,38,lranyardr1@dropbox.com,Indonesia,,HR,119984.88,3/8/2012,974,2.1,Civil Engineer,Office,Part-time,24,3:26 AM,12:35 AM,20
975,Rafaellle,Hanrahan,Male,55,rhanrahanr2@umich.edu,Indonesia,,Sales,133219.06,6/20/2020,975,4.8,Account Executive,Office,Part-time,7,11:38 PM,10:11 AM,8
976,Douglas,Dilgarno,Non-binary,19,ddilgarnor3@soup.io,China,,IT,129824.24,11/9/2010,976,2.4,Chief Design Engineer,Remote,Full-time,22,3:07 AM,4:24 AM,4
977,Aubert,Roddick,Non-binary,60,aroddickr4@sina.com.cn,Brazil,59700-000,IT,130395.84,9/15/2011,977,2.1,Web Developer II,Remote,Part-time,7,6:57 AM,10:46 PM,18
978,Nicolle,Kienzle,Non-binary,19,nkienzler5@wordpress.org,Vietnam,,IT,122873.33,7/30/2018,978,1.9,Geological Engineer,Remote,Part-time,17,11:23 AM,2:30 AM,19
979,Orelle,Oades,Male,20,ooadesr6@google.ca,New Caledonia,98824,Marketing,99271.24,1/7/2011,979,2.1,Assistant Professor,Office,Part-time,15,7:38 PM,11:43 PM,9
980,Nikaniki,Gronaver,Non-binary,60,ngronaverr7@cdbaby.com,China,,IT,68642.48,1/25/2016,980,5.0,Analyst Programmer,Office,Part-time,24,4:06 AM,11:01 AM,14
981,Anallese,Cullon,Male,23,acullonr8@washingtonpost.com,Latvia,,Marketing,62759.26,5/19/2013,981,2.6,Senior Sales Associate,Remote,Part-time,11,2:07 AM,10:06 AM,0
982,Danya,Adnams,Male,41,dadnamsr9@people.com.cn,Pakistan,22501,Marketing,81410.86,10/14/2021,982,4.6,VP Accounting,Remote,Part-time,13,5:42 AM,9:51 AM,16
983,Tucky,Wellesley,Non-binary,58,twellesleyra@aol.com,Indonesia,,Sales,134930.09,12/27/2018,983,1.5,Assistant Professor,Remote,Full-time,18,1:00 AM,5:05 PM,0
984,Traci,Cathie,Female,62,tcathierb@purevolume.com,Chad,,IT,43596.91,6/7/2018,984,4.5,Database Administrator I,Office,Full-time,17,11:50 AM,6:37 PM,18
985,Hester,Fortnam,Female,38,hfortnamrc@networksolutions.com,Russia,186304,HR,39167.37,10/21/2012,985,2.1,Senior Quality Engineer,Remote,Part-time,18,7:19 PM,7:18 PM,0
986,Leeland,Fells,Non-binary,20,lfellsrd@cocolog-nifty.com,China,,HR,130006.24,6/11/2021,986,2.2,Desktop Support Technician,Remote,Full-time,18,9:19 AM,10:54 AM,2
987,Arnuad,Hails,Female,45,ahailsre@umich.edu,Thailand,49150,IT,93219.58,12/30/2016,987,1.2,VP Quality Control,Office,Full-time,2,2:04 PM,4:34 AM,10
988,Alexander,Loughney,Non-binary,60,aloughneyrf@unblog.fr,Indonesia,,IT,110794.86,9/27/2012,988,3.1,Research Assistant IV,Remote,Part-time,4,2:53 PM,2:33 AM,4
989,Marita,Canelas,Male,64,mcanelasrg@reference.com,France,91104 CEDEX,Sales,69811.76,4/1/2010,989,2.1,GIS Technical Architect,Office,Part-time,3,12:08 PM,7:40 PM,19
990,Ichabod,Guyers,Female,40,iguyersrh@howstuffworks.com,Peru,,Sales,84254.13,1/3/2016,990,4.7,Senior Editor,Office,Part-time,21,11:32 PM,2:52 AM,4
991,Milissent,Berisford,Male,35,mberisfordri@cornell.edu,United States,49560,IT,147755.54,5/15/2011,991,3.6,Biostatistician I,Remote,Part-time,26,2:17 PM,5:32 AM,20
992,Skye,Tarbox,Non-binary,21,starboxrj@ca.gov,Cayman Islands,,IT,100643.6,5/20/2018,992,4.4,Biostatistician II,Remote,Full-time,7,5:38 PM,8:00 PM,17
993,Hashim,Rash,Non-binary,50,hrashrk@w3.org,China,,Sales,148104.57,8/11/2012,993,1.7,Physical Therapy Assistant,Remote,Full-time,21,12:57 AM,8:26 AM,11
994,Gerrie,Base,Non-binary,52,gbaserl@craigslist.org,Poland,62-090,Sales,53489.36,7/23/2010,994,3.5,Civil Engineer,Remote,Part-time,2,2:50 AM,9:36 AM,4
995,Babbette,Dollard,Male,37,bdollardrm@domainmarket.com,Sweden,737 32,Sales,131870.19,6/21/2018,995,1.6,Quality Engineer,Remote,Part-time,9,9:47 PM,2:02 PM,7
996,Linnell,Veschambre,Male,34,lveschambrern@scribd.com,France,69464 CEDEX 06,Marketing,93321.42,4/27/2015,996,4.4,Environmental Specialist,Office,Part-time,2,6:12 PM,5:52 PM,13
997,Umeko,Norville,Female,36,unorvillero@flickr.com,France,64004 CEDEX,IT,66511.68,5/27/2021,997,1.5,Senior Financial Analyst,Remote,Part-time,16,6:23 PM,2:41 AM,15
998,Georgette,Gatward,Non-binary,41,ggatwardrp@globo.com,China,,IT,59687.16,6/9/2021,998,4.2,Operator,Remote,Part-time,28,3:25 PM,11:48 AM,3
999,Reynard,Crawcour,Non-binary,29,rcrawcourrq@jimdo.com,Canada,J6W,IT,79333.66,6/11/2013,999,4.7,Software Engineer IV,Office,Full-time,15,3:25 AM,4:36 PM,9
1000,Tobe,Morgan,Female,61,tmorganrr@sun.com,Cameroon,,Marketing,144913.21,3/26/2012,1000,2.2,Sales Associate,Office,Part-time,11,6:05 PM,4:42 AM,1
