employee_id,first_name,last_name,gender,date_of_birth,job_title,department,salary,hire_date,email,phone_number,address,city,state,postal_code,country,emergency_contact_name,emergency_contact_phone,emergency_contact_relationship,manager_id,start_date
1,Conant,Ipsley,Polygender,8/20/1982,Internal Auditor,Services,136801.82,9/12/2013,cipsley0@addthis.com,991-769-1776,1 Texas Point,Luthu,,,Indonesia,Conant Ipsley,896-898-9194,friend,1,3/22/2018
2,Brigit,Ternott,Female,11/1/1992,Programmer III,Accounting,62418.23,12/31/2011,bternott1@auda.org.au,319-861-7919,7 Anhalt Alley,Xiaoshan,,,China,Brigit Ternott,363-880-6126,friend,2,8/13/2015
3,Lanie,Sprackling,Male,11/30/1960,Compensation Analyst,Sales,75070.35,6/6/2021,lsprackling2@ucoz.ru,720-459-0528,35890 Northport Junction,Castanheira de Pêra,Leiria,3280-011,Portugal,Lanie Sprackling,527-273-4580,sibling,3,12/16/2014
4,Bobinette,Louth,Female,1/8/1993,VP Accounting,Sales,36795.03,3/17/2016,blouth3@sun.com,506-718-9870,7 Golf Course Plaza,San Miguel Ixtahuacán,,12006,Guatemala,Bobinette Louth,261-870-3113,sibling,4,8/24/2012
5,Giselle,Deeks,Bigender,7/5/1997,General Manager,Business Development,57206.28,10/4/2019,gdeeks4@domainmarket.com,430-473-9204,2 Fulton Trail,Lékoni,,,Gabon,Giselle Deeks,803-564-4906,sibling,5,9/5/2018
6,Borden,Barriball,Male,2/6/1985,Graphic Designer,Support,93533.95,8/7/2015,bbarriball5@tinyurl.com,703-927-6485,1 Fordem Way,Hecheng,,,China,Borden Barriball,902-368-1739,parent,6,6/27/2012
7,Cosette,Kitchen,Genderqueer,2/11/1991,Research Nurse,Business Development,107562.88,3/28/2018,ckitchen6@adobe.com,694-130-2847,5440 Orin Junction,Jihuluntu Sumu,,,China,Cosette Kitchen,141-686-9068,friend,7,4/6/2018
8,Marilee,Iacovino,Female,9/29/1977,General Manager,Marketing,66229.66,6/29/2017,miacovino7@goodreads.com,658-491-1902,9 Marquette Park,Ramadi,,,Iraq,Marilee Iacovino,515-517-2090,sibling,8,8/22/2010
9,Kristo,Langrick,Male,1/26/1999,Financial Analyst,Legal,96888.44,6/26/2013,klangrick8@oracle.com,500-730-1685,6094 Waxwing Pass,San Francisco,,,Bolivia,Kristo Langrick,330-542-5802,parent,9,11/29/2012
10,Pierce,Lockton,Male,10/4/1989,Executive Secretary,Legal,60772.16,8/30/2010,plockton9@friendfeed.com,160-998-3962,39 Randy Circle,Patpata Segundo,,3604,Philippines,Pierce Lockton,752-687-4508,spouse,10,7/24/2017
11,Odella,Ostick,Female,3/2/1989,Product Engineer,Accounting,73179.45,5/2/2021,oosticka@trellian.com,682-433-3214,0 Hudson Park,Shimen,,,China,Odella Ostick,975-843-4685,spouse,11,10/7/2011
12,Gaile,McVity,Non-binary,7/29/1995,Actuary,Legal,89262.5,8/17/2016,gmcvityb@baidu.com,623-230-8030,89505 Derek Point,Hatogaya-honchō,,336-0036,Japan,Gaile McVity,547-350-0800,friend,12,7/24/2012
13,Davida,Chasemore,Female,4/21/1963,Technical Writer,Support,54068.34,2/16/2021,dchasemorec@npr.org,105-809-7046,881 Crownhardt Alley,Amolatar,,,Uganda,Davida Chasemore,732-142-0022,friend,13,6/1/2013
14,Deanne,Jendrassik,Female,5/7/1988,Senior Developer,Research and Development,57105.48,10/22/2013,djendrassikd@google.ca,958-624-8857,98 Laurel Avenue,El Cafetal,,,Venezuela,Deanne Jendrassik,960-155-0923,parent,14,10/17/2020
15,Husein,Swedeland,Male,5/15/1961,Staff Accountant III,Training,126705.84,10/26/2016,hswedelande@irs.gov,736-695-9014,99789 Monica Trail,Ongi,,,Mongolia,Husein Swedeland,811-521-4883,parent,15,5/10/2020
16,Ambrosio,Bickford,Male,10/19/1992,Staff Scientist,Training,43294.28,5/22/2015,abickfordf@taobao.com,101-417-7226,40 Annamark Circle,Santiago,,8608,Philippines,Ambrosio Bickford,551-984-0699,sibling,16,5/11/2018
17,Eddy,Maxwell,Female,10/15/1988,Desktop Support Technician,Sales,51193.21,8/17/2014,emaxwellg@wikispaces.com,383-525-2209,621 Pawling Junction,Detusoko,,,Indonesia,Eddy Maxwell,732-892-7684,parent,17,3/28/2013
18,Sigismond,Burchard,Male,12/29/1983,Analog Circuit Design manager,Engineering,111551.34,9/6/2013,sburchardh@google.co.uk,410-294-5770,78318 Waywood Parkway,Hexing,,,China,Sigismond Burchard,448-184-2720,spouse,18,9/20/2013
19,Francene,Lorens,Female,2/15/1978,VP Accounting,Legal,74168.96,1/18/2010,florensi@photobucket.com,224-447-9251,54783 Cottonwood Terrace,Padangtikar,,,Indonesia,Francene Lorens,338-691-0566,spouse,19,12/10/2016
20,Ingra,Sciacovelli,Male,7/29/1968,Senior Financial Analyst,Sales,129712.73,6/18/2019,isciacovellij@usatoday.com,706-659-8288,06947 Garrison Hill,Ust’-Dzheguta,,369312,Russia,Ingra Sciacovelli,384-646-6033,spouse,20,9/15/2011
21,Stacy,Hoyles,Female,11/28/1995,Dental Hygienist,Research and Development,75038.85,4/22/2014,shoylesk@fastcompany.com,875-361-3276,0811 Mayfield Place,Itaqui,,97650-000,Brazil,Stacy Hoyles,365-348-5079,parent,21,3/15/2020
22,Wallas,Newham,Genderfluid,3/25/1998,Tax Accountant,Product Management,65518.02,7/11/2017,wnewhaml@tumblr.com,290-371-7068,8 Golf Avenue,Morohongō,,357-0211,Japan,Wallas Newham,192-928-6400,parent,22,9/12/2015
23,Graeme,Cobbing,Male,10/31/1968,Assistant Media Planner,Support,101171.86,9/26/2021,gcobbingm@apple.com,800-775-3141,6277 Arkansas Lane,Libertad,,9021,Philippines,Graeme Cobbing,920-477-5508,spouse,23,10/29/2020
24,Terrel,Mendes,Male,11/16/1977,Graphic Designer,Engineering,48281.33,3/31/2014,tmendesn@360.cn,565-286-2194,90924 Dayton Plaza,Fūman,,,Iran,Terrel Mendes,232-445-0051,sibling,24,4/26/2011
25,Larissa,Darnborough,Female,3/14/1989,Account Executive,Support,36959.63,11/28/2021,ldarnborougho@livejournal.com,879-858-9923,7 Westerfield Drive,Kadupayung,,,Indonesia,Larissa Darnborough,273-401-6923,parent,25,8/30/2017
26,Codi,Sadd,Male,6/24/1979,Geologist II,Research and Development,40461.11,4/17/2018,csaddp@loc.gov,186-671-3607,82 Armistice Point,Mutengene,,,Cameroon,Codi Sadd,109-416-2652,parent,26,3/10/2012
27,Albrecht,Kellogg,Male,11/1/1962,Staff Scientist,Support,99675.83,9/15/2011,akelloggq@qq.com,857-579-1332,7253 Glacier Hill Terrace,Växjö,Kronoberg,352 54,Sweden,Albrecht Kellogg,367-297-2652,spouse,27,11/2/2021
28,Ardeen,Callen,Female,3/13/1980,Health Coach I,Support,138572.16,1/2/2017,acallenr@amazon.com,102-288-6418,715 Messerschmidt Pass,Ōmamachō-ōmama,,379-2314,Japan,Ardeen Callen,340-118-1527,friend,28,6/19/2018
29,Patin,Turland,Male,4/30/1987,Registered Nurse,Product Management,112039.46,6/26/2021,pturlands@uiuc.edu,440-222-6649,5 International Place,Fundong,,,Cameroon,Patin Turland,325-616-1006,sibling,29,6/25/2017
30,Pat,Blenkin,Female,10/10/1982,Statistician I,Accounting,113577.6,10/15/2010,pblenkint@amazon.co.uk,347-301-8762,76 Hazelcrest Circle,Göteborg,Västra Götaland,418 03,Sweden,Pat Blenkin,172-820-4986,parent,30,7/31/2018
31,Pammie,Ciabatteri,Female,11/25/1975,Editor,Legal,145883.93,10/18/2020,pciabatteriu@sfgate.com,479-326-9042,0939 Sunbrook Lane,Asia,,,Peru,Pammie Ciabatteri,922-686-2432,friend,31,8/25/2011
32,Faina,Tomasek,Female,6/9/1983,Quality Control Specialist,Services,137459.0,9/15/2014,ftomasekv@nymag.com,729-766-0100,1 South Terrace,Vinhas,Porto,4575-062,Portugal,Faina Tomasek,520-678-1623,sibling,32,5/19/2017
33,Natty,Markos,Male,4/16/1963,Health Coach III,Engineering,46656.38,3/11/2020,nmarkosw@theatlantic.com,460-934-5294,821 Express Center,Novi Vinodolski,,51250,Croatia,Natty Markos,808-951-4748,friend,33,3/25/2015
34,Nickolaus,Wathey,Male,9/21/1962,Computer Systems Analyst II,Human Resources,73180.17,7/9/2010,nwatheyx@studiopress.com,746-865-9212,62969 Judy Lane,Benito Juarez,Nuevo Leon,66410,Mexico,Nickolaus Wathey,443-398-2843,parent,34,8/28/2014
35,Gwynne,Lemasney,Female,7/29/1980,Environmental Tech,Sales,120093.26,10/31/2014,glemasneyy@cnbc.com,477-772-1643,25 Esker Parkway,Cilangla,,,Indonesia,Gwynne Lemasney,224-454-8593,spouse,35,6/10/2017
36,Berny,Siemandl,Bigender,6/22/1963,Actuary,Accounting,104752.84,4/18/2018,bsiemandlz@buzzfeed.com,757-780-3470,0 Barby Trail,Songbai,,,China,Berny Siemandl,214-777-4646,sibling,36,9/20/2014
37,Moise,Louis,Bigender,5/19/1996,Quality Engineer,Training,41126.23,12/18/2011,mlouis10@xrea.com,373-835-6197,01591 Delladonna Avenue,Abuyog,,6510,Philippines,Moise Louis,312-846-5803,sibling,37,11/3/2016
38,Bernardo,Jerrold,Male,11/5/1983,Legal Assistant,Engineering,83945.69,1/20/2010,bjerrold11@yellowpages.com,117-353-2995,11244 Farmco Street,Minas de Marcona,,,Peru,Bernardo Jerrold,401-999-8399,sibling,38,2/20/2020
39,Egor,Suett,Male,7/24/1986,Analyst Programmer,Legal,52349.77,6/17/2015,esuett12@ucsd.edu,189-343-5782,32296 Troy Way,Yinhedahan’er,,,China,Egor Suett,398-485-1209,friend,39,9/26/2011
40,Far,Glencrosche,Male,7/13/1986,Administrative Officer,Business Development,144734.32,9/26/2018,fglencrosche13@goodreads.com,751-840-5675,34 Cody Center,Jiantiao,,,China,Far Glencrosche,368-513-4765,sibling,40,9/26/2016
41,Wyatan,Ewbanks,Male,6/2/1974,Nuclear Power Engineer,Services,48392.99,9/12/2020,wewbanks14@mashable.com,383-971-3112,51 Fairfield Way,Fenais da Luz,Ilha de São Miguel,9545-214,Portugal,Wyatan Ewbanks,992-108-5100,friend,41,6/15/2017
42,Tove,Peddel,Female,8/25/1988,Technical Writer,Sales,81857.86,2/12/2010,tpeddel15@fda.gov,526-604-9040,321 Muir Alley,Budapest,Budapest,1239,Hungary,Tove Peddel,960-131-4178,friend,42,9/24/2014
43,Pip,Pillington,Male,2/6/1992,VP Quality Control,Human Resources,83162.14,8/16/2018,ppillington16@shutterfly.com,556-601-8408,25 Victoria Park,Wawu,,,China,Pip Pillington,464-306-6931,parent,43,3/12/2013
44,Leeann,Kach,Female,4/23/1999,Structural Analysis Engineer,Support,105994.02,11/21/2019,lkach17@wikispaces.com,110-934-8980,400 Banding Lane,Cipeucang,,,Indonesia,Leeann Kach,475-871-7741,spouse,44,4/5/2013
45,Wilbur,Van der Mark,Male,10/14/1994,Tax Accountant,Human Resources,52163.25,8/15/2016,wvan18@google.co.jp,381-932-0055,3 Union Pass,Rafaela,,2300,Argentina,Wilbur Van der Mark,620-889-9648,sibling,45,12/12/2017
46,Malinda,Elms,Female,2/6/1989,Accounting Assistant IV,Human Resources,149927.87,9/25/2013,melms19@feedburner.com,330-239-8357,38625 Bultman Junction,Condado,,55940-000,Brazil,Malinda Elms,195-109-1967,parent,46,3/2/2011
47,Remington,Tresise,Male,12/17/1974,Help Desk Technician,Training,38478.4,10/30/2012,rtresise1a@virginia.edu,500-964-6248,3721 Annamark Parkway,Yancheng,,,China,Remington Tresise,438-928-0260,parent,47,11/11/2014
48,Shirley,Ludlamme,Female,10/11/1993,Engineer I,Legal,96565.57,10/19/2010,sludlamme1b@pagesperso-orange.fr,508-161-6584,21898 Bayside Trail,Riit,,,Indonesia,Shirley Ludlamme,281-871-4282,spouse,48,12/2/2012
49,Natassia,Burde,Female,12/4/1988,General Manager,Business Development,38721.14,12/23/2010,nburde1c@dell.com,618-831-4919,38 Fremont Center,Waturoka,,,Indonesia,Natassia Burde,363-996-0802,sibling,49,3/14/2011
50,Trent,Slowcock,Male,7/20/1961,Accounting Assistant III,Business Development,83158.62,2/25/2012,tslowcock1d@meetup.com,721-946-1124,77 2nd Avenue,Buenaventura,,764517,Colombia,Trent Slowcock,343-472-5181,sibling,50,6/7/2012
51,Barris,Lamberton,Male,10/14/1995,Account Coordinator,Product Management,99333.69,9/26/2021,blamberton1e@adobe.com,922-723-9492,58 Lakewood Gardens Junction,Kongtian,,,China,Barris Lamberton,492-411-7685,friend,51,7/6/2015
52,Nickie,Gennerich,Male,10/27/1966,Physical Therapy Assistant,Research and Development,45556.26,11/9/2016,ngennerich1f@amazon.de,186-243-0939,1 Schurz Park,Kyzyl-Kyya,,,Kyrgyzstan,Nickie Gennerich,285-540-2402,parent,52,7/8/2012
53,Ginnie,Delgado,Female,1/5/1994,Data Coordinator,Legal,33948.45,12/14/2016,gdelgado1g@csmonitor.com,185-651-5222,6630 Briar Crest Street,Heshi,,,China,Ginnie Delgado,967-912-1156,spouse,53,4/14/2015
54,Hartley,Hadlee,Male,2/25/1995,Senior Quality Engineer,Accounting,115782.06,4/19/2011,hhadlee1h@domainmarket.com,451-487-3997,58 Debra Junction,Antonina,,83370-000,Brazil,Hartley Hadlee,558-192-7083,parent,54,3/3/2014
55,Vitia,Horsburgh,Non-binary,7/8/1963,Software Test Engineer I,Research and Development,137990.05,6/4/2016,vhorsburgh1i@nbcnews.com,936-304-5240,91 Jenifer Court,Mungging,,,Indonesia,Vitia Horsburgh,294-586-4392,sibling,55,9/5/2018
56,Waylan,Cowlam,Male,9/28/1965,Desktop Support Technician,Human Resources,111079.42,1/17/2015,wcowlam1j@google.fr,450-467-5436,2 Stoughton Street,Odeleite,Faro,8950-355,Portugal,Waylan Cowlam,408-123-1483,sibling,56,3/2/2014
57,Allayne,Swannell,Male,5/21/1962,Administrative Officer,Research and Development,110875.15,2/7/2020,aswannell1k@sciencedaily.com,135-581-5089,09 Memorial Point,Kampunganyar,,,Indonesia,Allayne Swannell,830-143-1504,parent,57,5/6/2015
58,Si,Busst,Male,1/14/1998,Budget/Accounting Analyst II,Accounting,58431.73,5/25/2018,sbusst1l@dmoz.org,177-194-6116,21495 Huxley Trail,Lao Suea Kok,,41220,Thailand,Si Busst,164-489-3580,spouse,58,2/21/2013
59,Francesca,Dorken,Female,6/23/1993,Product Engineer,Product Management,138972.12,5/10/2016,fdorken1m@twitpic.com,391-690-4167,504 Shelley Court,Bedayu,,,Indonesia,Francesca Dorken,890-705-5684,sibling,59,5/8/2015
60,Ethyl,Pruckner,Female,7/17/1993,Business Systems Development Analyst,Research and Development,116878.03,7/25/2011,epruckner1n@sohu.com,340-686-3147,2866 Laurel Circle,Eindhoven,Provincie Noord-Brabant,5644,Netherlands,Ethyl Pruckner,794-426-8098,friend,60,4/18/2012
61,Prent,Yewman,Genderfluid,4/14/1962,Recruiting Manager,Human Resources,79992.93,9/14/2015,pyewman1o@themeforest.net,340-224-0305,2 Straubel Plaza,Stráž nad Nisou,,463 03,Czech Republic,Prent Yewman,808-224-7785,friend,61,2/1/2012
62,Louella,Hotchkin,Female,8/15/1966,Senior Cost Accountant,Legal,138231.23,1/30/2017,lhotchkin1p@reverbnation.com,934-289-9352,59 Esker Way,Wenfu,,,China,Louella Hotchkin,545-393-2402,spouse,62,2/28/2011
63,Kore,Priden,Female,10/29/1966,Programmer III,Support,129703.78,8/3/2016,kpriden1q@joomla.org,481-952-8110,11 Melrose Way,Sijiqing,,,China,Kore Priden,726-546-5779,friend,63,1/11/2014
64,Giselbert,Ipsley,Bigender,9/27/1966,Help Desk Operator,Support,123145.7,4/21/2020,gipsley1r@bigcartel.com,255-563-4088,2 Onsgard Terrace,Liqiao,,,China,Giselbert Ipsley,510-909-1684,sibling,64,6/2/2020
65,Juliana,Coult,Female,10/6/1998,Physical Therapy Assistant,Marketing,70451.95,3/1/2017,jcoult1s@github.io,289-900-7139,11 Express Point,'s-Hertogenbosch,Provincie Noord-Brabant,5214,Netherlands,Juliana Coult,240-976-7267,friend,65,6/18/2011
66,Aubine,Belderson,Genderfluid,9/11/1962,Food Chemist,Business Development,141290.57,8/31/2021,abelderson1t@independent.co.uk,573-955-9751,87 Kings Lane,Mabu,,,China,Aubine Belderson,377-500-5884,friend,66,4/21/2017
67,Orin,Ivashev,Male,4/28/1970,Geologist IV,Services,87742.52,5/5/2014,oivashev1u@geocities.jp,772-232-4371,970 Village Green Avenue,Liukou,,,China,Orin Ivashev,313-907-0892,friend,67,8/27/2021
68,Buddy,Ancell,Male,6/16/1988,Community Outreach Specialist,Research and Development,132243.43,3/4/2018,bancell1v@unesco.org,796-715-6323,4 Del Mar Hill,Thomassique,,,Haiti,Buddy Ancell,410-937-7080,parent,68,1/6/2014
69,Saleem,Farrear,Male,11/21/1969,Speech Pathologist,Legal,121825.03,4/1/2019,sfarrear1w@aboutads.info,494-746-1636,9 Canary Way,Hashaat,,,Mongolia,Saleem Farrear,588-785-2971,parent,69,3/21/2017
70,Desiree,Oloshin,Female,4/13/1982,Actuary,Human Resources,92471.63,1/1/2011,doloshin1x@wikia.com,851-943-8871,331 Sycamore Way,Wunat,,,Indonesia,Desiree Oloshin,488-503-6746,parent,70,1/25/2020
71,Hilton,Rosin,Male,4/16/1960,Media Manager I,Marketing,67561.38,8/10/2021,hrosin1y@macromedia.com,983-519-4321,19155 Valley Edge Parkway,Kazan,,421991,Russia,Hilton Rosin,792-728-1842,parent,71,3/3/2011
72,Syman,Rootes,Male,12/3/1988,Clinical Specialist,Research and Development,85850.71,4/8/2013,srootes1z@economist.com,786-739-5918,240 Bay Alley,Ximafang,,,China,Syman Rootes,504-591-7224,spouse,72,10/7/2012
73,Starlene,Chatenier,Female,7/8/1972,Recruiting Manager,Support,126110.32,1/8/2013,schatenier20@mapquest.com,175-636-9042,28855 Sunfield Street,Lanlacuni Bajo,,,Peru,Starlene Chatenier,623-638-6742,sibling,73,10/4/2016
74,Mel,Clarson,Male,7/26/1992,Media Manager III,Services,113705.21,7/5/2011,mclarson21@ed.gov,101-495-6110,3270 Warner Lane,Salaberry-de-Valleyfield,Québec,J3Y,Canada,Mel Clarson,205-677-6607,parent,74,7/14/2012
75,Patricia,Ferrieres,Female,9/23/1998,Systems Administrator II,Marketing,146171.81,1/29/2021,pferrieres22@cocolog-nifty.com,648-682-7000,1 Stuart Center,Sukamahi Satu,,,Indonesia,Patricia Ferrieres,258-862-9515,parent,75,9/5/2014
76,Kellie,Eagleston,Female,5/12/1967,Editor,Support,90153.77,9/28/2018,keagleston23@npr.org,406-846-5548,41 Little Fleur Street,Changning,,,China,Kellie Eagleston,450-394-6708,friend,76,7/20/2015
77,El,Truce,Male,7/31/1981,Biostatistician II,Training,115754.44,10/8/2020,etruce24@senate.gov,618-566-3462,19979 Redwing Terrace,Los Dos Caminos,,,Venezuela,El Truce,389-555-6795,sibling,77,10/23/2013
78,Winifred,Mallebone,Female,8/19/1977,Programmer II,Support,133643.33,4/17/2012,wmallebone25@technorati.com,926-896-7155,71988 Anthes Trail,Sölvesborg,Blekinge,294 37,Sweden,Winifred Mallebone,952-739-2592,parent,78,10/29/2021
79,Friederike,Angelo,Female,3/7/1993,Mechanical Systems Engineer,Business Development,91892.4,10/11/2014,fangelo26@webeden.co.uk,717-734-3236,3066 Dakota Drive,Agualva de Cima,Setúbal,2965-207,Portugal,Friederike Angelo,254-865-2396,parent,79,1/21/2014
80,Emlyn,Smallwood,Male,9/16/1969,Accountant I,Human Resources,106922.51,10/31/2015,esmallwood27@domainmarket.com,325-527-9477,88110 Lake View Park,Gorzów Wielkopolski,,66-418,Poland,Emlyn Smallwood,369-835-7326,parent,80,9/21/2018
81,Nerita,Wilce,Female,7/12/1964,Research Associate,Legal,126063.81,9/21/2014,nwilce28@buzzfeed.com,995-296-6695,535 Portage Road,Trondheim,Sor-Trondelag,7031,Norway,Nerita Wilce,341-165-4899,spouse,81,1/27/2017
82,Klement,Asbrey,Male,9/30/1994,Clinical Specialist,Human Resources,40964.19,1/13/2013,kasbrey29@homestead.com,815-951-9647,9 Sunfield Trail,Bayt Liqyā,,,Palestinian Territory,Klement Asbrey,626-965-4481,parent,82,11/19/2013
83,Nola,Geaveny,Female,12/17/1985,Health Coach IV,Accounting,112266.93,2/16/2012,ngeaveny2a@cnet.com,876-537-6204,9 Jana Hill,Al Qurḩ,,,Yemen,Nola Geaveny,917-663-7317,parent,83,7/30/2014
84,Gib,Apark,Male,4/4/1965,Analog Circuit Design manager,Services,70506.42,6/10/2021,gapark2b@icio.us,972-248-9166,3795 Reinke Alley,Shamboyacu,,,Peru,Gib Apark,934-593-0014,friend,84,3/22/2018
85,Dag,Jados,Male,7/2/1982,Information Systems Manager,Sales,104325.69,3/23/2010,djados2c@census.gov,889-282-2099,992 Milwaukee Alley,Khoroshëvo-Mnevniki,,676280,Russia,Dag Jados,568-865-3665,spouse,85,5/31/2012
86,Ermentrude,Annandale,Female,12/6/1989,Account Coordinator,Services,99309.18,10/1/2021,eannandale2d@domainmarket.com,212-259-0053,9697 Duke Hill,Heemstede,Provincie Noord-Holland,2104,Netherlands,Ermentrude Annandale,583-997-5077,friend,86,8/7/2012
87,Jayson,O'Heaney,Male,10/24/1962,Human Resources Manager,Product Management,67953.63,4/5/2013,joheaney2e@seattletimes.com,984-731-5554,18257 Pearson Circle,Caieiras,,07700-000,Brazil,Jayson O'Heaney,510-280-8107,sibling,87,5/28/2010
88,Jessee,Fahrenbach,Male,5/27/1961,Developer I,Services,109902.99,10/8/2021,jfahrenbach2f@theglobeandmail.com,601-398-9548,294 Gulseth Terrace,Adelaide,South Australia,5839,Australia,Jessee Fahrenbach,915-824-7277,spouse,88,2/10/2011
89,Blinni,Beacock,Female,2/19/1973,Environmental Tech,Product Management,71637.6,8/13/2015,bbeacock2g@a8.net,747-897-3931,823 Vera Point,Laval,Pays de la Loire,53022 CEDEX 9,France,Blinni Beacock,997-516-3161,sibling,89,2/4/2011
90,Roldan,Rubery,Male,3/9/1987,Human Resources Assistant I,Business Development,61145.79,9/2/2020,rrubery2h@columbia.edu,901-849-9958,1117 Melby Point,Memphis,Tennessee,38150,United States,Roldan Rubery,999-715-9779,parent,90,9/9/2017
91,Dunc,Deeley,Male,7/14/1984,Human Resources Manager,Legal,60784.89,10/19/2021,ddeeley2i@wisc.edu,428-204-8769,754 Vahlen Road,Besançon,Franche-Comté,25057 CEDEX,France,Dunc Deeley,450-917-6274,sibling,91,1/20/2016
92,Shayna,Hansard,Female,9/16/1975,Health Coach IV,Services,144045.15,10/31/2020,shansard2j@creativecommons.org,128-887-2240,8 Jenifer Hill,Iganga,,,Uganda,Shayna Hansard,432-406-1618,sibling,92,5/27/2017
93,Huberto,Aitcheson,Male,5/25/1977,Safety Technician I,Product Management,75576.22,7/17/2020,haitcheson2k@google.nl,471-868-5978,6 Transport Lane,Ayní,,,Tajikistan,Huberto Aitcheson,640-275-7120,friend,93,5/24/2014
94,Reggi,Woodrup,Female,8/13/1997,Cost Accountant,Training,61851.29,7/12/2016,rwoodrup2l@xinhuanet.com,818-326-7334,33138 Rutledge Trail,Yanfolila,,,Mali,Reggi Woodrup,823-187-7693,sibling,94,8/9/2021
95,Pat,Severns,Male,3/10/1988,GIS Technical Architect,Research and Development,105456.77,2/7/2018,pseverns2m@yahoo.co.jp,315-862-2593,33 Merry Crossing,Kabarnet,,,Kenya,Pat Severns,740-382-2913,spouse,95,1/7/2010
96,Agneta,Vyel,Female,3/22/1989,Media Manager I,Legal,68305.56,9/13/2011,avyel2n@seesaa.net,684-191-4645,256 Autumn Leaf Court,Adir,,,Jordan,Agneta Vyel,538-495-4323,parent,96,12/15/2021
97,Rowen,Crilly,Male,4/6/1977,Social Worker,Human Resources,77396.75,12/21/2015,rcrilly2o@twitter.com,801-456-8345,11179 Raven Parkway,Tarvasjoki,,21450,Finland,Rowen Crilly,928-718-1637,parent,97,7/4/2011
98,Carey,Askem,Female,1/22/1976,Recruiting Manager,Services,118301.37,11/2/2016,caskem2p@dell.com,889-323-8170,839 Sloan Point,Działoszyce,,28-440,Poland,Carey Askem,448-150-3235,parent,98,8/6/2016
99,Nikolia,Abbotson,Bigender,5/17/1966,VP Marketing,Services,95339.9,1/25/2010,nabbotson2q@plala.or.jp,306-665-2078,7 Mccormick Junction,Siay,,7006,Philippines,Nikolia Abbotson,474-126-9428,friend,99,1/21/2016
100,Georgy,Shimoni,Male,11/12/1969,Senior Cost Accountant,Sales,65747.74,4/3/2021,gshimoni2r@cafepress.com,288-225-2319,79 Elmside Way,Kintinku,,,Tanzania,Georgy Shimoni,447-844-0749,spouse,100,7/13/2011
101,Vivianna,Paddy,Female,10/19/1970,Accountant I,Services,105122.18,12/21/2020,vpaddy2s@google.de,564-592-1965,273 Farragut Parkway,San Bernardino,,10004,Guatemala,Vivianna Paddy,982-469-0701,friend,101,8/9/2021
102,Alfi,Dumbarton,Female,10/20/1992,Administrative Assistant II,Marketing,48379.04,4/2/2014,adumbarton2t@statcounter.com,946-566-5077,26538 Jenna Street,Mayahi,,,Niger,Alfi Dumbarton,646-713-0708,friend,102,12/7/2015
103,Toby,Piell,Male,12/16/1961,Chief Design Engineer,Human Resources,140434.62,11/19/2017,tpiell2u@ft.com,404-767-2942,525 Northview Lane,Lemahputih,,,Indonesia,Toby Piell,368-794-8524,friend,103,9/26/2011
104,Jenni,Cobb,Female,12/25/1970,Web Developer III,Engineering,30564.2,12/5/2012,jcobb2v@scribd.com,202-184-5277,0 Rowland Park,Washington,District of Columbia,20420,United States,Jenni Cobb,211-413-2116,spouse,104,6/12/2020
105,Brunhilda,Oliphard,Female,10/8/1989,Media Manager IV,Business Development,38152.92,1/23/2017,boliphard2w@about.com,794-439-5635,6 Memorial Road,Cimaung Kidul,,,Indonesia,Brunhilda Oliphard,437-211-2586,friend,105,7/17/2018
106,Ezequiel,Phizaclea,Male,4/19/1985,Human Resources Assistant III,Accounting,83438.84,3/5/2016,ephizaclea2x@creativecommons.org,453-507-7888,054 Hermina Crossing,Nacka,Stockholm,131 05,Sweden,Ezequiel Phizaclea,118-612-4722,spouse,106,9/12/2012
107,Barb,Foale,Female,8/7/1971,Staff Accountant IV,Accounting,93831.28,4/29/2016,bfoale2y@exblog.jp,895-405-0209,18984 Fallview Place,Dembī Dolo,,,Ethiopia,Barb Foale,767-331-1306,parent,107,10/8/2017
108,Veronike,Haresnape,Female,3/29/1964,Budget/Accounting Analyst I,Accounting,60899.69,8/14/2020,vharesnape2z@slideshare.net,747-603-8148,8395 Nobel Parkway,Resende,Viseu,4660-215,Portugal,Veronike Haresnape,513-884-7901,sibling,108,9/25/2013
109,Jannel,Carney,Female,1/26/1974,Accountant IV,Legal,126072.11,10/26/2016,jcarney30@about.me,529-537-8918,458 Debra Lane,Västra Frölunda,Västra Götaland,421 62,Sweden,Jannel Carney,345-414-2132,sibling,109,11/5/2010
110,Ira,Ditchett,Male,6/9/1961,Associate Professor,Legal,58523.22,5/24/2015,iditchett31@homestead.com,778-743-4033,96048 Rockefeller Crossing,Conchal,,13835-000,Brazil,Ira Ditchett,310-761-4799,parent,110,12/5/2021
111,Lowrance,Hiom,Male,2/6/1980,Nuclear Power Engineer,Support,49140.29,6/6/2018,lhiom32@istockphoto.com,706-510-9902,34 Memorial Drive,Cilangkap,,,Indonesia,Lowrance Hiom,542-560-8469,parent,111,5/29/2014
112,Lissi,Hickinbottom,Female,7/15/1975,Assistant Media Planner,Support,143016.68,9/10/2018,lhickinbottom33@mapquest.com,540-653-5547,5 Crownhardt Way,Roanoke,Virginia,24048,United States,Lissi Hickinbottom,818-229-0281,parent,112,11/6/2011
113,Emery,Ramard,Agender,8/6/1970,Junior Executive,Training,86224.52,2/22/2021,eramard34@newsvine.com,379-716-4095,428 Montana Avenue,Padova,Veneto,35141,Italy,Emery Ramard,100-547-6622,parent,113,5/14/2012
114,Ingrim,Claussen,Male,7/17/1987,Geologist III,Accounting,38925.12,6/24/2013,iclaussen35@ow.ly,133-802-7007,3 Service Plaza,Tupiza,,,Bolivia,Ingrim Claussen,628-960-2161,sibling,114,11/28/2010
115,Nappie,Volette,Male,8/14/1990,Budget/Accounting Analyst II,Legal,97023.49,2/17/2015,nvolette36@tripadvisor.com,612-412-3544,6430 New Castle Lane,Da’anshan,,,China,Nappie Volette,941-541-3782,spouse,115,9/22/2011
116,Granthem,Rhymes,Male,6/4/1983,Financial Analyst,Business Development,103117.37,10/5/2012,grhymes37@sciencedaily.com,919-692-2978,1 Paget Hill,Bigoudine,,,Morocco,Granthem Rhymes,550-777-7618,friend,116,4/22/2017
117,Edyth,Rodliff,Female,11/9/1998,Programmer I,Accounting,145265.43,10/11/2016,erodliff38@google.com.hk,528-383-9730,12 Warrior Drive,Kedatuan,,,Indonesia,Edyth Rodliff,491-590-3161,sibling,117,7/9/2017
118,Marleen,Clark,Female,8/6/1977,Systems Administrator III,Support,94242.44,2/4/2014,mclark39@symantec.com,332-864-6224,12759 Milwaukee Court,Mehrābpur,,79051,Pakistan,Marleen Clark,285-322-5302,sibling,118,10/20/2011
119,Wynne,Dorton,Female,5/15/1967,Nuclear Power Engineer,Engineering,89555.6,6/30/2019,wdorton3a@kickstarter.com,264-870-8723,9 Doe Crossing Circle,Santa Inês,,86660-000,Brazil,Wynne Dorton,324-403-8784,spouse,119,5/28/2019
120,Chip,Alwell,Male,2/26/1966,Cost Accountant,Legal,59075.37,4/14/2016,calwell3b@wordpress.com,794-972-3867,1808 Old Gate Circle,Dongyu,,,China,Chip Alwell,375-108-6063,parent,120,6/9/2011
121,Alejandra,Sudell,Female,2/17/1981,Research Nurse,Support,109436.83,8/2/2011,asudell3c@reverbnation.com,544-697-8977,12780 Menomonie Road,Nanxing,,,China,Alejandra Sudell,681-420-2385,parent,121,12/12/2013
122,Winnie,Welsh,Female,2/7/1995,Internal Auditor,Services,95296.44,7/10/2015,wwelsh3d@foxnews.com,616-122-5638,9 Chinook Plaza,Beiqiao,,,China,Winnie Welsh,625-349-0460,parent,122,8/1/2019
123,Reyna,Webb-Bowen,Female,1/25/1982,Cost Accountant,Services,116674.84,11/3/2015,rwebbbowen3e@foxnews.com,932-698-5820,76 Independence Place,Eger,Heves,3304,Hungary,Reyna Webb-Bowen,873-594-9369,sibling,123,9/26/2020
124,Nonna,Small,Female,1/10/1992,Structural Engineer,Legal,134527.64,10/29/2012,nsmall3f@weibo.com,336-890-8444,79075 Fisk Plaza,Nevers,Bourgogne,58028 CEDEX,France,Nonna Small,590-940-2669,spouse,124,8/22/2015
125,Sidnee,Wyeth,Male,11/8/1970,Director of Sales,Business Development,106733.21,4/7/2017,swyeth3g@patch.com,457-125-5611,39 Schlimgen Junction,Mariestad,Västra Götaland,542 87,Sweden,Sidnee Wyeth,534-691-6995,sibling,125,8/27/2010
126,Keefe,Altofts,Male,5/17/1962,General Manager,Support,75117.92,3/7/2010,kaltofts3h@comsenz.com,494-631-5503,0680 Carpenter Trail,Örebro,Örebro,703 54,Sweden,Keefe Altofts,932-106-2078,friend,126,10/30/2010
127,Chuck,Roddie,Male,3/2/1983,Accounting Assistant II,Engineering,131737.34,12/28/2017,croddie3i@cloudflare.com,942-339-7044,8 Summerview Plaza,Surulangun Rawas,,,Indonesia,Chuck Roddie,277-128-7333,parent,127,2/23/2015
128,Kerrill,Trowle,Female,9/6/1962,Desktop Support Technician,Human Resources,49609.99,4/24/2018,ktrowle3j@earthlink.net,788-620-3537,30106 Dixon Way,Fukuma,,811-3522,Japan,Kerrill Trowle,845-455-4556,friend,128,6/14/2014
129,Dalli,Girling,Male,7/24/1970,Analyst Programmer,Accounting,122797.62,12/14/2013,dgirling3k@house.gov,808-711-4867,0 Toban Lane,Djibouti,,,Djibouti,Dalli Girling,622-337-4327,parent,129,9/30/2021
130,Imojean,Tohill,Female,8/8/1998,Nuclear Power Engineer,Business Development,132332.79,10/5/2019,itohill3l@state.gov,465-526-1380,5523 Dovetail Plaza,Macabugos,,1283,Philippines,Imojean Tohill,397-259-0441,spouse,130,6/27/2013
131,Amby,Impett,Male,10/5/1988,Professor,Human Resources,90919.08,9/21/2019,aimpett3m@google.it,563-422-2663,6 Grover Circle,Novomoskovsk,,301767,Russia,Amby Impett,610-689-6973,friend,131,12/28/2020
132,Philly,Phare,Female,10/29/1994,Staff Scientist,Services,52322.63,2/18/2010,pphare3n@aol.com,818-148-9704,90 Colorado Crossing,Bukedea,,,Uganda,Philly Phare,240-228-2709,parent,132,11/5/2018
133,Charmian,Segeswoeth,Female,3/12/1996,VP Marketing,Engineering,40585.93,5/15/2016,csegeswoeth3o@goo.ne.jp,579-952-8758,112 Marquette Parkway,Mikhnëvo,,142843,Russia,Charmian Segeswoeth,728-821-7136,friend,133,6/15/2011
134,Timmy,Kunath,Male,4/23/1989,Assistant Manager,Human Resources,104809.68,5/29/2011,tkunath3p@ezinearticles.com,716-491-4332,6 Talmadge Circle,Citambal,,,Indonesia,Timmy Kunath,883-683-1783,parent,134,12/18/2020
135,Juieta,Peacher,Female,11/5/1961,Editor,Support,30106.22,4/6/2017,jpeacher3q@businesswire.com,842-608-1828,0 Fisk Road,Sennoy,,412975,Russia,Juieta Peacher,687-975-5740,spouse,135,8/1/2015
136,Efrem,Chevins,Male,10/28/1992,Electrical Engineer,Product Management,107442.92,4/1/2020,echevins3r@cbsnews.com,305-610-9518,861 Mcbride Junction,Lecherías,,,Venezuela,Efrem Chevins,141-545-4180,sibling,136,6/3/2020
137,Flory,Dallyn,Female,8/10/1987,Software Test Engineer I,Engineering,107958.77,9/16/2010,fdallyn3s@nationalgeographic.com,514-259-3768,89588 Monument Street,Rayevskaya,,353983,Russia,Flory Dallyn,908-777-5146,parent,137,7/2/2017
138,Gardiner,Edinburgh,Male,10/5/1965,Research Associate,Training,62525.27,6/17/2017,gedinburgh3t@deviantart.com,278-820-9507,3799 Nelson Avenue,Dolní Kounice,,664 64,Czech Republic,Gardiner Edinburgh,291-368-9632,friend,138,9/15/2016
139,Rubie,Kalb,Female,4/30/1982,VP Accounting,Legal,125901.79,1/10/2013,rkalb3u@upenn.edu,653-415-4448,1 Lighthouse Bay Court,Vilarelho,Viana do Castelo,4910-597,Portugal,Rubie Kalb,674-832-9332,friend,139,12/11/2017
140,Livia,Priddle,Female,5/25/1992,Payment Adjustment Coordinator,Marketing,107002.44,10/24/2010,lpriddle3v@jiathis.com,866-769-0343,19 Saint Paul Street,Sassandra,,,Ivory Coast,Livia Priddle,934-479-5865,spouse,140,6/15/2018
141,Roxanne,Starmore,Female,9/19/1965,Account Executive,Product Management,37025.98,9/4/2011,rstarmore3w@wix.com,766-176-6077,65 Melody Plaza,Jixing,,,China,Roxanne Starmore,668-652-4079,spouse,141,12/4/2012
142,Mildrid,Morden,Female,10/16/1967,Programmer IV,Product Management,133056.65,2/20/2015,mmorden3x@yahoo.co.jp,742-772-3170,45 Riverside Place,Tanahwangko,,,Indonesia,Mildrid Morden,711-974-4629,spouse,142,11/3/2011
143,Wade,Domingues,Male,7/3/1975,Librarian,Business Development,137021.25,8/24/2016,wdomingues3y@g.co,950-789-3923,623 Crowley Way,Lamont,Alberta,N2E,Canada,Wade Domingues,943-681-2426,parent,143,11/12/2020
144,Thane,Leathwood,Male,3/21/1972,Web Designer IV,Training,97229.41,4/16/2018,tleathwood3z@fema.gov,671-112-9350,22 Pawling Circle,Senador Canedo,,75250-000,Brazil,Thane Leathwood,719-864-7128,parent,144,12/12/2011
145,Devondra,Ledram,Female,6/13/1976,Junior Executive,Research and Development,128328.34,6/21/2016,dledram40@fda.gov,233-353-7251,84899 Harbort Alley,Kharlu,,186806,Russia,Devondra Ledram,153-838-7422,spouse,145,4/30/2017
146,Berkeley,Girauld,Male,8/6/1974,Cost Accountant,Engineering,50763.2,4/17/2020,bgirauld41@walmart.com,995-425-5408,5380 Kensington Way,Podgornaya,,357815,Russia,Berkeley Girauld,483-648-5562,parent,146,1/19/2015
147,Brade,Whittlesey,Male,2/15/1972,Analyst Programmer,Research and Development,48272.18,6/8/2012,bwhittlesey42@ftc.gov,310-776-2475,00172 Truax Trail,Santa Monica,California,90410,United States,Brade Whittlesey,855-798-1366,spouse,147,3/25/2017
148,Gabe,Prosh,Male,6/25/1964,Financial Analyst,Legal,84276.93,1/1/2021,gprosh43@delicious.com,804-533-2840,46806 Laurel Crossing,Gio Linh,,,Vietnam,Gabe Prosh,700-756-2697,friend,148,9/20/2014
149,Carlo,Dominguez,Male,7/18/1974,Executive Secretary,Accounting,91913.89,10/19/2011,cdominguez44@youku.com,139-726-8293,7392 Northridge Parkway,Guanyinge,,,China,Carlo Dominguez,815-569-4202,parent,149,2/11/2016
150,Gates,Mabb,Female,10/13/1970,Administrative Officer,Research and Development,35702.17,6/2/2012,gmabb45@boston.com,387-890-8007,50 Amoth Circle,Dan Khun Thot,,30210,Thailand,Gates Mabb,592-168-1216,friend,150,10/2/2020
151,Audre,McRinn,Female,12/10/1979,Programmer Analyst IV,Support,65799.44,1/28/2020,amcrinn46@amazonaws.com,301-752-1349,9990 West Road,Kochevo,,619320,Russia,Audre McRinn,772-800-8693,spouse,151,5/7/2020
152,Nonna,Patriskson,Female,6/11/1989,Technical Writer,Research and Development,76405.77,1/24/2010,npatriskson47@npr.org,280-840-9410,1001 Tennyson Pass,Trubchevsk,,242251,Russia,Nonna Patriskson,397-712-4771,spouse,152,8/9/2018
153,Corette,Regnard,Female,2/20/1986,Nuclear Power Engineer,Marketing,42512.81,2/5/2012,cregnard48@cisco.com,238-909-0271,747 Kings Crossing,Wewoloe,,,Indonesia,Corette Regnard,325-388-7788,spouse,153,5/15/2012
154,Chere,Dohmann,Female,1/23/1975,Account Executive,Product Management,63017.6,2/11/2017,cdohmann49@geocities.com,322-984-4419,39 Spaight Crossing,Tenja,,31207,Croatia,Chere Dohmann,602-971-0463,sibling,154,7/18/2020
155,Helge,McLanaghan,Female,4/23/1980,Nuclear Power Engineer,Services,145392.24,3/30/2013,hmclanaghan4a@japanpost.jp,657-329-4016,4303 Bellgrove Hill,As Sālimīyah,,,Kuwait,Helge McLanaghan,872-466-7523,sibling,155,11/13/2021
156,Karisa,Stanlick,Female,5/15/1967,Recruiter,Business Development,116242.66,9/26/2021,kstanlick4b@umn.edu,269-206-1292,11506 Duke Point,Nong Bun Nak,,42130,Thailand,Karisa Stanlick,605-333-2928,friend,156,11/28/2018
157,Jessica,Ayers,Female,8/29/1986,Assistant Professor,Research and Development,33761.03,11/8/2016,jayers4c@github.io,619-748-8792,8400 Westerfield Crossing,San Diego,California,92165,United States,Jessica Ayers,860-210-7968,parent,157,5/31/2011
158,Shelli,Heckney,Female,2/20/1995,Research Nurse,Services,123356.37,1/10/2014,sheckney4d@europa.eu,420-940-7100,72288 Meadow Valley Trail,Phak Hai,,31000,Thailand,Shelli Heckney,718-277-3376,sibling,158,11/11/2011
159,Kristi,Castille,Female,12/20/1960,Clinical Specialist,Accounting,137918.6,8/8/2019,kcastille4e@bandcamp.com,383-190-3427,7 Gina Alley,Ndano,,,Indonesia,Kristi Castille,429-383-8550,friend,159,8/22/2014
160,Hale,Rizziello,Male,7/25/1970,Assistant Professor,Sales,84466.21,3/18/2015,hrizziello4f@amazonaws.com,399-833-5131,2 Upham Pass,Alqueidão,Santarém,2000-452,Portugal,Hale Rizziello,756-987-1030,friend,160,11/14/2018
161,Devora,Flitcroft,Female,4/19/1975,Occupational Therapist,Services,93613.86,8/25/2013,dflitcroft4g@goo.gl,396-162-5050,73762 Badeau Junction,Catanauan,,4311,Philippines,Devora Flitcroft,246-689-1427,spouse,161,9/14/2021
162,Marcus,Loughan,Male,7/4/1973,Marketing Manager,Engineering,147846.95,2/28/2019,mloughan4h@noaa.gov,297-515-3513,31 Meadow Valley Hill,Kanash,,429337,Russia,Marcus Loughan,168-911-9114,sibling,162,2/3/2015
163,Huntington,Crookshanks,Male,10/31/1973,Office Assistant III,Sales,65603.77,7/25/2019,hcrookshanks4i@angelfire.com,707-126-0108,1 Gulseth Parkway,Palmitas,,,Uruguay,Huntington Crookshanks,237-944-3778,sibling,163,10/19/2020
164,Shalne,But,Female,6/4/1960,Nurse,Engineering,61995.13,12/24/2010,sbut4j@census.gov,361-297-8101,3 Maple Wood Trail,Massawa,,,Eritrea,Shalne But,968-251-8593,friend,164,12/5/2021
165,Lorenzo,Perigo,Agender,2/3/1971,Administrative Officer,Research and Development,109856.91,5/26/2012,lperigo4k@dell.com,629-311-0584,2240 Basil Circle,Pszczew,,66-330,Poland,Lorenzo Perigo,364-285-7128,spouse,165,7/13/2014
166,Abby,Booij,Female,3/12/1978,Associate Professor,Accounting,81049.93,2/19/2016,abooij4l@opera.com,592-875-5164,71 Alpine Road,Xujia,,,China,Abby Booij,843-626-7916,sibling,166,11/10/2016
167,Rhodia,Crimes,Female,8/27/1986,Biostatistician I,Services,74861.74,1/18/2019,rcrimes4m@blogtalkradio.com,970-170-4036,05 Fairfield Alley,Bogdaniec,,66-450,Poland,Rhodia Crimes,829-409-0255,parent,167,11/13/2019
168,Chrystel,McGragh,Female,11/11/1989,Registered Nurse,Legal,139977.47,9/14/2021,cmcgragh4n@pcworld.com,212-311-7137,23108 Bellgrove Parkway,Brooklyn,New York,11254,United States,Chrystel McGragh,607-449-6486,friend,168,9/19/2012
169,Ara,Simononsky,Male,6/26/1981,Compensation Analyst,Product Management,111636.25,11/15/2012,asimononsky4o@huffingtonpost.com,400-546-8154,1 Monument Place,Air Bangis,,,Indonesia,Ara Simononsky,635-582-2101,friend,169,4/17/2019
170,Fonz,Dunbleton,Male,2/24/1991,Chemical Engineer,Engineering,117783.2,3/8/2016,fdunbleton4p@sina.com.cn,324-797-5094,1821 Old Shore Parkway,Pervomays’ke,,,Ukraine,Fonz Dunbleton,303-709-5965,sibling,170,4/2/2015
171,Olivier,Filppetti,Male,8/25/1973,Assistant Professor,Product Management,55785.63,1/23/2011,ofilppetti4q@home.pl,419-199-0888,0630 Comanche Road,Santa Eulalia,,,Peru,Olivier Filppetti,863-959-1328,spouse,171,9/9/2020
172,Rodrique,Staig,Male,11/3/1998,Accounting Assistant II,Product Management,65946.57,8/30/2016,rstaig4r@simplemachines.org,140-872-1609,318 Moland Way,Nong Bua Daeng,,36210,Thailand,Rodrique Staig,828-731-8992,parent,172,7/30/2014
173,Leesa,Franck,Female,2/5/1974,Mechanical Systems Engineer,Product Management,142086.62,3/2/2011,lfranck4s@delicious.com,916-933-9549,4 Donald Junction,Włoszakowice,,64-140,Poland,Leesa Franck,754-201-1720,parent,173,12/26/2019
174,Brennen,Lawland,Male,9/21/1998,Teacher,Marketing,149669.34,7/10/2017,blawland4t@photobucket.com,586-863-0373,6918 Rusk Court,Vigo,Galicia,36205,Spain,Brennen Lawland,891-360-0252,sibling,174,12/31/2021
175,Vickie,Goor,Female,12/1/1962,Senior Developer,Accounting,88037.0,5/15/2020,vgoor4u@booking.com,479-480-2197,0331 Corben Center,Muli,,,China,Vickie Goor,229-267-7561,spouse,175,4/15/2014
176,Caralie,Hacking,Female,11/18/1988,Physical Therapy Assistant,Training,48440.85,8/31/2021,chacking4v@imageshack.us,211-900-2855,085 Express Pass,Mondoteko,,,Indonesia,Caralie Hacking,669-577-4686,sibling,176,1/9/2014
177,Merry,MacCartan,Male,1/4/1977,Marketing Manager,Sales,105277.77,5/27/2013,mmaccartan4w@ebay.co.uk,899-957-1227,01879 Vera Circle,Qinghua,,,China,Merry MacCartan,390-138-4505,sibling,177,12/21/2016
178,Emma,Radbourne,Female,7/15/1981,Compensation Analyst,Training,126715.9,3/9/2011,eradbourne4x@about.me,294-229-1884,07190 Northfield Crossing,Mohelnice,,789 85,Czech Republic,Emma Radbourne,818-327-3493,parent,178,7/17/2011
179,Marya,Aim,Female,5/8/1978,Assistant Media Planner,Product Management,33245.49,6/6/2019,maim4y@telegraph.co.uk,990-792-5434,88 Warrior Hill,Montfort-sur-Meu,Bretagne,35164 CEDEX,France,Marya Aim,378-647-4136,spouse,179,7/12/2013
180,Philomena,Critzen,Female,4/9/1982,Quality Engineer,Legal,52546.53,5/12/2021,pcritzen4z@1688.com,608-487-5741,8 West Park,Madison,Wisconsin,53716,United States,Philomena Critzen,362-703-2154,parent,180,3/8/2020
181,Edi,Kneath,Female,11/9/1990,Administrative Officer,Services,47856.8,7/2/2014,ekneath50@wordpress.com,375-130-8238,38545 Nevada Trail,Maharagama,,10280,Sri Lanka,Edi Kneath,689-226-0607,parent,181,6/14/2015
182,Abdel,Kennham,Male,11/25/1982,Research Associate,Training,32371.04,1/25/2020,akennham51@topsy.com,866-864-9503,224 Towne Place,Mondoteko,,,Indonesia,Abdel Kennham,521-124-0363,sibling,182,5/30/2017
183,Trenton,Peacocke,Male,10/8/1996,Help Desk Operator,Legal,100281.86,9/1/2014,tpeacocke52@mac.com,514-710-0286,8957 Fuller Plaza,Brits,,0277,South Africa,Trenton Peacocke,229-321-3567,parent,183,12/29/2018
184,Hilary,Bittlestone,Female,8/10/1973,Marketing Manager,Engineering,51689.9,8/13/2014,hbittlestone53@nytimes.com,141-472-9186,456 Anthes Plaza,Yukuhashi,,824-0233,Japan,Hilary Bittlestone,939-292-6244,spouse,184,5/20/2019
185,Tadd,Bassett,Male,10/5/1976,Librarian,Product Management,97392.74,8/9/2018,tbassett54@usa.gov,543-259-9808,6639 Larry Place,San Antonio,,,Honduras,Tadd Bassett,940-130-8241,spouse,185,2/29/2012
186,Dew,Nizard,Male,12/23/1972,Dental Hygienist,Business Development,57368.82,8/1/2013,dnizard55@redcross.org,944-975-8928,334 Fordem Point,Lukou,,,China,Dew Nizard,948-101-9773,parent,186,5/13/2018
187,Hestia,Levins,Female,8/16/1975,Web Designer I,Sales,124951.28,4/2/2012,hlevins56@amazon.com,497-111-0048,6 Bay Street,Eskilstuna,Södermanland,631 02,Sweden,Hestia Levins,275-920-9258,sibling,187,8/16/2012
188,Liv,Tissell,Agender,10/19/1993,Research Nurse,Sales,83898.3,10/10/2013,ltissell57@mapquest.com,713-123-1013,3569 Old Shore Terrace,Sayaxché,,12008,Guatemala,Liv Tissell,694-702-2468,parent,188,8/17/2017
189,Bebe,Dowyer,Female,4/4/1969,Administrative Assistant IV,Training,63496.63,9/29/2019,bdowyer58@unc.edu,835-613-9399,909 Pepper Wood Street,Saint-Rémi,Québec,K1G,Canada,Bebe Dowyer,611-711-4992,sibling,189,9/8/2018
190,Natal,Maykin,Male,5/13/1980,General Manager,Marketing,88795.17,7/20/2013,nmaykin59@wiley.com,686-385-6354,93434 Nobel Point,Vikbolandet,Östergötland,610 25,Sweden,Natal Maykin,496-464-3876,spouse,190,11/18/2020
191,Lainey,Swansborough,Female,5/31/1982,Clinical Specialist,Sales,53715.91,4/15/2021,lswansborough5a@wsj.com,504-818-0590,7 Memorial Pass,Šentjur,,3230,Slovenia,Lainey Swansborough,321-543-4242,friend,191,11/9/2012
192,Maurizio,Dulanty,Male,10/22/1990,Assistant Professor,Legal,112232.25,8/30/2017,mdulanty5b@4shared.com,331-375-0644,719 Johnson Alley,Banyupoh,,,Indonesia,Maurizio Dulanty,445-665-0885,spouse,192,6/11/2010
193,Melisent,Gobbet,Genderqueer,10/6/1989,Structural Analysis Engineer,Support,47716.78,3/1/2016,mgobbet5c@house.gov,930-576-1595,77 Grayhawk Drive,Kępno,,63-600,Poland,Melisent Gobbet,438-670-0094,friend,193,6/3/2016
194,Sherye,Ahren,Female,11/8/1977,Quality Engineer,Research and Development,85931.24,8/4/2011,sahren5d@360.cn,103-871-0123,1 Acker Court,Yatunpu,,,China,Sherye Ahren,603-703-0723,sibling,194,7/25/2015
195,Elisabetta,Sibary,Female,3/7/1997,Systems Administrator III,Research and Development,144923.34,7/23/2011,esibary5e@jimdo.com,982-646-6666,52 Gerald Street,Gastoúni,,,Greece,Elisabetta Sibary,124-849-6186,spouse,195,2/21/2019
196,Storm,Lamey,Female,6/19/1977,Safety Technician II,Business Development,125019.9,7/22/2012,slamey5f@webnode.com,223-287-7671,4402 Gerald Court,Xiapu,,,China,Storm Lamey,417-959-8895,spouse,196,10/11/2014
197,Abe,Estevez,Genderqueer,10/22/1968,Information Systems Manager,Research and Development,69635.7,12/30/2021,aestevez5g@google.com,190-827-5990,92 Dovetail Way,Yamen,,,China,Abe Estevez,658-222-6587,friend,197,11/20/2016
198,Rhett,Tyrie,Male,6/7/1993,Human Resources Assistant III,Legal,100766.71,8/20/2013,rtyrie5h@whitehouse.gov,942-949-5562,98 Petterle Place,Independencia,Mexico,56617,Mexico,Rhett Tyrie,861-500-9404,friend,198,4/4/2010
199,Alford,Winny,Male,2/6/1996,Data Coordinator,Engineering,122385.25,7/27/2015,awinny5i@bloomberg.com,193-267-1314,447 Evergreen Place,Kanginan,,,Indonesia,Alford Winny,762-426-2384,parent,199,9/13/2019
200,Tomlin,Padilla,Male,10/12/1998,Assistant Media Planner,Marketing,112478.13,7/1/2014,tpadilla5j@twitpic.com,380-335-8378,1 Lotheville Way,Road Town,,,British Virgin Islands,Tomlin Padilla,789-283-0404,sibling,200,8/27/2017
201,Yasmin,Foyle,Female,5/8/1990,Community Outreach Specialist,Accounting,57226.94,5/21/2021,yfoyle5k@cloudflare.com,724-463-3039,343 Victoria Pass,Challans,Pays de la Loire,85304 CEDEX,France,Yasmin Foyle,836-839-8566,spouse,201,8/24/2016
202,Christoph,Inggall,Male,7/14/1990,Director of Sales,Business Development,128438.54,6/18/2012,cinggall5l@mashable.com,702-550-4624,0 Southridge Terrace,Santa Barbara,,5002,Philippines,Christoph Inggall,380-284-9389,friend,202,3/8/2011
203,Berne,Matthewson,Non-binary,5/30/1974,Account Coordinator,Legal,36420.55,6/17/2010,bmatthewson5m@nps.gov,184-740-7213,471 East Drive,Honglai,,,China,Berne Matthewson,438-967-2436,sibling,203,4/12/2019
204,Tobe,Smallcombe,Genderfluid,8/8/1996,Senior Developer,Services,101794.05,6/26/2013,tsmallcombe5n@meetup.com,590-843-3812,389 Lien Terrace,Windsor,Ontario,J1S,Canada,Tobe Smallcombe,415-871-8660,friend,204,1/10/2016
205,Brittne,McFadin,Female,11/5/1988,Payment Adjustment Coordinator,Sales,43027.99,8/24/2015,bmcfadin5o@cam.ac.uk,764-860-3095,818 Scott Avenue,Jinjiang,,,China,Brittne McFadin,821-823-4913,sibling,205,8/23/2015
206,Cletis,Presser,Male,1/1/1972,Environmental Tech,Engineering,54032.61,12/2/2011,cpresser5p@icq.com,247-603-9661,166 Vernon Crossing,Yaozhuang,,,China,Cletis Presser,348-367-1959,parent,206,2/26/2013
207,Dougy,Drewet,Male,11/9/1965,Accountant IV,Accounting,129181.65,5/5/2010,ddrewet5q@acquirethisname.com,300-299-5636,3165 Gateway Circle,Ankazoabo,,,Madagascar,Dougy Drewet,333-472-6195,parent,207,11/30/2020
208,Nefen,Iwanowski,Male,7/4/1961,Civil Engineer,Legal,109768.64,10/19/2016,niwanowski5r@4shared.com,598-459-3240,07296 South Pass,Lyon,Rhône-Alpes,69902 CEDEX 20,France,Nefen Iwanowski,285-147-3758,sibling,208,11/7/2013
209,Lana,Francois,Female,6/27/1964,Account Executive,Sales,103249.63,1/13/2011,lfrancois5s@comsenz.com,984-309-9647,08 John Wall Pass,Khromtau,,,Kazakhstan,Lana Francois,654-310-1909,sibling,209,10/6/2013
210,Kassie,Wasiela,Female,10/23/1998,Environmental Tech,Legal,67806.87,4/13/2013,kwasiela5t@booking.com,194-848-5084,96847 4th Trail,Yaojiaji,,,China,Kassie Wasiela,843-253-4161,spouse,210,4/23/2013
211,Eada,Wellsman,Female,5/30/1992,Analog Circuit Design manager,Accounting,61169.13,8/1/2013,ewellsman5u@yahoo.co.jp,597-880-1860,6 Green Road,Mont-Saint-Hilaire,Québec,J3H,Canada,Eada Wellsman,209-792-7525,spouse,211,1/4/2012
212,Elora,Kuhlen,Female,2/4/1980,Automation Specialist IV,Business Development,30776.45,11/28/2011,ekuhlen5v@symantec.com,140-800-9899,646 Killdeer Parkway,Sohag,,,Egypt,Elora Kuhlen,590-840-5769,spouse,212,3/18/2018
213,Feodora,Sellens,Agender,9/14/1993,Senior Sales Associate,Human Resources,53593.22,7/5/2018,fsellens5w@scientificamerican.com,882-243-3717,9 Thompson Parkway,Tianmuhu,,,China,Feodora Sellens,885-830-3605,spouse,213,9/11/2017
214,Tyson,Ruoss,Male,10/21/1993,Assistant Media Planner,Legal,109962.17,10/27/2021,truoss5x@sitemeter.com,882-637-5314,05654 Manufacturers Avenue,Hougang,,,China,Tyson Ruoss,132-208-1243,sibling,214,6/9/2011
215,Cecilla,Ferres,Female,8/8/1960,Actuary,Human Resources,49430.75,11/9/2018,cferres5y@google.it,764-526-8072,12965 Arizona Plaza,Twardawa,,47-340,Poland,Cecilla Ferres,652-837-2529,friend,215,1/6/2013
216,Evangelina,Arnason,Female,4/4/1973,Electrical Engineer,Legal,135835.67,12/20/2017,earnason5z@usatoday.com,203-313-0346,1588 Fair Oaks Road,Casal da Serra,Lisboa,2560-057,Portugal,Evangelina Arnason,104-731-7925,friend,216,1/26/2013
217,Heidie,Goodson,Female,2/5/1974,Administrative Assistant IV,Support,147129.17,2/13/2019,hgoodson60@nbcnews.com,645-411-0614,5716 Oriole Place,Shibirghān,,,Afghanistan,Heidie Goodson,312-564-3115,friend,217,1/25/2017
218,Natalina,Sijmons,Female,10/11/1995,Administrative Assistant III,Services,54302.91,6/29/2016,nsijmons61@a8.net,552-588-7509,09899 Manley Park,Wolbrom,,32-340,Poland,Natalina Sijmons,981-948-0767,parent,218,5/2/2014
219,Leonid,Werendell,Male,12/24/1980,VP Product Management,Engineering,95081.93,6/5/2014,lwerendell62@sohu.com,665-813-4223,1585 Westerfield Hill,Armanāz,,,Syria,Leonid Werendell,599-493-3476,parent,219,3/15/2012
220,Christian,Ajsik,Male,1/18/1996,Computer Systems Analyst I,Services,131917.24,3/7/2013,cajsik63@rakuten.co.jp,557-498-9084,2333 Grim Terrace,Gaoliang,,,China,Christian Ajsik,922-597-7345,parent,220,8/21/2011
221,Guinevere,Schwant,Female,1/10/1983,Web Developer IV,Marketing,145622.96,1/3/2018,gschwant64@wp.com,294-987-8740,6 Lillian Court,Páchni,,,Greece,Guinevere Schwant,539-766-8478,spouse,221,2/15/2019
222,Griswold,Seville,Male,1/25/1999,Geological Engineer,Business Development,118906.87,11/26/2016,gseville65@tripod.com,852-654-8274,22 Lotheville Terrace,Regimin,,06-461,Poland,Griswold Seville,239-141-1479,sibling,222,12/10/2020
223,Carce,Bushell,Male,6/27/1999,Technical Writer,Accounting,125128.63,11/6/2021,cbushell66@skype.com,926-181-1167,6 Cody Alley,Panguruan,,,Indonesia,Carce Bushell,944-893-0791,sibling,223,5/17/2019
224,Abbe,Tunnock,Genderfluid,4/18/1962,Social Worker,Training,145552.53,10/14/2012,atunnock67@godaddy.com,797-729-1125,8054 Weeping Birch Road,Hägersten,Stockholm,126 41,Sweden,Abbe Tunnock,512-195-8910,parent,224,11/24/2019
225,Annmaria,Iglesias,Female,11/26/1994,Software Engineer III,Human Resources,145325.48,11/17/2010,aiglesias68@google.de,402-660-9702,866 Lakewood Circle,Verkhn’odniprovs’k,,,Ukraine,Annmaria Iglesias,680-343-3404,friend,225,3/18/2021
226,Petronilla,Stoffers,Female,6/23/1975,Financial Advisor,Training,140841.08,11/19/2015,pstoffers69@time.com,593-206-4560,2090 Melrose Street,Tiantang,,,China,Petronilla Stoffers,264-972-3503,sibling,226,4/20/2013
227,Mechelle,Barlas,Female,6/13/1965,Recruiter,Sales,109304.35,7/18/2011,mbarlas6a@vimeo.com,577-935-1640,33 Karstens Point,North Saanich,British Columbia,K6A,Canada,Mechelle Barlas,228-347-8651,spouse,227,7/21/2020
228,Ennis,Byng,Male,12/27/1967,Health Coach IV,Research and Development,30546.69,5/2/2018,ebyng6b@sfgate.com,481-743-9639,5 Lindbergh Pass,Berëzovskiy,,662514,Russia,Ennis Byng,666-718-3757,sibling,228,9/14/2021
229,Aidan,Kee,Genderqueer,8/4/1998,Software Test Engineer II,Product Management,64013.75,8/27/2011,akee6c@xing.com,635-637-8846,03159 Forster Hill,Biscoitos,Ilha Terceira,9760-055,Portugal,Aidan Kee,928-392-6274,spouse,229,2/18/2014
230,Vally,Emer,Female,4/20/1992,Human Resources Manager,Product Management,108260.09,5/11/2012,vemer6d@addthis.com,654-501-2292,1 Portage Street,Uchiza,,,Peru,Vally Emer,572-506-1040,spouse,230,9/4/2016
231,Dominik,Edie,Male,12/27/1981,Graphic Designer,Research and Development,117561.33,11/4/2012,dedie6e@nba.com,619-412-0908,6501 Dorton Circle,Shuguang,,,China,Dominik Edie,389-962-0770,sibling,231,1/11/2017
232,Giuditta,Pardal,Female,10/9/1971,VP Product Management,Support,141240.1,4/11/2013,gpardal6f@cbslocal.com,332-509-5759,28231 Roth Center,Wonokromo,,,Indonesia,Giuditta Pardal,786-559-9759,friend,232,7/18/2019
233,Massimo,Tomsen,Male,9/18/1977,Information Systems Manager,Support,80847.82,2/16/2010,mtomsen6g@gmpg.org,325-740-2903,88 Bayside Way,Cansolungon,,7008,Philippines,Massimo Tomsen,876-739-4516,spouse,233,8/26/2012
234,Jakie,Duberry,Polygender,2/20/1967,Project Manager,Human Resources,38757.74,6/4/2015,jduberry6h@t.co,363-614-7919,05 Anzinger Hill,Andramasina,,,Madagascar,Jakie Duberry,660-244-1124,parent,234,7/4/2017
235,Camila,Heape,Female,3/15/1994,Research Associate,Product Management,88056.5,1/21/2017,cheape6i@goo.ne.jp,840-546-6899,4026 Erie Center,Nicola Town,,,Saint Kitts and Nevis,Camila Heape,201-959-6936,friend,235,7/24/2011
236,Alec,Leynagh,Polygender,6/30/1968,Engineer I,Business Development,120618.83,12/26/2013,aleynagh6j@ibm.com,406-312-1690,21 Gulseth Court,Mjölby,Östergötland,595 94,Sweden,Alec Leynagh,152-891-1231,parent,236,5/9/2020
237,Talbert,O'Malley,Male,10/21/1992,Executive Secretary,Marketing,79080.87,8/27/2012,tomalley6k@redcross.org,130-662-5014,1879 Redwing Crossing,Sabnie,,08-331,Poland,Talbert O'Malley,974-992-3726,spouse,237,3/15/2013
238,Patrizius,Hache,Male,1/31/1998,Technical Writer,Marketing,85283.26,10/27/2020,phache6l@bing.com,569-324-5536,305 Reindahl Center,Huzhuang,,,China,Patrizius Hache,513-985-7442,parent,238,11/16/2016
239,Daniel,Pooke,Male,2/12/1985,Food Chemist,Marketing,124934.28,1/23/2016,dpooke6m@weather.com,865-115-3305,7313 Rigney Plaza,El Tejocote,Mexico,50625,Mexico,Daniel Pooke,481-980-4607,sibling,239,2/8/2011
240,Karoly,Turpie,Male,12/16/1990,Administrative Officer,Support,70551.97,1/22/2011,kturpie6n@princeton.edu,597-587-6891,4465 Morrow Point,Al Jubayhah,,,Jordan,Karoly Turpie,105-288-4140,spouse,240,8/6/2020
241,Arne,Yakunin,Male,1/20/1998,Cost Accountant,Services,55657.5,5/23/2011,ayakunin6o@berkeley.edu,203-633-6672,09 Carberry Place,Bailang,,,China,Arne Yakunin,658-565-3755,friend,241,5/18/2019
242,Fancy,Rentoul,Female,12/30/1976,Research Associate,Human Resources,97272.09,4/1/2017,frentoul6p@so-net.ne.jp,812-575-4440,32 Holmberg Place,Wanquan,,,China,Fancy Rentoul,546-356-2623,spouse,242,12/4/2020
243,Maggee,Aronsohn,Female,1/31/1970,Human Resources Assistant I,Support,68470.83,12/9/2015,maronsohn6q@amazonaws.com,460-257-6154,1438 Armistice Circle,Dagohoy,,6322,Philippines,Maggee Aronsohn,151-469-5075,spouse,243,8/11/2016
244,Gerladina,Carey,Genderqueer,6/13/1970,Food Chemist,Services,57097.51,11/1/2020,gcarey6r@twitpic.com,891-109-4584,6189 Sunnyside Road,Havlíčkův Brod,,580 01,Czech Republic,Gerladina Carey,667-444-1589,sibling,244,1/10/2013
245,Merill,Todman,Male,1/22/1985,Civil Engineer,Support,144168.71,10/5/2010,mtodman6s@cnet.com,497-229-4717,98530 Melody Street,Kijang,,,South Korea,Merill Todman,622-475-3341,sibling,245,9/8/2019
246,Francois,Di Ruggiero,Male,10/20/1988,Web Developer I,Business Development,141260.98,9/3/2011,fdi6t@tiny.cc,189-717-0010,6518 Golden Leaf Avenue,Dongfu,,,China,Francois Di Ruggiero,145-547-5913,sibling,246,2/15/2010
247,Yehudit,Lippiello,Male,7/6/1998,Financial Analyst,Product Management,81882.43,6/15/2020,ylippiello6u@smh.com.au,960-158-0887,6 Burning Wood Alley,Welkom,,9488,South Africa,Yehudit Lippiello,582-892-0674,friend,247,10/15/2014
248,Olav,McIlveen,Male,12/10/1960,VP Product Management,Engineering,52001.22,10/20/2020,omcilveen6v@issuu.com,450-922-4359,520 Kensington Hill,Jardín América,,3332,Argentina,Olav McIlveen,321-780-5050,spouse,248,5/26/2017
249,Shem,Dayton,Male,2/13/1990,Desktop Support Technician,Product Management,106496.58,2/19/2013,sdayton6w@jalbum.net,150-525-1631,40181 Dottie Trail,Qingminghe,,,China,Shem Dayton,830-912-2338,parent,249,6/2/2021
250,Lock,Bedinn,Male,10/26/1968,Registered Nurse,Marketing,96042.94,12/9/2015,lbedinn6x@twitter.com,196-873-6690,82964 Forster Drive,Haarlem,Provincie Noord-Holland,2004,Netherlands,Lock Bedinn,689-115-8238,parent,250,4/11/2015
251,Marna,Ondra,Female,7/4/1970,Speech Pathologist,Engineering,103323.08,1/29/2018,mondra6y@e-recht24.de,384-524-6032,4 Melrose Drive,Weishan,,,China,Marna Ondra,947-147-8273,spouse,251,11/28/2011
252,Barney,Junkin,Male,6/18/1990,Engineer I,Human Resources,129009.92,11/26/2010,bjunkin6z@webs.com,309-709-7334,43450 3rd Way,Infonavit,San Luis Potosi,79960,Mexico,Barney Junkin,206-593-4974,spouse,252,9/26/2014
253,Maggee,Tabary,Female,12/10/1982,Electrical Engineer,Human Resources,144552.22,1/16/2014,mtabary70@cbc.ca,171-623-7377,1679 Vera Alley,Manolo Fortich,,8703,Philippines,Maggee Tabary,931-713-7088,sibling,253,5/10/2013
254,Emalia,Vasquez,Female,7/20/1985,Paralegal,Training,53887.62,2/1/2018,evasquez71@accuweather.com,323-354-2870,1000 Fallview Circle,Al Khawkhah,,,Yemen,Emalia Vasquez,431-124-0703,sibling,254,7/21/2015
255,Ursola,Fibbitts,Female,8/18/1969,Administrative Assistant III,Services,65893.13,11/30/2017,ufibbitts72@dailymail.co.uk,115-136-4062,11785 Jay Avenue,Mangaran,,,Indonesia,Ursola Fibbitts,589-368-5890,friend,255,11/22/2019
256,Hanson,Seckom,Male,9/8/1981,Dental Hygienist,Accounting,112592.01,8/14/2017,hseckom73@mashable.com,321-281-4022,3860 Michigan Plaza,Nueva Helvecia,,,Uruguay,Hanson Seckom,875-459-8803,friend,256,1/16/2019
257,Ariadne,Gadie,Female,1/19/1981,Nurse,Human Resources,39847.59,7/30/2014,agadie74@kickstarter.com,743-390-2633,79 Warbler Circle,Xiawuqi,,,China,Ariadne Gadie,967-118-9376,spouse,257,7/13/2018
258,Steffen,Woolf,Male,7/20/1965,Senior Cost Accountant,Human Resources,128184.16,3/14/2020,swoolf75@jigsy.com,754-352-9719,7 Lake View Alley,Tongli,,,China,Steffen Woolf,954-735-8099,parent,258,3/6/2013
259,Les,Drysdall,Male,3/24/1974,Media Manager II,Legal,31772.25,4/25/2019,ldrysdall76@addthis.com,585-757-1726,27691 Reinke Circle,Rochester,New York,14609,United States,Les Drysdall,452-271-3739,friend,259,4/29/2017
260,Augustina,Stratten,Female,10/18/1961,Pharmacist,Engineering,45816.12,2/24/2016,astratten77@godaddy.com,909-631-8675,8 Glendale Lane,Ciyun,,,China,Augustina Stratten,179-768-8861,friend,260,5/14/2018
261,Delainey,Castrillo,Male,7/12/1988,Assistant Manager,Research and Development,88479.6,10/14/2018,dcastrillo78@google.de,826-253-3213,12 Heath Alley,Shima,,,China,Delainey Castrillo,902-192-9063,friend,261,7/21/2016
262,Dulsea,Cogdell,Female,9/2/1978,Nuclear Power Engineer,Engineering,142461.88,7/5/2021,dcogdell79@livejournal.com,270-512-5298,35336 Sutteridge Parkway,Huatanshan,,,China,Dulsea Cogdell,262-971-2036,parent,262,3/29/2015
263,Albertine,Votier,Female,6/28/1965,VP Sales,Marketing,39887.33,7/25/2021,avotier7a@businessweek.com,107-232-3780,8860 Kensington Place,Parang,,,Indonesia,Albertine Votier,836-755-9949,sibling,263,2/21/2011
264,Towny,Nowland,Male,6/22/1976,Help Desk Technician,Research and Development,72073.63,12/7/2018,tnowland7b@acquirethisname.com,454-749-4838,6 Rowland Circle,Fushun,,,China,Towny Nowland,843-836-0900,friend,264,9/16/2011
265,Keeley,Gutcher,Female,1/28/1999,Information Systems Manager,Marketing,77718.39,7/11/2020,kgutcher7c@illinois.edu,290-226-8929,102 Monica Junction,Haarlem,Provincie Noord-Holland,2014,Netherlands,Keeley Gutcher,117-215-1574,parent,265,4/9/2018
266,Ivan,Willows,Male,7/15/1972,Developer IV,Business Development,100505.12,6/2/2013,iwillows7d@multiply.com,810-453-5057,4 Haas Center,Muramvya,,,Burundi,Ivan Willows,850-289-8039,sibling,266,11/5/2021
267,Kelly,Ort,Male,6/26/1980,Teacher,Legal,97370.51,7/6/2017,kort7e@google.co.jp,199-281-7177,72 Twin Pines Way,Merapit,,,Indonesia,Kelly Ort,456-739-3660,parent,267,9/11/2019
268,Tobi,Bothams,Female,12/27/1968,Sales Associate,Support,133302.35,9/24/2020,tbothams7f@wix.com,892-299-2642,87 Calypso Terrace,Tlogocilik,,,Indonesia,Tobi Bothams,445-726-2945,parent,268,4/7/2011
269,Karlen,Swindells,Female,10/29/1996,Dental Hygienist,Accounting,92127.91,2/1/2014,kswindells7g@wikispaces.com,485-619-4557,7548 Schurz Street,Cimanggu Wetan,,,Indonesia,Karlen Swindells,139-464-4041,parent,269,5/29/2019
270,Cacilie,Runnalls,Female,9/6/1968,VP Accounting,Sales,113168.88,7/30/2017,crunnalls7h@imdb.com,521-799-5016,3 Gateway Parkway,Parang,,9604,Philippines,Cacilie Runnalls,491-546-5056,parent,270,9/2/2016
271,Julieta,Kahen,Female,6/2/1994,Senior Sales Associate,Support,124413.24,12/27/2018,jkahen7i@blinklist.com,316-110-1297,88687 Maple Wood Road,Longxing,,,China,Julieta Kahen,529-727-1484,parent,271,8/7/2015
272,Ches,Valadez,Male,7/20/1963,Software Engineer IV,Human Resources,148322.7,5/29/2013,cvaladez7j@nydailynews.com,901-892-1231,70327 8th Alley,Côte-Saint-Luc,Québec,H7V,Canada,Ches Valadez,533-716-8061,spouse,272,8/23/2016
273,Jacquette,Ghion,Female,1/23/1977,Human Resources Assistant IV,Research and Development,106243.67,3/30/2019,jghion7k@npr.org,504-490-4449,33 Rowland Avenue,Bonao,,10412,Dominican Republic,Jacquette Ghion,293-863-9802,spouse,273,3/7/2013
274,Had,Readshall,Male,4/18/1990,Budget/Accounting Analyst III,Marketing,82401.02,10/12/2011,hreadshall7l@seesaa.net,386-309-0196,07947 Pleasure Lane,Nossa Senhora do Socorro,,49160-000,Brazil,Had Readshall,587-664-9419,parent,274,11/17/2018
275,Kelwin,Holdren,Polygender,10/10/1981,Structural Analysis Engineer,Accounting,45027.79,1/6/2020,kholdren7m@drupal.org,341-306-6062,0 Namekagon Plaza,Saint-Félicien,Québec,G8K,Canada,Kelwin Holdren,143-637-5975,sibling,275,4/16/2019
276,Ingaborg,Hubner,Female,3/23/1971,Accountant III,Services,125772.93,3/13/2015,ihubner7n@elegantthemes.com,994-778-0999,676 Gateway Point,Gujun,,,China,Ingaborg Hubner,416-268-3831,sibling,276,10/12/2019
277,Elbert,Tolchard,Male,12/10/1978,VP Quality Control,Research and Development,93731.62,2/17/2018,etolchard7o@wired.com,577-304-3278,347 Kingsford Way,Bernardo Larroudé,,6220,Argentina,Elbert Tolchard,670-253-9352,spouse,277,11/24/2012
278,Keelby,Hamblett,Male,7/11/1964,Payment Adjustment Coordinator,Engineering,73154.06,11/13/2018,khamblett7p@livejournal.com,231-306-9376,3742 Clemons Terrace,Sexmoan,,2005,Philippines,Keelby Hamblett,609-124-3699,spouse,278,6/16/2015
279,Lyle,Badam,Male,4/2/1988,Staff Scientist,Marketing,51619.54,11/1/2014,lbadam7q@washingtonpost.com,347-786-2370,766 Caliangt Parkway,Badou,,,Togo,Lyle Badam,169-677-5261,parent,279,11/21/2016
280,Valry,Gallichan,Female,12/24/1964,Assistant Manager,Training,73582.99,3/26/2017,vgallichan7r@de.vu,935-148-5867,75411 Nevada Pass,Itacurubí del Rosario,,,Paraguay,Valry Gallichan,774-815-7451,spouse,280,7/9/2011
281,Frannie,Reedie,Male,12/16/1975,Engineer II,Sales,101639.35,4/18/2017,freedie7s@sciencedaily.com,170-331-8214,85 Golf Pass,Kliteh,,,Indonesia,Frannie Reedie,255-289-6729,friend,281,7/25/2015
282,Fabian,Lisle,Male,9/12/1970,Developer IV,Training,72401.76,12/30/2021,flisle7t@comcast.net,696-960-5924,40227 Spaight Trail,Shuinan,,,China,Fabian Lisle,859-571-0914,sibling,282,1/12/2018
283,Brandyn,Sennett,Male,2/22/1962,Mechanical Systems Engineer,Research and Development,122227.32,1/15/2011,bsennett7u@about.com,225-785-9668,38112 Dawn Hill,Port-à-Piment,,,Haiti,Brandyn Sennett,937-387-9765,sibling,283,10/6/2011
284,Mallory,Stainton,Male,5/22/1980,VP Quality Control,Research and Development,48217.5,8/11/2015,mstainton7v@google.com.br,650-885-2307,0 Spaight Pass,Benoni,,1527,South Africa,Mallory Stainton,444-688-4364,sibling,284,12/27/2019
285,Saw,Romaines,Male,4/24/1991,Programmer Analyst II,Business Development,85638.08,1/15/2013,sromaines7w@comcast.net,164-851-9846,7 Merry Park,Araguaína,,77800-000,Brazil,Saw Romaines,743-877-8733,parent,285,6/5/2011
286,Kerrie,Philippet,Female,12/15/1960,Senior Quality Engineer,Product Management,87141.36,4/28/2018,kphilippet7x@behance.net,320-754-7996,8 Pawling Avenue,Coayllo,,,Peru,Kerrie Philippet,389-707-5277,friend,286,1/1/2018
287,Jacqueline,McCoughan,Non-binary,6/6/1985,Research Associate,Research and Development,54739.26,3/20/2010,jmccoughan7y@stanford.edu,520-938-3659,625 Farmco Way,Karangpapak,,,Indonesia,Jacqueline McCoughan,751-283-2468,spouse,287,9/15/2012
288,Dugald,Sibbit,Male,11/11/1983,Cost Accountant,Sales,48874.27,5/26/2018,dsibbit7z@rediff.com,359-267-1897,62 Fulton Court,Coquitlam,British Columbia,V3B,Canada,Dugald Sibbit,387-164-2787,spouse,288,6/30/2010
289,Kaycee,Mingo,Female,2/17/1978,Senior Cost Accountant,Product Management,140186.73,9/27/2015,kmingo80@wikipedia.org,447-520-8780,4720 Loeprich Plaza,Štěnovice,,332 09,Czech Republic,Kaycee Mingo,710-550-8760,parent,289,7/19/2015
290,Kally,Swigg,Female,4/1/1960,Analog Circuit Design manager,Marketing,58004.85,4/17/2011,kswigg81@miibeian.gov.cn,693-606-2524,6717 Thierer Park,Stockholm,Stockholm,164 83,Sweden,Kally Swigg,527-717-3698,sibling,290,4/24/2021
291,Berton,Strutton,Male,2/3/1968,Environmental Tech,Engineering,109866.59,6/21/2012,bstrutton82@va.gov,521-562-8076,691 Lighthouse Bay Alley,Albi,Midi-Pyrénées,81017 CEDEX 9,France,Berton Strutton,839-563-7819,friend,291,2/8/2020
292,Joaquin,Oiseau,Male,1/4/1971,Analog Circuit Design manager,Services,72705.46,4/25/2019,joiseau83@cnbc.com,911-980-3701,057 Logan Drive,Oslo,Oslo,0113,Norway,Joaquin Oiseau,119-690-3299,spouse,292,3/13/2010
293,Travus,Buyers,Male,9/1/1976,Dental Hygienist,Product Management,84584.82,8/18/2010,tbuyers84@utexas.edu,158-955-4780,427 Butterfield Parkway,Castellon De La Plana/Castello De La Pla,Comunidad Valenciana,12005,Spain,Travus Buyers,259-799-8361,sibling,293,11/3/2018
294,William,Gethin,Polygender,9/30/1993,Accounting Assistant III,Marketing,73675.53,10/1/2017,wgethin85@mail.ru,524-871-1730,2651 Hanover Point,Zhili,,,China,William Gethin,734-800-6611,friend,294,7/13/2010
295,Sholom,Race,Male,3/27/1968,Systems Administrator III,Product Management,71495.55,1/10/2014,srace86@acquirethisname.com,908-688-9547,1893 Cordelia Point,Ilihan,,1745,Philippines,Sholom Race,765-934-7984,parent,295,7/28/2015
296,Holmes,Dunwoody,Male,1/7/1962,Registered Nurse,Legal,73191.21,5/25/2019,hdunwoody87@dailymail.co.uk,739-907-8166,74360 Carpenter Place,Bakunase,,,Indonesia,Holmes Dunwoody,683-501-7135,sibling,296,6/23/2020
297,Warren,Meecher,Male,5/29/1990,Desktop Support Technician,Legal,55327.61,6/23/2018,wmeecher88@vinaora.com,747-579-1478,16 Anderson Street,Abejorral,,055038,Colombia,Warren Meecher,266-914-4432,parent,297,4/18/2015
298,Nicol,Casini,Female,5/30/1997,Editor,Legal,42234.94,8/29/2019,ncasini89@goo.gl,527-634-8302,3685 Bartelt Road,Iida,,990-2332,Japan,Nicol Casini,987-305-1122,sibling,298,10/26/2011
299,Pebrook,Grinsted,Male,4/19/1985,Assistant Manager,Support,103792.37,8/20/2012,pgrinsted8a@yale.edu,299-489-5430,9 Larry Terrace,Obo,,,Central African Republic,Pebrook Grinsted,729-379-3126,friend,299,10/31/2013
300,Darleen,Cecere,Female,3/19/1973,Account Executive,Business Development,48570.47,12/6/2012,dcecere8b@omniture.com,957-998-1734,645 Sunnyside Avenue,Kostryzhivka,,,Ukraine,Darleen Cecere,775-223-6248,parent,300,7/29/2012
301,Clem,Popplestone,Male,2/24/1986,Internal Auditor,Marketing,92712.62,9/27/2011,cpopplestone8c@chronoengine.com,485-131-0575,97033 Bunker Hill Street,San Pedro,,4500,Argentina,Clem Popplestone,644-806-6958,parent,301,12/17/2021
302,Bryna,Hubble,Female,11/11/1988,Systems Administrator IV,Support,102082.63,9/9/2013,bhubble8d@si.edu,775-325-0529,117 Gerald Circle,Xinglong,,,China,Bryna Hubble,235-788-5632,friend,302,2/19/2017
303,Rhea,Amorine,Non-binary,2/19/1991,Database Administrator IV,Support,138805.62,11/18/2018,ramorine8e@latimes.com,234-904-3343,5139 Towne Terrace,Yotsukaidō,,298-0025,Japan,Rhea Amorine,999-470-0858,parent,303,4/18/2012
304,Cyndi,Ninnotti,Female,8/20/1988,Engineer II,Accounting,139562.87,9/9/2015,cninnotti8f@so-net.ne.jp,197-962-3751,856 Golf View Place,Aga,,3505,Philippines,Cyndi Ninnotti,637-133-1644,spouse,304,8/23/2012
305,Nelly,Skeat,Female,10/26/1986,Budget/Accounting Analyst I,Legal,142535.18,11/2/2017,nskeat8g@dropbox.com,364-924-2657,8 Merchant Terrace,Smederevo,,,Serbia,Nelly Skeat,639-163-1589,parent,305,2/28/2011
306,Julee,Songist,Genderqueer,1/5/1968,Nurse Practicioner,Sales,38333.4,6/19/2020,jsongist8h@about.me,666-447-9971,871 Roxbury Road,Tangxia,,,China,Julee Songist,670-416-9669,spouse,306,1/23/2017
307,Pattie,Freeman,Female,6/7/1973,Electrical Engineer,Marketing,48325.46,6/24/2010,pfreeman8i@ucoz.com,382-948-6928,0142 Dixon Trail,Amargosa,,45300-000,Brazil,Pattie Freeman,614-361-4489,sibling,307,10/21/2013
308,Thurston,Westoff,Male,8/21/1966,Internal Auditor,Business Development,61222.52,10/1/2014,twestoff8j@sitemeter.com,345-315-4341,51664 Grover Trail,Jataí,,75800-000,Brazil,Thurston Westoff,425-358-0799,friend,308,2/24/2012
309,Claribel,Bunworth,Female,12/5/1968,Quality Control Specialist,Research and Development,70059.85,10/22/2016,cbunworth8k@nature.com,424-330-4263,7400 2nd Crossing,Szemud,,84-217,Poland,Claribel Bunworth,635-207-0833,parent,309,10/2/2016
310,Beitris,Wild,Non-binary,11/27/1994,Senior Sales Associate,Human Resources,126132.64,2/5/2021,bwild8l@ucoz.com,407-738-9849,5 Lindbergh Place,Hilversum,Provincie Noord-Holland,1209,Netherlands,Beitris Wild,688-169-2118,spouse,310,7/20/2016
311,Knox,Bawdon,Male,5/22/1992,Budget/Accounting Analyst III,Engineering,123946.46,11/18/2021,kbawdon8m@macromedia.com,682-796-7723,48951 Graedel Street,Calanogas,,9319,Philippines,Knox Bawdon,585-190-8174,parent,311,1/29/2011
312,Tallulah,Placido,Female,3/4/1992,Mechanical Systems Engineer,Product Management,100803.84,1/13/2020,tplacido8n@europa.eu,943-160-3755,4 Ridgeview Street,Ostrowite,,87-522,Poland,Tallulah Placido,420-410-3806,spouse,312,10/28/2012
313,Welch,Iredell,Genderfluid,8/10/1999,Budget/Accounting Analyst II,Training,135028.05,9/10/2015,wiredell8o@stumbleupon.com,886-344-8664,66 Del Mar Junction,Famaillá,,4132,Argentina,Welch Iredell,936-668-0230,sibling,313,5/21/2020
314,Durant,Vinsen,Male,1/9/1985,Social Worker,Legal,74786.94,10/30/2020,dvinsen8p@engadget.com,586-864-2477,06661 Fordem Parkway,Dongpu,,,China,Durant Vinsen,402-646-3208,parent,314,11/25/2019
315,Frank,Prate,Male,2/22/1977,Quality Engineer,Research and Development,105677.63,1/11/2010,fprate8q@seesaa.net,365-351-4198,26137 Elka Junction,Hancheng,,,China,Frank Prate,696-633-1878,friend,315,6/6/2013
316,Rosalind,Tapping,Female,9/5/1965,Biostatistician II,Accounting,50847.69,12/12/2013,rtapping8r@zimbio.com,402-463-4656,360 Cody Avenue,Dukuh Kaler,,,Indonesia,Rosalind Tapping,367-764-1492,sibling,316,1/22/2015
317,Cymbre,O'Lagen,Female,8/3/1983,Media Manager IV,Engineering,30950.04,6/17/2010,colagen8s@yelp.com,922-531-1321,9631 Memorial Place,Zhuxi,,,China,Cymbre O'Lagen,699-653-3399,parent,317,1/5/2019
318,Amalea,Mibourne,Female,10/4/1963,Food Chemist,Services,107617.25,5/2/2018,amibourne8t@dagondesign.com,191-884-2537,4065 Kedzie Point,Khulm,,,Afghanistan,Amalea Mibourne,441-436-1795,friend,318,3/15/2020
319,Vita,Fordham,Female,11/9/1987,Paralegal,Marketing,31920.11,12/3/2012,vfordham8u@wiley.com,769-786-3986,2047 Dexter Circle,Vrede,,9850,South Africa,Vita Fordham,217-977-8644,friend,319,3/27/2014
320,Cindy,Wallhead,Female,2/3/1996,Professor,Services,132141.82,2/22/2012,cwallhead8v@ebay.co.uk,993-878-8701,795 Artisan Hill,Seremban,Negeri Sembilan,70572,Malaysia,Cindy Wallhead,414-907-4816,parent,320,8/10/2014
321,Adlai,Brigdale,Male,5/15/1976,Librarian,Research and Development,84973.81,7/27/2021,abrigdale8w@icq.com,129-681-0715,48419 Mandrake Crossing,Piskivka,,,Ukraine,Adlai Brigdale,516-630-3018,friend,321,11/15/2019
322,Frayda,Jeakins,Female,12/18/1983,Editor,Human Resources,61800.32,12/9/2012,fjeakins8x@hao123.com,954-408-4137,7502 Florence Crossing,Üydzen,,,Mongolia,Frayda Jeakins,563-578-4172,parent,322,3/6/2017
323,Vyky,Getten,Non-binary,7/27/1997,Librarian,Support,92877.46,4/24/2015,vgetten8y@nba.com,508-366-3635,59509 Mccormick Avenue,Bangil,,,Indonesia,Vyky Getten,614-267-4105,friend,323,5/26/2016
324,Thea,Boyce,Female,7/12/1982,Information Systems Manager,Product Management,134437.33,3/1/2015,tboyce8z@kickstarter.com,471-262-0937,18 Superior Terrace,Ballyhaunis,,F35,Ireland,Thea Boyce,251-568-6212,spouse,324,5/3/2018
325,Kenton,Adame,Male,9/17/1984,Developer III,Support,140747.24,12/4/2012,kadame90@imdb.com,262-937-2538,69244 Glacier Hill Circle,Seremban,Negeri Sembilan,71770,Malaysia,Kenton Adame,691-181-4588,spouse,325,2/17/2012
326,Laurene,Yezafovich,Non-binary,9/27/1975,Assistant Media Planner,Legal,116481.62,11/29/2011,lyezafovich91@virginia.edu,348-281-9989,5 Troy Avenue,Kamimaruko,,386-0404,Japan,Laurene Yezafovich,789-814-1772,parent,326,10/13/2013
327,Gray,Parmeter,Male,7/18/1985,Librarian,Research and Development,61848.19,12/7/2011,gparmeter92@hud.gov,481-229-2402,44841 Prentice Hill,Datian,,,China,Gray Parmeter,740-691-4475,friend,327,11/22/2013
328,Jaimie,Screwton,Male,4/18/1985,Engineer IV,Legal,101422.0,11/13/2011,jscrewton93@last.fm,981-344-2200,54051 Basil Place,Sukarame,,,Indonesia,Jaimie Screwton,803-281-8268,sibling,328,4/2/2019
329,Isaak,Bullier,Male,11/15/1979,Staff Accountant III,Research and Development,47891.78,3/13/2013,ibullier94@a8.net,486-175-1791,5203 Autumn Leaf Hill,Villeurbanne,Rhône-Alpes,69624 CEDEX,France,Isaak Bullier,291-625-9681,parent,329,2/9/2011
330,Ilise,Blaik,Female,9/17/1980,Senior Sales Associate,Product Management,142645.85,8/1/2020,iblaik95@yellowbook.com,866-723-0775,0 International Hill,Burgeo,Newfoundland and Labrador,N9A,Canada,Ilise Blaik,630-478-5602,friend,330,2/9/2014
331,Jacki,Hitter,Female,7/7/1981,Accounting Assistant I,Training,75550.03,10/20/2015,jhitter96@hubpages.com,360-804-3137,5828 Dottie Drive,Ngrowo,,,Indonesia,Jacki Hitter,413-888-7420,parent,331,10/13/2012
332,Belia,Abendroth,Female,5/6/1975,Desktop Support Technician,Training,137495.6,7/24/2015,babendroth97@tripadvisor.com,787-325-6975,77 East Trail,Anjozorobe,,,Madagascar,Belia Abendroth,727-797-1526,parent,332,10/10/2010
333,Edythe,Edwardson,Female,1/10/1973,Sales Associate,Services,141340.3,10/26/2016,eedwardson98@vk.com,127-724-2520,13418 Mockingbird Street,Sājir,,,Saudi Arabia,Edythe Edwardson,457-244-7795,parent,333,10/1/2018
334,Silvan,McFie,Genderfluid,3/18/1990,VP Accounting,Sales,130162.92,7/28/2018,smcfie99@parallels.com,483-518-3105,41223 Bunting Circle,Kalanchak,,,Ukraine,Silvan McFie,197-372-3062,sibling,334,10/19/2012
335,Ruprecht,Wassell,Male,1/24/1963,Director of Sales,Research and Development,116883.42,1/22/2019,rwassell9a@si.edu,540-514-9972,932 Gulseth Center,Wushan,,,China,Ruprecht Wassell,194-562-5066,sibling,335,11/30/2019
336,Forester,MacTerrelly,Male,3/29/1980,Administrative Officer,Support,48918.06,4/2/2012,fmacterrelly9b@fastcompany.com,985-337-7113,19 Bay Pass,Terra Chã,Ilha Terceira,9700-685,Portugal,Forester MacTerrelly,449-618-7884,spouse,336,5/9/2012
337,Denny,Budding,Female,3/10/1977,Software Consultant,Engineering,92131.03,6/6/2016,dbudding9c@wunderground.com,477-352-4366,45475 Alpine Avenue,Nowshahr,,,Iran,Denny Budding,449-948-3520,parent,337,10/9/2020
338,Ettore,Murtimer,Male,8/6/1990,Occupational Therapist,Training,30599.51,10/3/2014,emurtimer9d@ox.ac.uk,343-118-8868,959 Bobwhite Pass,Antigonish,Nova Scotia,B2G,Canada,Ettore Murtimer,689-439-7400,sibling,338,11/12/2013
339,Jarrett,McKinnon,Male,4/23/1964,Administrative Officer,Training,74897.84,11/20/2010,jmckinnon9e@etsy.com,290-969-0518,37485 Northport Hill,Caridade,Évora,7200-224,Portugal,Jarrett McKinnon,847-339-1866,sibling,339,7/17/2013
340,Heindrick,Grigore,Male,6/1/1998,Senior Quality Engineer,Training,132247.61,7/20/2017,hgrigore9f@desdev.cn,793-746-0573,4 Cordelia Street,Veverská Bítýška,,664 71,Czech Republic,Heindrick Grigore,152-217-9024,sibling,340,4/8/2014
341,Ulrica,Gueinn,Female,3/28/1989,Account Executive,Product Management,34598.88,3/4/2021,ugueinn9g@yolasite.com,370-497-5638,1881 Prairie Rose Center,San Agustin,Guanajuato,36800,Mexico,Ulrica Gueinn,333-974-0020,parent,341,6/15/2017
342,Freeman,Swaddle,Male,2/22/1994,Accounting Assistant I,Business Development,48813.6,8/12/2013,fswaddle9h@ftc.gov,795-508-9219,49 Evergreen Park,Napalitan,,9006,Philippines,Freeman Swaddle,573-296-2610,friend,342,5/14/2020
343,Wendall,Janik,Male,5/5/1969,Office Assistant IV,Sales,133562.86,9/3/2011,wjanik9i@weebly.com,450-920-0537,0 Drewry Drive,Castres,Midi-Pyrénées,81109 CEDEX,France,Wendall Janik,178-281-3161,friend,343,11/1/2020
344,Andreas,Giggs,Male,1/10/1994,Media Manager II,Sales,71637.32,1/2/2018,agiggs9j@marriott.com,680-865-4108,56 Stoughton Center,Kraljevica,,51262,Croatia,Andreas Giggs,838-160-1652,spouse,344,7/28/2013
345,Sheela,McLarty,Female,2/11/1986,Financial Advisor,Product Management,147706.01,12/19/2019,smclarty9k@youtube.com,741-251-0943,1796 Independence Alley,Fujikawaguchiko,,401-0335,Japan,Sheela McLarty,869-514-2155,spouse,345,7/29/2015
346,Parry,Topley,Male,1/20/1988,Automation Specialist II,Human Resources,76045.62,7/10/2020,ptopley9l@blinklist.com,723-697-3526,664 Anniversary Plaza,Selínia,,,Greece,Parry Topley,464-165-0450,parent,346,9/22/2014
347,Saw,Ikin,Male,12/14/1992,Database Administrator I,Human Resources,52768.97,8/9/2013,sikin9m@paginegialle.it,483-898-8659,76274 Ruskin Avenue,Zamarski,,43-419,Poland,Saw Ikin,248-768-6140,friend,347,6/6/2018
348,Clementius,Rollins,Polygender,5/8/1969,Tax Accountant,Support,42087.0,7/3/2010,crollins9n@sohu.com,718-448-3726,264 Steensland Alley,Brooklyn,New York,11215,United States,Clementius Rollins,471-664-3076,parent,348,2/25/2010
349,Garek,Gashion,Male,12/21/1960,Marketing Manager,Sales,43043.77,12/10/2018,ggashion9o@cloudflare.com,977-514-7171,31 Amoth Trail,Richards Bay,,3904,South Africa,Garek Gashion,407-130-4492,sibling,349,10/23/2010
350,Englebert,Mussalli,Male,10/24/1985,Help Desk Operator,Legal,131387.44,10/9/2020,emussalli9p@gizmodo.com,843-329-8348,8 Lerdahl Center,Yitulihe,,,China,Englebert Mussalli,288-481-0031,sibling,350,8/24/2021
351,Kaye,Serot,Female,3/29/1991,Recruiting Manager,Support,82016.36,12/30/2015,kserot9q@nasa.gov,610-510-3507,0805 Independence Crossing,Muktāgācha,,2210,Bangladesh,Kaye Serot,940-919-8476,friend,351,1/1/2017
352,Graehme,MacEveley,Male,6/12/1973,Developer II,Accounting,99272.78,1/23/2019,gmaceveley9r@canalblog.com,546-698-5637,557 Golf Course Park,Mingyuedian,,,China,Graehme MacEveley,469-322-7100,parent,352,5/28/2020
353,Mahala,Gasparro,Female,5/7/1967,Human Resources Manager,Sales,58927.94,12/24/2012,mgasparro9s@wired.com,135-611-6848,5 Kensington Parkway,Rędziny,,42-242,Poland,Mahala Gasparro,827-913-4930,spouse,353,4/29/2017
354,Jeanne,Sackur,Female,8/24/1974,Research Assistant IV,Support,60960.36,12/5/2018,jsackur9t@cargocollective.com,544-315-0368,9 Sommers Plaza,Malummaduri,,,Nigeria,Jeanne Sackur,539-757-5908,friend,354,4/12/2010
355,Konrad,Waddie,Male,8/31/1960,Sales Representative,Product Management,138206.36,6/7/2021,kwaddie9u@reddit.com,181-393-7282,32456 Parkside Road,Lëbushë,,,Kosovo,Konrad Waddie,730-493-6451,parent,355,6/4/2020
356,Gisele,Fairleigh,Female,5/26/1985,Chief Design Engineer,Product Management,101699.56,5/21/2020,gfairleigh9v@twitpic.com,859-269-0554,25388 Ohio Center,Lexington,Kentucky,40515,United States,Gisele Fairleigh,779-560-0950,spouse,356,5/23/2015
357,Garrick,Utton,Male,1/21/1991,Assistant Professor,Research and Development,86596.54,8/31/2013,gutton9w@narod.ru,967-556-6329,60408 Dayton Trail,Skövde,Västra Götaland,541 33,Sweden,Garrick Utton,754-525-1598,sibling,357,6/5/2015
358,Lemar,Yearron,Agender,3/19/1969,Environmental Tech,Legal,121266.48,5/30/2021,lyearron9x@ow.ly,607-542-2945,85281 Raven Crossing,Sobral,Viana do Castelo,4990-585,Portugal,Lemar Yearron,192-930-7705,sibling,358,4/11/2019
359,Hendrika,Ethington,Female,6/6/1991,Data Coordinator,Training,73453.95,3/4/2016,hethington9y@auda.org.au,738-667-1940,2391 Merry Circle,Huangtu,,,China,Hendrika Ethington,130-184-9982,sibling,359,10/20/2016
360,Loralie,Briatt,Female,11/14/1993,Biostatistician I,Sales,30492.12,12/22/2017,lbriatt9z@phpbb.com,626-885-9030,3 Green Parkway,Clamart,Île-de-France,92144 CEDEX,France,Loralie Briatt,942-108-5084,spouse,360,11/16/2011
361,Fernande,Garment,Female,7/23/1977,Systems Administrator II,Accounting,45113.15,8/1/2013,fgarmenta0@samsung.com,898-781-4791,2 Mcbride Avenue,Huibu,,,China,Fernande Garment,188-675-0060,sibling,361,10/1/2020
362,Almira,Totman,Female,6/8/1984,Analyst Programmer,Services,81553.6,12/21/2016,atotmana1@xrea.com,159-703-5804,9000 Reinke Place,Tashanta,,649787,Russia,Almira Totman,859-765-3615,parent,362,4/19/2013
363,Zak,Rosier,Male,6/3/1968,Professor,Accounting,106218.24,1/19/2017,zrosiera2@elegantthemes.com,416-203-4733,11371 Briar Crest Terrace,Municipio de Copacabana,,051048,Colombia,Zak Rosier,741-596-8116,spouse,363,12/29/2010
364,Bernardo,Potebury,Male,6/8/1960,Research Nurse,Research and Development,65323.97,6/30/2018,bpoteburya3@washington.edu,245-811-4637,60963 Village Trail,Benzilan,,,China,Bernardo Potebury,435-444-0047,spouse,364,11/19/2015
365,Karrie,Verdon,Female,7/30/1965,Product Engineer,Services,48449.25,7/14/2015,kverdona4@goodreads.com,699-953-6288,4 Chive Way,Al Khafsah,,,Syria,Karrie Verdon,325-830-3455,parent,365,11/3/2012
366,Halimeda,Allans,Female,5/26/1988,Help Desk Technician,Product Management,140998.57,6/12/2017,hallansa5@skype.com,858-441-9109,24502 Express Circle,Gračac,,23440,Croatia,Halimeda Allans,245-926-9908,parent,366,9/25/2020
367,Drusilla,Figure,Female,12/12/1975,Business Systems Development Analyst,Product Management,72396.63,8/10/2016,dfigurea6@t-online.de,757-254-9577,5214 Helena Way,Nanxia,,,China,Drusilla Figure,467-192-7141,parent,367,2/19/2013
368,Danita,Corns,Female,11/22/1979,VP Sales,Business Development,149599.49,3/17/2018,dcornsa7@google.pl,856-521-4735,370 Delladonna Place,Tambakmerak,,,Indonesia,Danita Corns,636-409-1321,spouse,368,4/24/2010
369,Issiah,Buttle,Male,5/24/1986,Research Associate,Marketing,133393.68,4/20/2018,ibuttlea8@scientificamerican.com,966-922-1848,190 Homewood Avenue,Izingolweni,,4261,South Africa,Issiah Buttle,917-991-0055,parent,369,8/29/2019
370,Haley,Fogt,Non-binary,12/3/1960,GIS Technical Architect,Research and Development,60983.74,1/1/2011,hfogta9@newyorker.com,956-480-1158,4610 Butternut Pass,Compostela,,8109,Philippines,Haley Fogt,482-876-2693,sibling,370,3/30/2012
371,Terrence,Evins,Male,10/16/1985,Editor,Human Resources,132213.39,7/27/2020,tevinsaa@cnet.com,508-257-5833,83 Carioca Center,Groningen,Provincie Groningen,9730,Netherlands,Terrence Evins,121-815-3804,spouse,371,3/15/2011
372,Bailey,MacIlwrick,Male,12/11/1965,Quality Engineer,Human Resources,96606.8,6/8/2021,bmacilwrickab@usda.gov,944-477-6512,99425 Muir Plaza,Inazawa,,367-0251,Japan,Bailey MacIlwrick,483-398-8397,sibling,372,2/8/2010
373,Anthia,Fiddian,Female,2/19/1997,Structural Engineer,Legal,125195.72,7/30/2012,afiddianac@boston.com,944-850-9535,5867 Messerschmidt Alley,São José do Egito,,56700-000,Brazil,Anthia Fiddian,797-614-4157,parent,373,2/3/2018
374,Merill,Paulitschke,Male,1/13/1972,Sales Representative,Legal,62658.83,3/12/2016,mpaulitschkead@lycos.com,804-693-0661,9345 Hayes Court,Qingdao,,,China,Merill Paulitschke,178-771-7780,sibling,374,7/21/2012
375,Jeffry,Layton,Male,5/18/1974,Legal Assistant,Legal,84024.77,4/2/2013,jlaytonae@nps.gov,635-655-3473,7 Maple Trail,Buliu,,,China,Jeffry Layton,270-759-6395,spouse,375,6/28/2014
376,Eleen,Van Merwe,Female,9/22/1976,VP Accounting,Training,49071.22,8/21/2019,evanaf@drupal.org,487-338-5184,9 Vera Park,Sevilla,Andalucia,41020,Spain,Eleen Van Merwe,705-267-7951,friend,376,10/6/2014
377,Gerik,O'Crevan,Male,4/13/1998,Marketing Manager,Support,43310.26,9/13/2020,gocrevanag@sfgate.com,507-607-9888,8571 Superior Parkway,Welibo,,,Indonesia,Gerik O'Crevan,530-659-1035,sibling,377,11/21/2013
378,Katine,Rapo,Female,1/26/1960,Office Assistant III,Engineering,113603.3,5/14/2018,krapoah@icq.com,660-693-1353,325 Texas Plaza,Cherryville,,P31,Ireland,Katine Rapo,789-725-7357,spouse,378,9/12/2018
379,Wildon,Lenchenko,Male,9/8/1973,Health Coach IV,Sales,136688.03,8/18/2019,wlenchenkoai@shutterfly.com,362-570-6660,3821 Victoria Junction,Dasongshu,,,China,Wildon Lenchenko,650-934-4720,spouse,379,8/10/2017
380,Thorstein,Summerell,Male,6/13/1969,Compensation Analyst,Services,75624.15,10/12/2012,tsummerellaj@godaddy.com,426-693-0858,34 Sugar Crossing,Buenavista,Guanajuato,38796,Mexico,Thorstein Summerell,646-923-4898,sibling,380,12/25/2011
381,Darda,Pill,Female,11/28/1974,Quality Control Specialist,Engineering,138515.15,10/21/2013,dpillak@geocities.jp,400-208-9698,6558 Ohio Terrace,Khlong Luang,,12120,Thailand,Darda Pill,502-701-5549,spouse,381,8/11/2012
382,Nichol,Mapledorum,Female,9/23/1995,Senior Editor,Services,131323.08,5/12/2011,nmapledorumal@hao123.com,940-907-6615,05531 Westerfield Avenue,Inyati,,,Zimbabwe,Nichol Mapledorum,658-592-5621,parent,382,7/25/2017
383,Abbot,Salmen,Male,6/21/1969,Analyst Programmer,Legal,135008.97,4/2/2013,asalmenam@microsoft.com,359-749-1328,12745 Monument Avenue,Lypova Dolyna,,,Ukraine,Abbot Salmen,858-620-7069,friend,383,12/22/2011
384,Mora,McCloughlin,Female,3/8/1983,Chief Design Engineer,Services,42520.57,4/5/2014,mmccloughlinan@wunderground.com,952-435-9248,8 Truax Parkway,Caikouji,,,China,Mora McCloughlin,357-521-2839,parent,384,7/11/2010
385,Tricia,Aldwick,Female,12/18/1973,Software Engineer III,Research and Development,50469.53,5/16/2017,taldwickao@archive.org,938-562-8539,25108 Harper Circle,Dembeni,,97660,Mayotte,Tricia Aldwick,975-272-3466,sibling,385,8/8/2019
386,Dar,Dudmesh,Male,9/8/1972,Chief Design Engineer,Marketing,78566.69,5/4/2011,ddudmeshap@businesswire.com,570-721-0802,7 Waubesa Point,Salavat,,453259,Russia,Dar Dudmesh,691-916-8444,friend,386,3/3/2020
387,Davin,Duckwith,Male,1/5/1960,Internal Auditor,Human Resources,35292.47,1/7/2010,dduckwithaq@apache.org,584-362-6166,6 Basil Lane,Gorodets,,606533,Russia,Davin Duckwith,789-478-5669,friend,387,3/29/2017
388,Marietta,Bytheway,Female,4/2/1960,Staff Accountant IV,Sales,112695.17,11/2/2016,mbythewayar@ameblo.jp,640-813-0262,6474 Continental Center,Ben Arous,,,Tunisia,Marietta Bytheway,785-683-8253,spouse,388,11/4/2018
389,Yolanda,Delgadillo,Female,3/23/1990,Physical Therapy Assistant,Business Development,144389.04,4/14/2021,ydelgadilloas@i2i.jp,993-480-7189,35581 Golf View Plaza,Dajin,,,China,Yolanda Delgadillo,865-999-9481,friend,389,1/8/2013
390,Bridie,Yackiminie,Genderfluid,7/3/1961,Chief Design Engineer,Human Resources,49762.19,3/19/2012,byackiminieat@cbslocal.com,106-254-2339,56 Badeau Drive,Akhaltsikhe,,,Georgia,Bridie Yackiminie,334-976-2644,parent,390,5/22/2013
391,Hermie,Wathey,Male,10/12/1998,Tax Accountant,Marketing,41810.99,4/26/2010,hwatheyau@forbes.com,553-410-3521,159 Hoepker Plaza,Loughrea,,H62,Ireland,Hermie Wathey,185-427-9454,friend,391,4/9/2021
392,Whitaker,Piggrem,Male,2/21/1967,Programmer II,Engineering,78894.04,9/6/2016,wpiggremav@kickstarter.com,521-702-0310,03 Luster Court,Mene de Mauroa,,,Venezuela,Whitaker Piggrem,629-691-2570,friend,392,12/31/2021
393,Lenette,Brydie,Female,1/14/1981,Safety Technician IV,Accounting,74592.58,10/14/2014,lbrydieaw@pinterest.com,885-761-3009,36373 Northwestern Plaza,Pulap,,,Micronesia,Lenette Brydie,188-869-8486,sibling,393,12/6/2020
394,Caterina,D'Onise,Female,6/15/1974,Developer I,Research and Development,133038.25,8/17/2021,cdoniseax@de.vu,588-804-6549,93 Barnett Crossing,Dedza,,,Malawi,Caterina D'Onise,687-923-0638,parent,394,5/24/2011
395,Indira,Gricewood,Female,1/7/1961,Financial Advisor,Training,109219.08,2/11/2018,igricewooday@intel.com,553-947-3662,263 Logan Plaza,Jaunpils,,,Latvia,Indira Gricewood,609-723-3250,parent,395,1/20/2020
396,Olwen,Steadman,Female,2/13/1966,Account Coordinator,Product Management,128327.17,3/25/2019,osteadmanaz@archive.org,503-815-2465,82642 Bowman Center,Taverny,Île-de-France,95251 CEDEX,France,Olwen Steadman,636-531-8297,parent,396,1/25/2014
397,Saunder,Severwright,Male,2/4/1991,Tax Accountant,Business Development,96867.22,4/11/2014,sseverwrightb0@addthis.com,143-310-7132,10028 Montana Way,Khān Neshīn,,,Afghanistan,Saunder Severwright,567-950-8080,friend,397,6/1/2013
398,Merissa,Hatcliffe,Female,6/4/1960,Help Desk Technician,Marketing,86944.01,6/18/2018,mhatcliffeb1@washingtonpost.com,123-820-5242,1886 Carioca Point,Cijapar,,,Indonesia,Merissa Hatcliffe,268-237-2229,friend,398,5/13/2021
399,Candace,Shilstone,Female,11/23/1969,Marketing Manager,Training,142487.79,12/25/2016,cshilstoneb2@icio.us,611-687-9707,44392 Helena Trail,Jasieniec,,05-604,Poland,Candace Shilstone,297-411-0363,friend,399,9/4/2012
400,Ange,Lightbown,Bigender,12/6/1989,Account Representative II,Marketing,112324.04,3/14/2014,alightbownb3@topsy.com,887-806-2386,110 Clyde Gallagher Lane,Hejia,,,China,Ange Lightbown,959-291-2909,sibling,400,7/28/2020
401,Noel,Wardhaw,Male,4/22/1984,Systems Administrator II,Product Management,33083.95,5/17/2015,nwardhawb4@tumblr.com,994-996-4166,3831 Wayridge Point,Cikadondongdesa,,,Indonesia,Noel Wardhaw,562-140-3422,friend,401,10/23/2017
402,Ives,Courtin,Male,1/25/1974,Software Consultant,Legal,63323.18,11/20/2019,icourtinb5@nymag.com,364-947-0298,9 Ramsey Place,Alès,Languedoc-Roussillon,30112 CEDEX,France,Ives Courtin,390-191-3485,spouse,402,1/17/2013
403,Eldin,Howkins,Male,1/9/1978,Legal Assistant,Marketing,73326.36,9/28/2021,ehowkinsb6@tinyurl.com,178-572-9885,6433 Becker Court,Dordrecht,,5436,South Africa,Eldin Howkins,696-779-6368,parent,403,9/5/2013
404,Clayborn,Reckus,Male,11/7/1990,Web Developer II,Marketing,33200.96,3/7/2012,creckusb7@state.gov,476-314-3667,89 Dottie Place,Montilla,,9302,Philippines,Clayborn Reckus,188-415-0527,sibling,404,3/10/2010
405,Yardley,Cram,Polygender,2/21/1971,Safety Technician I,Support,125543.58,2/9/2020,ycramb8@sbwire.com,878-537-5010,58763 Logan Park,Jiuzhai,,,China,Yardley Cram,131-421-2142,parent,405,2/24/2014
406,Baird,Creus,Male,6/29/1995,Analog Circuit Design manager,Training,104600.57,4/22/2014,bcreusb9@mediafire.com,296-804-0489,02 Brentwood Point,Riah,,,Morocco,Baird Creus,998-292-0083,sibling,406,12/4/2013
407,Skippie,Isham,Male,5/20/1987,Nuclear Power Engineer,Product Management,52308.24,4/22/2014,sishamba@themeforest.net,144-291-4818,707 Tennessee Trail,Saint-Quentin-en-Yvelines,Île-de-France,78181 CEDEX,France,Skippie Isham,149-906-2303,friend,407,5/12/2011
408,Vail,Machan,Male,8/28/1989,VP Sales,Training,70201.14,7/23/2014,vmachanbb@goodreads.com,160-639-4623,7569 Del Sol Park,Betio Village,,,Kiribati,Vail Machan,443-312-0684,sibling,408,7/16/2011
409,Clementius,Rosiello,Male,10/3/1964,Senior Financial Analyst,Business Development,78518.32,2/11/2010,crosiellobc@telegraph.co.uk,359-127-8775,1 Sunnyside Lane,Gala,Coimbra,3090-710,Portugal,Clementius Rosiello,607-548-7418,sibling,409,8/3/2019
410,Tanny,Ivasechko,Male,9/14/1973,Civil Engineer,Business Development,134902.47,3/27/2019,tivasechkobd@t-online.de,954-725-4735,51 Dayton Street,Krzepice,,42-160,Poland,Tanny Ivasechko,615-758-5358,parent,410,9/19/2012
411,Bobine,Hadenton,Female,10/31/1975,Financial Analyst,Support,94011.44,12/20/2018,bhadentonbe@bluehost.com,663-752-5025,7444 Kensington Hill,São Domingos,Porto,4620-787,Portugal,Bobine Hadenton,366-644-4764,spouse,411,10/3/2015
412,Desdemona,Prendergast,Female,11/5/1993,Biostatistician II,Services,36108.98,2/3/2010,dprendergastbf@cmu.edu,289-396-9284,084 Eastwood Lane,Podhum,,51218,Croatia,Desdemona Prendergast,526-714-2275,spouse,412,5/12/2020
413,Cassi,Gronauer,Female,12/14/1966,Account Representative IV,Engineering,134905.42,11/24/2010,cgronauerbg@amazonaws.com,146-523-0705,33 Buena Vista Drive,Mando,,,Nigeria,Cassi Gronauer,204-910-9678,spouse,413,4/14/2013
414,Maureen,Groombridge,Female,11/1/1989,Speech Pathologist,Human Resources,104352.11,3/23/2018,mgroombridgebh@t-online.de,265-457-9967,092 Longview Alley,Olyka,,,Ukraine,Maureen Groombridge,401-459-4719,spouse,414,5/16/2019
415,Collen,Radbone,Agender,5/8/1987,Recruiting Manager,Sales,87054.81,10/17/2020,cradbonebi@sourceforge.net,800-156-3778,4071 Towne Court,Ruda Śląska,,41-717,Poland,Collen Radbone,652-183-7853,spouse,415,12/19/2012
416,Woodrow,Risbridge,Male,9/9/1967,Community Outreach Specialist,Legal,53237.48,3/9/2017,wrisbridgebj@merriam-webster.com,530-785-0522,64017 Charing Cross Circle,Umm Şalāl ‘Alī,,,Qatar,Woodrow Risbridge,821-605-4373,sibling,416,6/3/2011
417,Torre,Bracknell,Male,2/22/1975,Clinical Specialist,Engineering,88026.66,6/14/2015,tbracknellbk@goo.ne.jp,217-886-9898,579 Hauk Point,Sovetskiy,,628240,Russia,Torre Bracknell,469-643-8992,parent,417,8/28/2020
418,Guilbert,Columbine,Male,7/9/1977,Mechanical Systems Engineer,Sales,135534.11,11/29/2012,gcolumbinebl@xrea.com,985-977-7621,99505 Arizona Pass,Wakiso,,,Uganda,Guilbert Columbine,437-903-8098,sibling,418,3/1/2011
419,Isacco,Wortley,Male,9/5/1981,Structural Analysis Engineer,Product Management,133725.06,3/23/2020,iwortleybm@mapy.cz,984-696-2607,822 La Follette Plaza,Cigoong,,,Indonesia,Isacco Wortley,368-317-7504,friend,419,12/17/2014
420,Maurine,Tarling,Bigender,6/26/1996,Sales Representative,Legal,61922.51,12/26/2019,mtarlingbn@rambler.ru,303-368-9484,3928 Laurel Junction,Kerrobert,Saskatchewan,T1P,Canada,Maurine Tarling,344-110-9854,parent,420,8/19/2021
421,Stormie,Korneluk,Female,10/25/1995,Senior Quality Engineer,Human Resources,115025.88,8/17/2017,skornelukbo@mozilla.org,878-269-4317,78 Rigney Crossing,Otuke,,,Uganda,Stormie Korneluk,300-752-5774,sibling,421,10/23/2011
422,Alfie,Kubanek,Male,8/23/1984,Clinical Specialist,Support,49779.42,4/29/2011,akubanekbp@phpbb.com,907-143-5474,1 Almo Circle,Dipayal,,,Nepal,Alfie Kubanek,340-419-8772,sibling,422,7/25/2011
423,Garrot,Kohn,Male,2/18/1983,Statistician III,Research and Development,78262.16,10/19/2014,gkohnbq@hexun.com,289-384-1173,5691 Eliot Alley,Yuxin,,,China,Garrot Kohn,733-974-0687,spouse,423,12/19/2016
424,Dodie,Pennicott,Female,6/23/1976,Dental Hygienist,Research and Development,141412.39,4/17/2012,dpennicottbr@cnn.com,141-535-3947,110 Myrtle Way,Brengkok,,,Indonesia,Dodie Pennicott,479-605-9479,friend,424,11/14/2013
425,Roselin,Baxster,Female,3/26/1979,Graphic Designer,Accounting,58745.51,7/5/2017,rbaxsterbs@tuttocitta.it,851-963-0723,2 Rigney Park,Kim Sơn,,,Vietnam,Roselin Baxster,456-470-5483,spouse,425,8/17/2020
426,Chryste,McClure,Female,9/8/1962,Web Designer III,Sales,137653.32,7/7/2017,cmcclurebt@blogger.com,406-776-8032,9 Village Green Plaza,Victoria,,6406,Philippines,Chryste McClure,448-131-3604,friend,426,8/4/2010
427,Cyb,Fairbridge,Female,8/25/1998,Sales Associate,Legal,69468.52,6/16/2012,cfairbridgebu@bbb.org,209-596-6246,92338 Mayfield Plaza,Sanyang,,,China,Cyb Fairbridge,107-103-3802,parent,427,1/6/2021
428,Sheena,Cabbell,Female,11/30/1990,Associate Professor,Sales,88034.91,7/1/2014,scabbellbv@people.com.cn,250-767-8577,16168 Sutteridge Crossing,Tunzhai,,,China,Sheena Cabbell,236-655-2484,parent,428,4/17/2010
429,Kalie,Bernardi,Female,1/10/1990,Executive Secretary,Product Management,106307.38,10/17/2011,kbernardibw@tinyurl.com,653-772-0504,2285 Thackeray Place,Karak City,,,Jordan,Kalie Bernardi,122-538-8145,sibling,429,8/11/2018
430,Alair,Leworthy,Male,12/22/1994,Product Engineer,Engineering,75562.03,6/14/2018,aleworthybx@last.fm,771-525-4288,83122 Fair Oaks Crossing,Boto,,,Indonesia,Alair Leworthy,566-963-4979,parent,430,5/24/2018
431,Elden,Damiral,Male,1/8/1990,Engineer I,Human Resources,40647.28,7/17/2021,edamiralby@mozilla.org,883-413-2757,6 Pawling Trail,Viškovci,,34310,Croatia,Elden Damiral,326-966-0324,friend,431,4/9/2011
432,Lira,Brisset,Female,3/20/1984,VP Sales,Engineering,109622.63,5/15/2018,lbrissetbz@clickbank.net,833-653-3949,112 Sloan Place,Balazar,Porto,4570-013,Portugal,Lira Brisset,840-502-6095,sibling,432,8/21/2013
433,Amalle,Grute,Female,6/22/1965,Payment Adjustment Coordinator,Training,58046.6,3/31/2016,agrutec0@shinystat.com,354-759-8433,7 Del Mar Junction,Tagdanua,,9320,Philippines,Amalle Grute,470-168-8057,sibling,433,12/18/2013
434,Roobbie,Kolis,Female,2/22/1987,VP Quality Control,Human Resources,114952.81,11/9/2016,rkolisc1@dailymotion.com,750-993-9085,81401 Welch Point,Yaojiagou,,,China,Roobbie Kolis,361-877-1866,friend,434,10/18/2015
435,Richart,Champness,Male,7/11/1989,Research Assistant IV,Support,33283.38,9/17/2016,rchampnessc2@princeton.edu,340-190-8508,75 Hanover Alley,Sittwe,,,Myanmar,Richart Champness,673-276-0020,parent,435,11/14/2013
436,Courtenay,Senner,Female,7/13/1988,Operator,Human Resources,87643.07,5/18/2014,csennerc3@ning.com,171-627-9900,8 Artisan Pass,Kamárai,,,Greece,Courtenay Senner,559-778-8660,friend,436,1/9/2011
437,Reinaldos,Pavlishchev,Male,9/25/1970,Statistician II,Engineering,96148.86,10/5/2017,rpavlishchevc4@cafepress.com,474-338-6128,6 Bartelt Junction,Huaxijie,,,China,Reinaldos Pavlishchev,729-140-2678,friend,437,10/15/2021
438,Krishna,Jouanot,Male,3/25/1963,Help Desk Operator,Support,35304.19,7/31/2014,kjouanotc5@desdev.cn,304-289-5352,1032 Rowland Alley,Boji,,,China,Krishna Jouanot,879-931-2962,friend,438,7/31/2019
439,Germain,Kennaird,Male,7/19/1998,Statistician II,Product Management,35881.63,12/26/2018,gkennairdc6@tmall.com,831-431-8532,660 Prairieview Circle,Meruge,Coimbra,3405-354,Portugal,Germain Kennaird,494-855-7331,spouse,439,5/4/2010
440,Reed,Moen,Male,9/3/1989,Database Administrator IV,Training,115391.23,1/7/2020,rmoenc7@amazon.co.uk,515-221-4477,8 Knutson Parkway,Des Moines,Iowa,50981,United States,Reed Moen,112-648-3490,sibling,440,3/5/2012
441,Astrid,Cheevers,Female,1/30/1969,Paralegal,Accounting,140699.78,10/23/2021,acheeversc8@gizmodo.com,460-256-3574,6 8th Alley,Bishan,,,China,Astrid Cheevers,531-921-9892,sibling,441,7/10/2015
442,Yvette,Simondson,Female,11/19/1984,Biostatistician I,Business Development,111602.2,11/5/2012,ysimondsonc9@bandcamp.com,347-237-7607,665 Bunting Crossing,Ji’an,,,China,Yvette Simondson,213-876-3983,sibling,442,12/13/2014
443,Cyrus,Buller,Genderqueer,6/14/1981,Chief Design Engineer,Research and Development,94345.44,9/30/2019,cbullerca@spiegel.de,648-969-0322,54518 Thackeray Pass,Kalangsari,,,Indonesia,Cyrus Buller,896-745-2426,friend,443,4/16/2010
444,Joan,Benini,Genderqueer,10/10/1997,VP Quality Control,Training,139336.28,5/29/2014,jbeninicb@auda.org.au,247-183-3206,0069 Redwing Terrace,‘Arīshah,,,Syria,Joan Benini,251-256-4972,sibling,444,6/16/2021
445,Mohammed,Stapforth,Male,5/5/1977,Registered Nurse,Legal,62329.9,8/10/2015,mstapforthcc@ucoz.ru,213-385-1180,755 Merrick Plaza,Lyon,Rhône-Alpes,69239 CEDEX 02,France,Mohammed Stapforth,807-335-4690,parent,445,3/31/2014
446,Lilla,Haryngton,Female,3/12/1963,Legal Assistant,Accounting,70173.48,1/11/2011,lharyngtoncd@yandex.ru,828-195-9765,29 Caliangt Pass,Sóc Trăng,,,Vietnam,Lilla Haryngton,464-314-0375,friend,446,11/9/2021
447,Tasha,Pounder,Female,4/28/1967,Executive Secretary,Services,65506.48,12/12/2015,tpounderce@imdb.com,728-566-0815,7309 Northland Circle,Tacheng,,,China,Tasha Pounder,744-902-7078,sibling,447,1/24/2021
448,Mayor,Joannic,Male,9/25/1976,Human Resources Manager,Sales,79164.77,6/30/2017,mjoanniccf@illinois.edu,627-504-4732,0 Atwood Center,Zubří,,756 54,Czech Republic,Mayor Joannic,875-972-5115,sibling,448,11/27/2013
449,Matias,Rostern,Male,4/7/1984,Structural Engineer,Business Development,106284.87,9/20/2021,mrosterncg@marriott.com,578-122-2169,5682 Independence Hill,Marseille,Provence-Alpes-Côte d'Azur,13219 CEDEX 02,France,Matias Rostern,666-338-5373,friend,449,6/9/2017
450,Dur,Snead,Male,5/25/1988,Quality Control Specialist,Research and Development,112628.61,7/11/2012,dsneadch@fastcompany.com,259-474-8070,600 Surrey Hill,Artimet,,,Armenia,Dur Snead,398-881-1052,friend,450,11/26/2013
451,Suzanna,Tewkesberrie,Female,4/21/1962,Health Coach IV,Legal,88752.9,9/22/2011,stewkesberrieci@miitbeian.gov.cn,624-903-1460,497 Dahle Center,Örnsköldsvik,Västernorrland,891 20,Sweden,Suzanna Tewkesberrie,144-940-0411,sibling,451,1/4/2013
452,Corrina,Pennycuick,Female,7/3/1976,Junior Executive,Research and Development,84451.34,5/13/2015,cpennycuickcj@cam.ac.uk,618-142-9824,214 Chive Crossing,Calango,,,Peru,Corrina Pennycuick,556-955-3476,friend,452,1/15/2015
453,Hilarius,Edwins,Male,9/18/1982,Technical Writer,Services,64760.86,11/27/2014,hedwinsck@kickstarter.com,749-936-3094,22 Starling Park,Luzhany,,,Ukraine,Hilarius Edwins,773-755-0457,friend,453,6/11/2019
454,Wendy,Jozwik,Female,3/15/1993,Electrical Engineer,Human Resources,61646.85,2/21/2018,wjozwikcl@whitehouse.gov,328-980-0075,9978 Jenna Hill,Taesal-li,,,South Korea,Wendy Jozwik,716-156-3455,friend,454,11/21/2019
455,Claretta,Sollowaye,Female,2/10/1999,Research Nurse,Training,34778.91,4/18/2019,csollowayecm@shop-pro.jp,131-414-7169,43 Beilfuss Way,Sali,,23281,Croatia,Claretta Sollowaye,888-220-8494,friend,455,12/17/2017
456,Fedora,Hember,Female,2/11/1980,Automation Specialist IV,Business Development,137297.76,10/1/2016,fhembercn@wsj.com,884-228-3706,6 Clyde Gallagher Junction,Maulawin,,5105,Philippines,Fedora Hember,318-447-7979,sibling,456,8/1/2015
457,Melodee,McKeowon,Female,1/14/1962,Analyst Programmer,Training,94854.36,11/8/2011,mmckeowonco@loc.gov,825-871-4220,573 Gina Circle,Karanglincak,,,Indonesia,Melodee McKeowon,962-307-5230,sibling,457,6/4/2013
458,Gawain,Lavarack,Male,11/20/1991,Compensation Analyst,Product Management,49684.3,3/14/2017,glavarackcp@dion.ne.jp,820-724-2344,43696 Barnett Avenue,Kastrat,,,Albania,Gawain Lavarack,973-434-7985,sibling,458,5/17/2019
459,Trueman,Olliar,Male,3/8/1961,Biostatistician II,Sales,67367.41,12/15/2012,tolliarcq@nba.com,485-952-6091,212 Merry Lane,Kagal’nitskaya,,403538,Russia,Trueman Olliar,823-877-7019,spouse,459,3/27/2016
460,Tisha,Barwise,Female,3/22/1964,Business Systems Development Analyst,Support,96311.54,1/25/2020,tbarwisecr@goodreads.com,503-547-9232,63961 Russell Circle,Piotrków Kujawski,,88-230,Poland,Tisha Barwise,989-533-2632,spouse,460,2/8/2013
461,Efrem,Le Clercq,Male,8/19/1983,Associate Professor,Training,51037.46,1/28/2012,elecs@pagesperso-orange.fr,879-218-8911,0948 Clemons Alley,Ishimbay,,453209,Russia,Efrem Le Clercq,813-121-9409,friend,461,3/15/2015
462,Kellen,Burdoun,Male,12/9/1978,Administrative Assistant I,Product Management,128177.24,1/29/2013,kburdounct@drupal.org,980-329-0068,0 3rd Road,Ouro Branco,,59347-000,Brazil,Kellen Burdoun,317-239-4295,spouse,462,10/12/2018
463,Devland,Sessuns,Genderfluid,12/28/1980,Staff Accountant IV,Support,65314.7,3/8/2010,dsessunscu@nymag.com,499-124-7048,7421 Oak Drive,Koímisi,,,Greece,Devland Sessuns,782-440-5241,parent,463,4/26/2010
464,Greg,Trynor,Male,1/7/1964,Accounting Assistant I,Sales,47139.88,10/19/2014,gtrynorcv@mediafire.com,639-880-1524,82656 Golden Leaf Junction,Shuiche,,,China,Greg Trynor,260-569-9325,spouse,464,3/11/2021
465,Cointon,Jobey,Male,5/31/1990,Chief Design Engineer,Services,131906.22,6/25/2012,cjobeycw@ucoz.com,631-125-4707,43086 Stuart Hill,Pongola,,3171,South Africa,Cointon Jobey,630-416-9395,sibling,465,2/25/2017
466,Pedro,Mellon,Male,1/16/1960,Nurse,Accounting,73154.0,2/20/2021,pmelloncx@umn.edu,845-267-5186,71419 Morningstar Junction,Bajram Curri,,,Albania,Pedro Mellon,892-764-0675,spouse,466,2/11/2018
467,Leola,Blackborow,Female,3/19/1990,Financial Analyst,Sales,105832.22,10/20/2018,lblackborowcy@berkeley.edu,670-848-5572,1 Leroy Plaza,San Vicente,,6419,Philippines,Leola Blackborow,823-967-2193,friend,467,11/20/2020
468,Oralla,Kilmurray,Female,6/1/1976,Help Desk Operator,Business Development,127073.96,4/26/2010,okilmurraycz@canalblog.com,864-611-4475,907 Hintze Terrace,Kaem,,,Indonesia,Oralla Kilmurray,214-806-6611,parent,468,11/11/2011
469,Martha,Timby,Female,11/16/1970,Accounting Assistant III,Legal,92111.43,3/17/2013,mtimbyd0@businesswire.com,908-292-1646,4 Loftsgordon Crossing,Căuşeni,,MD-7702,Moldova,Martha Timby,124-715-8582,friend,469,4/27/2013
470,Phaedra,Beetham,Female,8/20/1961,Financial Analyst,Product Management,53220.29,5/4/2011,pbeethamd1@meetup.com,405-331-5354,972 Johnson Trail,Jinshan,,,China,Phaedra Beetham,916-689-1813,parent,470,9/9/2017
471,Clayborne,Kield,Male,11/28/1995,Librarian,Engineering,130762.06,7/26/2020,ckieldd2@ow.ly,664-485-0023,68974 Springview Avenue,Novospasskoye,,607914,Russia,Clayborne Kield,522-170-2681,sibling,471,11/16/2014
472,Sherlock,Dennington,Male,1/28/1972,Biostatistician II,Human Resources,143489.45,8/30/2010,sdenningtond3@mozilla.com,839-485-1802,94 Steensland Alley,Mieścisko,,62-290,Poland,Sherlock Dennington,757-734-8752,parent,472,8/28/2021
473,Dulcie,Wakefield,Female,5/19/1988,Accountant IV,Accounting,93911.22,4/10/2013,dwakefieldd4@hugedomains.com,645-990-8215,9168 3rd Hill,Vista Hermosa,Tamaulipas,87078,Mexico,Dulcie Wakefield,569-173-4760,parent,473,1/14/2019
474,Freddy,Shelper,Polygender,4/21/1993,Programmer I,Business Development,82874.09,9/6/2010,fshelperd5@senate.gov,395-335-3514,0 Jay Junction,Shanhaiguan,,,China,Freddy Shelper,308-943-6124,spouse,474,1/26/2010
475,Kassia,Buret,Female,12/14/1969,Human Resources Assistant II,Accounting,104028.27,9/16/2017,kburetd6@shareasale.com,495-287-0329,5203 Burning Wood Circle,Sidu,,,China,Kassia Buret,705-101-7109,sibling,475,1/6/2021
476,Rae,Haton,Female,3/14/1998,Staff Scientist,Marketing,36484.51,6/16/2016,rhatond7@biblegateway.com,620-746-9610,2 6th Circle,Jõgeva,,,Estonia,Rae Haton,658-757-3561,spouse,476,11/22/2016
477,Ardelis,Ackery,Female,10/22/1983,Occupational Therapist,Business Development,34678.3,7/21/2012,aackeryd8@cdc.gov,596-743-5441,1309 Sunnyside Park,Rumyantsevo,,143570,Russia,Ardelis Ackery,303-739-7491,sibling,477,1/31/2010
478,Estell,Twidle,Female,10/12/1981,Payment Adjustment Coordinator,Marketing,105732.97,3/12/2015,etwidled9@bing.com,987-286-1512,89870 Kingsford Junction,Xiaqiao,,,China,Estell Twidle,779-486-5061,friend,478,7/17/2019
479,Horacio,Peacham,Male,3/3/1981,Developer IV,Sales,36119.67,4/20/2019,hpeachamda@salon.com,880-707-2505,99590 Nancy Point,Shepetivka,,,Ukraine,Horacio Peacham,176-552-8886,spouse,479,4/11/2021
480,Waverly,Mersey,Male,9/10/1982,Senior Quality Engineer,Support,43217.81,11/28/2021,wmerseydb@addthis.com,328-662-1056,02298 Buell Park,Salvador,,40000-000,Brazil,Waverly Mersey,352-935-1030,friend,480,6/1/2019
481,Otha,Shimmans,Bigender,3/5/1980,Administrative Officer,Human Resources,62863.59,4/13/2017,oshimmansdc@1688.com,507-857-2830,25331 Nancy Crossing,Nam Kliang,,33130,Thailand,Otha Shimmans,203-302-0031,friend,481,2/24/2021
482,Andie,Walbrook,Female,3/12/1987,Chemical Engineer,Training,34004.2,11/30/2013,awalbrookdd@adobe.com,103-494-8828,093 Loomis Pass,Sankanan,,8701,Philippines,Andie Walbrook,386-954-2851,sibling,482,12/28/2018
483,Tamas,Just,Male,7/11/1981,Research Nurse,Product Management,56620.83,12/22/2011,tjustde@discuz.net,269-981-7734,02 Alpine Parkway,Battle Creek,Michigan,49018,United States,Tamas Just,819-269-4900,parent,483,9/1/2016
484,Darlleen,Kivits,Female,11/28/1971,Senior Cost Accountant,Product Management,112217.99,4/17/2014,dkivitsdf@telegraph.co.uk,909-920-9341,44413 Carey Pass,Kyoto,,612-8447,Japan,Darlleen Kivits,648-494-9888,friend,484,12/6/2012
485,Ambur,Langer,Female,1/28/1996,Software Consultant,Business Development,33468.29,2/16/2019,alangerdg@geocities.jp,777-499-7494,1576 Sage Street,Babakankadu,,,Indonesia,Ambur Langer,561-780-0275,spouse,485,7/29/2020
486,Ogdon,Twiddle,Male,5/17/1966,Nurse Practicioner,Product Management,111581.15,8/2/2018,otwiddledh@bravesites.com,823-104-9467,52 Mockingbird Pass,Oelui,,,Indonesia,Ogdon Twiddle,637-855-3272,sibling,486,7/7/2016
487,Jeffry,Canadine,Male,3/17/1960,Automation Specialist II,Services,89896.69,5/25/2021,jcanadinedi@china.com.cn,101-763-9409,70 Lotheville Trail,Gelatik,,,Indonesia,Jeffry Canadine,156-771-4876,spouse,487,4/25/2020
488,Parry,Benning,Male,6/30/1976,Nuclear Power Engineer,Human Resources,141722.98,10/30/2013,pbenningdj@ftc.gov,711-535-0339,5297 Welch Park,Ad Dimnah,,,Yemen,Parry Benning,292-304-7418,sibling,488,3/23/2019
489,Eadie,Olliffe,Female,5/20/1971,Engineer II,Accounting,89752.65,1/13/2021,eolliffedk@acquirethisname.com,452-511-4111,23258 Marcy Crossing,Zongzhai,,,China,Eadie Olliffe,370-279-4786,parent,489,8/29/2015
490,Rikki,Amorts,Female,2/25/1970,Media Manager I,Human Resources,115301.79,11/23/2020,ramortsdl@list-manage.com,728-260-5615,18 Spaight Trail,Innoshima,,794-2550,Japan,Rikki Amorts,847-972-2000,sibling,490,10/1/2019
491,Willie,Sotham,Female,1/3/1968,Actuary,Research and Development,53863.6,3/3/2012,wsothamdm@hhs.gov,264-477-3961,39 Tennessee Drive,Piranshahr,,,Iran,Willie Sotham,982-775-2082,friend,491,7/7/2018
492,Reine,Antonescu,Non-binary,12/16/1985,Administrative Officer,Product Management,76419.59,3/30/2021,rantonescudn@alexa.com,297-672-7890,506 Walton Terrace,Star’,,242640,Russia,Reine Antonescu,850-520-0902,friend,492,5/1/2013
493,Minta,Feben,Female,3/10/1983,Senior Cost Accountant,Legal,81415.21,6/28/2010,mfebendo@dedecms.com,819-932-4685,4680 Stoughton Hill,Rahama,,,Nigeria,Minta Feben,650-536-9417,parent,493,1/22/2012
494,Livia,Bosch,Female,5/20/1961,Analog Circuit Design manager,Engineering,61475.89,6/11/2014,lboschdp@xrea.com,954-384-9610,762 Heffernan Place,Zaliztsi,,,Ukraine,Livia Bosch,499-723-0001,friend,494,4/23/2018
495,Udale,Bambridge,Male,2/2/1968,Director of Sales,Support,46748.54,8/5/2011,ubambridgedq@dell.com,324-195-0879,79 Eggendart Lane,Rambouillet,Île-de-France,78514 CEDEX,France,Udale Bambridge,668-481-2059,friend,495,11/29/2017
496,Joanie,Tennewell,Female,12/30/1969,Analyst Programmer,Business Development,123121.15,5/27/2016,jtennewelldr@redcross.org,432-606-4249,30 Crest Line Road,Caibarién,,,Cuba,Joanie Tennewell,299-359-8324,spouse,496,6/1/2012
497,Mavis,Macconachy,Female,1/5/1965,Human Resources Assistant I,Human Resources,125876.46,2/28/2011,mmacconachyds@ucoz.ru,596-638-8333,28498 Cherokee Court,San Ramon,,6710,Philippines,Mavis Macconachy,838-601-0651,spouse,497,11/12/2021
498,Robinia,Robison,Female,11/15/1972,Software Engineer II,Accounting,99110.47,3/18/2015,rrobisondt@photobucket.com,488-146-0398,6 Barby Drive,Bukomansimbi,,,Uganda,Robinia Robison,313-323-7334,spouse,498,9/16/2016
499,Umeko,Turnell,Female,5/2/1992,Technical Writer,Business Development,108492.79,3/26/2015,uturnelldu@sciencedaily.com,264-809-4838,60313 Monument Avenue,Lelystad,Provincie Flevoland,8229,Netherlands,Umeko Turnell,183-657-2952,sibling,499,6/14/2010
500,Manny,Kiddye,Male,5/29/1987,Engineer IV,Research and Development,121182.83,10/31/2011,mkiddyedv@eventbrite.com,451-618-3118,375 Towne Crossing,Shouchun,,,China,Manny Kiddye,720-623-6322,spouse,500,3/8/2012
501,Padriac,Budget,Genderfluid,7/8/1988,Software Consultant,Support,89323.1,12/27/2019,pbudgetdw@weebly.com,587-139-1942,29 Talmadge Place,Radnice,,789 85,Czech Republic,Padriac Budget,438-741-6723,sibling,501,2/20/2018
502,Tamarra,Wiffield,Female,8/8/1981,Research Associate,Product Management,144715.84,12/31/2011,twiffielddx@zimbio.com,578-566-1209,83825 Veith Trail,Trosa,Södermanland,619 35,Sweden,Tamarra Wiffield,438-288-9244,parent,502,5/27/2018
503,Maressa,Beddie,Female,6/23/1987,VP Quality Control,Research and Development,137436.1,5/19/2012,mbeddiedy@google.fr,470-637-9534,2999 Hovde Pass,Ballybofey,,V23,Ireland,Maressa Beddie,849-807-2456,sibling,503,3/5/2012
504,Nedi,Collicott,Female,6/19/1982,Administrative Officer,Accounting,142650.17,2/2/2010,ncollicottdz@vk.com,496-384-8580,3432 Mariners Cove Alley,Glasnevin,,D11,Ireland,Nedi Collicott,128-681-3355,friend,504,9/10/2011
505,Griffie,Thies,Male,3/8/1967,Senior Developer,Research and Development,97148.8,3/31/2012,gthiese0@fda.gov,197-937-6029,892 Dakota Alley,Leśnica,,47-150,Poland,Griffie Thies,267-102-9316,sibling,505,9/6/2010
506,Maggee,Bodker,Female,9/26/1981,Chemical Engineer,Support,81522.33,11/15/2020,mbodkere1@hao123.com,241-291-4629,4 Elgar Center,Jishui,,,China,Maggee Bodker,536-739-1138,parent,506,10/8/2013
507,Auberon,Towson,Male,7/27/1993,Senior Cost Accountant,Marketing,32633.29,6/9/2011,atowsone2@microsoft.com,897-796-8986,76 Stone Corner Court,Granard,,D09,Ireland,Auberon Towson,619-920-0086,parent,507,3/8/2012
508,Angelita,Dyster,Female,8/28/1964,Senior Sales Associate,Research and Development,94395.11,3/4/2018,adystere3@alibaba.com,237-493-6609,24 Parkside Court,Ituverava,,14500-000,Brazil,Angelita Dyster,763-829-7693,friend,508,1/7/2012
509,Waylin,Wonham,Male,5/27/1965,Senior Quality Engineer,Engineering,33978.19,7/1/2019,wwonhame4@mozilla.org,205-911-8199,0 John Wall Trail,Birmingham,Alabama,35215,United States,Waylin Wonham,424-920-1053,spouse,509,3/27/2020
510,Theda,Krolle,Female,7/6/1986,Food Chemist,Services,142369.57,6/6/2018,tkrollee5@mayoclinic.com,825-287-9021,76756 Parkside Lane,Kubachi,,368586,Russia,Theda Krolle,668-752-9032,friend,510,8/22/2017
511,Kala,Joesbury,Female,3/30/1979,Senior Quality Engineer,Business Development,34837.89,3/16/2018,kjoesburye6@geocities.com,130-858-3278,7414 2nd Center,Setaka,,834-0122,Japan,Kala Joesbury,323-309-9726,friend,511,1/5/2020
512,Ali,Elsworth,Genderfluid,1/9/1964,Tax Accountant,Training,51663.46,10/27/2020,aelsworthe7@meetup.com,301-773-1148,086 Bunting Junction,San Francisco,,253608,Colombia,Ali Elsworth,463-416-2726,sibling,512,2/3/2010
513,Catriona,Covelle,Female,11/6/1969,Dental Hygienist,Sales,110879.77,5/26/2010,ccovellee8@rambler.ru,280-798-0751,2335 Reindahl Pass,Tagana-an,,8403,Philippines,Catriona Covelle,326-293-7339,friend,513,11/4/2017
514,Terri,Speak,Female,1/1/1978,Systems Administrator II,Marketing,50159.5,11/4/2016,tspeake9@oaic.gov.au,465-731-5234,7612 Dryden Alley,Kökar,,22730,Aland Islands,Terri Speak,402-156-1352,spouse,514,5/26/2015
515,Olga,Dayton,Female,7/1/1963,Accountant II,Support,92545.75,12/7/2017,odaytonea@artisteer.com,731-380-3841,8 Warrior Terrace,Oro Timur,,,Indonesia,Olga Dayton,927-782-4368,spouse,515,12/7/2020
516,Rodger,Yelyashev,Male,10/9/1982,Structural Engineer,Training,103513.87,9/26/2013,ryelyasheveb@sciencedirect.com,157-857-6448,3 Maple Wood Hill,Ibirataia,,45580-000,Brazil,Rodger Yelyashev,372-504-9992,sibling,516,3/31/2021
517,Consalve,Milner,Male,3/22/1978,Food Chemist,Marketing,57193.11,7/1/2018,cmilnerec@mtv.com,398-344-5873,243 Gerald Street,Kuanheum,,,Indonesia,Consalve Milner,777-230-5161,parent,517,1/26/2010
518,Richmound,Plesing,Male,9/4/1996,Associate Professor,Research and Development,93593.32,11/3/2013,rplesinged@linkedin.com,731-462-6112,42 Melrose Alley,Srono,,,Indonesia,Richmound Plesing,572-607-0156,sibling,518,1/5/2010
519,Corbin,Di Meo,Male,1/29/1985,Help Desk Technician,Research and Development,120003.92,9/6/2014,cdiee@shinystat.com,753-190-8549,1 Mendota Road,Yuwan,,,China,Corbin Di Meo,935-164-9231,sibling,519,8/4/2012
520,Shep,Clews,Male,3/21/1964,Analyst Programmer,Accounting,46062.7,7/2/2011,sclewsef@apple.com,391-113-9527,369 Duke Pass,Foluo,,,China,Shep Clews,205-315-8288,spouse,520,12/1/2014
521,Ruth,Kolushev,Female,6/9/1990,Analog Circuit Design manager,Training,123843.92,7/10/2021,rkolusheveg@admin.ch,680-324-4395,15567 Evergreen Way,Iwamizawa,,770-0864,Japan,Ruth Kolushev,852-589-2441,sibling,521,5/25/2021
522,Lyle,Booij,Male,6/25/1969,Analog Circuit Design manager,Training,67947.48,9/30/2021,lbooijeh@topsy.com,294-127-9660,85 Jenifer Lane,Baluk,,,Indonesia,Lyle Booij,410-669-0733,sibling,522,5/29/2021
523,Chicky,Koschek,Male,1/21/1965,Senior Developer,Human Resources,136959.39,7/22/2015,ckoschekei@edublogs.org,736-539-6246,1351 Vidon Way,Qiucun,,,China,Chicky Koschek,207-143-3409,spouse,523,7/13/2019
524,Francois,Franiak,Male,11/23/1973,Recruiter,Sales,65461.7,1/2/2019,ffraniakej@bloglines.com,469-873-1384,7 Nova Trail,Dallas,Texas,75210,United States,Francois Franiak,262-315-4609,sibling,524,2/7/2016
525,Dwayne,Newton,Male,3/13/1981,Senior Editor,Engineering,125836.61,8/21/2015,dnewtonek@wikispaces.com,822-229-4668,0 Arkansas Junction,Antony,Île-de-France,92169 CEDEX,France,Dwayne Newton,283-597-3751,parent,525,2/7/2011
526,Joye,McGroarty,Female,9/30/1984,Help Desk Operator,Services,117564.97,11/29/2015,jmcgroartyel@theatlantic.com,510-839-9073,6227 John Wall Crossing,Yuquan,,,China,Joye McGroarty,994-450-4684,friend,526,12/3/2015
527,Massimo,Normanvill,Male,7/7/1972,Librarian,Engineering,86054.08,3/24/2021,mnormanvillem@1688.com,153-120-3113,80 Stang Court,Ðà Lạt,,,Vietnam,Massimo Normanvill,134-584-2289,spouse,527,5/4/2016
528,Myranda,Claydon,Female,2/13/1964,GIS Technical Architect,Legal,81806.37,2/8/2011,mclaydonen@w3.org,255-240-4947,6 Lawn Crossing,Arys,,,Kazakhstan,Myranda Claydon,328-737-8740,spouse,528,6/9/2019
529,Harlen,Eagland,Male,10/5/1983,Office Assistant II,Product Management,76851.41,5/16/2012,heaglandeo@quantcast.com,660-725-8193,6272 2nd Crossing,Dukuhpicung,,,Indonesia,Harlen Eagland,123-242-6315,sibling,529,9/20/2021
530,Galvin,Roubert,Male,7/17/1985,Senior Developer,Business Development,75153.09,9/18/2016,groubertep@studiopress.com,326-671-9130,53 Logan Trail,Ashton,,6715,South Africa,Galvin Roubert,315-969-6316,sibling,530,9/26/2017
531,Noella,Pococke,Agender,7/12/1989,Quality Control Specialist,Business Development,55378.55,6/5/2016,npocockeeq@mayoclinic.com,636-536-3800,58720 Buhler Junction,La Ensenada,,,Chile,Noella Pococke,535-780-7922,sibling,531,10/7/2016
532,Kerry,Ferrario,Male,2/26/1998,Software Consultant,Marketing,120863.69,2/21/2011,kferrarioer@yelp.com,594-771-5129,04 Namekagon Way,Totolan,,6346,Philippines,Kerry Ferrario,538-267-7734,spouse,532,3/19/2019
533,Whitby,Haggerston,Polygender,11/11/1996,Staff Accountant III,Business Development,50790.07,7/4/2015,whaggerstones@pen.io,324-655-1375,22289 Continental Park,Banjiang,,,China,Whitby Haggerston,923-542-3605,spouse,533,9/15/2013
534,Ingrim,Pundy,Male,2/8/1961,Senior Cost Accountant,Accounting,34842.5,2/23/2015,ipundyet@washington.edu,233-692-9213,019 Center Lane,Yanglin,,,China,Ingrim Pundy,406-595-9918,parent,534,1/18/2015
535,Annamarie,Barens,Female,8/4/1990,Registered Nurse,Sales,88740.11,12/4/2017,abarenseu@cargocollective.com,716-650-7999,840 Commercial Alley,Chợ Lầu,,,Vietnam,Annamarie Barens,843-956-5049,parent,535,3/11/2017
536,Coriss,Record,Female,4/30/1976,Programmer III,Human Resources,118776.34,7/8/2018,crecordev@infoseek.co.jp,667-463-3232,1 Nova Center,Saint-Maur-des-Fossés,Île-de-France,94109 CEDEX,France,Coriss Record,525-586-8034,friend,536,2/11/2019
537,Patrick,Markwell,Male,10/22/1993,Systems Administrator I,Accounting,91024.61,3/10/2017,pmarkwellew@goo.gl,162-463-0888,8 Debra Parkway,Timbuktu,,,Mali,Patrick Markwell,799-845-8632,parent,537,6/7/2015
538,Rochella,Reilly,Female,1/18/1969,Programmer Analyst III,Product Management,78306.56,4/14/2016,rreillyex@baidu.com,770-402-8846,5 Grasskamp Trail,Pasaco,,22015,Guatemala,Rochella Reilly,747-667-3046,sibling,538,4/5/2013
539,Wallie,Stetson,Polygender,1/15/1979,Product Engineer,Services,100282.7,7/24/2013,wstetsoney@twitpic.com,654-389-0128,95629 Bunting Avenue,Yipeng,,,China,Wallie Stetson,334-848-8763,sibling,539,11/10/2015
540,Kissiah,Menichillo,Female,9/22/1982,Account Executive,Research and Development,75427.3,7/9/2016,kmenichilloez@mysql.com,598-524-8295,8328 Jenifer Court,Āq Qāyeh,,,Iran,Kissiah Menichillo,133-378-3779,friend,540,9/27/2016
541,Patricio,Joderli,Male,10/7/1977,Quality Control Specialist,Marketing,114330.9,5/26/2010,pjoderlif0@google.co.jp,333-818-5312,1876 West Avenue,Reshetnikovo,,141667,Russia,Patricio Joderli,236-831-6514,spouse,541,6/13/2021
542,Darcy,Horbath,Female,9/8/1986,Automation Specialist I,Services,118300.43,2/2/2020,dhorbathf1@nationalgeographic.com,785-172-8457,3 Dahle Terrace,Đình Lập,,,Vietnam,Darcy Horbath,913-778-2537,sibling,542,8/27/2011
543,Prudence,Merrywether,Female,6/22/1969,Analog Circuit Design manager,Product Management,32121.16,4/29/2012,pmerrywetherf2@w3.org,358-966-6909,4 Morning Plaza,Ronfe,Braga,4805-358,Portugal,Prudence Merrywether,274-505-2113,parent,543,9/1/2020
544,Klement,Besque,Male,4/27/1996,Quality Control Specialist,Marketing,123037.16,8/21/2021,kbesquef3@cisco.com,876-168-3272,493 Leroy Center,Antipolo,,3129,Philippines,Klement Besque,981-220-1065,friend,544,5/13/2021
545,Dayna,Tomblin,Female,3/22/1976,Executive Secretary,Legal,107408.24,10/17/2015,dtomblinf4@4shared.com,802-300-1412,425 Eastwood Court,Phu Loc,,,Vietnam,Dayna Tomblin,495-748-4596,spouse,545,7/21/2011
546,Lucias,Duval,Male,12/13/1968,Marketing Assistant,Business Development,138247.53,1/1/2014,lduvalf5@google.ru,632-141-7946,724 Lakeland Circle,Maracanaú,,61900-000,Brazil,Lucias Duval,732-802-2521,spouse,546,2/10/2019
547,Cindy,Caillou,Female,7/28/1973,Structural Analysis Engineer,Business Development,128659.34,5/17/2017,ccaillouf6@aboutads.info,666-365-4511,739 Sundown Drive,Xianju,,,China,Cindy Caillou,924-482-2717,spouse,547,7/12/2015
548,Anselma,Poag,Female,3/5/1980,Environmental Tech,Support,49779.29,1/20/2016,apoagf7@goodreads.com,572-240-5899,648 Melody Street,Boyang,,,China,Anselma Poag,715-744-3805,sibling,548,12/26/2012
549,Danya,Nesfield,Male,3/20/1991,Community Outreach Specialist,Human Resources,49136.34,1/29/2015,dnesfieldf8@phoca.cz,342-590-9757,17 Bayside Alley,Dajanrurung,,,Indonesia,Danya Nesfield,191-663-4212,spouse,549,2/6/2015
550,Derrick,Craven,Male,8/17/1976,General Manager,Support,73952.89,6/29/2018,dcravenf9@nps.gov,338-986-2138,8428 Burning Wood Circle,Dongli,,,China,Derrick Craven,287-820-7336,friend,550,4/23/2019
551,Waylen,Martineau,Male,9/25/1966,Staff Accountant III,Marketing,82318.85,8/6/2012,wmartineaufa@spiegel.de,215-640-6084,8850 Moland Terrace,Ouro Branco,,59347-000,Brazil,Waylen Martineau,979-665-5196,parent,551,11/10/2017
552,Dilly,Scarth,Male,5/4/1975,Software Test Engineer III,Engineering,126889.17,3/23/2017,dscarthfb@illinois.edu,220-112-9467,12632 Goodland Park,West Jerusalem,,,Israel,Dilly Scarth,259-607-0211,spouse,552,8/25/2013
553,Rockwell,Gill,Male,3/13/1961,Professor,Business Development,84060.75,9/9/2015,rgillfc@virginia.edu,317-875-0902,2 Calypso Road,Jatisari,,,Indonesia,Rockwell Gill,828-226-0972,spouse,553,9/9/2013
554,Pasquale,McGaugie,Male,1/20/1979,Dental Hygienist,Support,46334.99,5/14/2012,pmcgaugiefd@apache.org,489-335-2203,49 Bluestem Circle,Mineiros,,75830-000,Brazil,Pasquale McGaugie,962-547-8468,parent,554,5/3/2012
555,Fitzgerald,Dioniso,Male,10/31/1999,Community Outreach Specialist,Training,118189.67,5/21/2012,fdionisofe@cornell.edu,982-390-8437,84 Rowland Parkway,Bedayutalang,,,Indonesia,Fitzgerald Dioniso,740-973-9147,spouse,555,3/24/2019
556,Fowler,Arp,Male,8/20/1988,Occupational Therapist,Marketing,70390.3,6/18/2015,farpff@ftc.gov,540-633-3615,725 Jenna Drive,Meilin,,,China,Fowler Arp,731-562-7478,sibling,556,2/15/2010
557,Natasha,Long,Female,8/29/1965,Senior Editor,Research and Development,41493.35,2/8/2014,nlongfg@thetimes.co.uk,393-495-7567,41 Hoard Drive,Dongchen,,,China,Natasha Long,321-112-8260,spouse,557,10/27/2019
558,Georgina,Chittim,Female,3/11/1960,Web Developer I,Marketing,34638.79,10/10/2020,gchittimfh@hao123.com,923-743-7616,59 Coleman Hill,Houmt Souk,,,Tunisia,Georgina Chittim,206-883-5519,parent,558,5/20/2012
559,Christean,Shackell,Female,4/16/1969,Chief Design Engineer,Product Management,46354.31,2/20/2013,cshackellfi@ycombinator.com,840-724-1987,09854 Dixon Plaza,Tauca,,,Peru,Christean Shackell,641-126-9980,sibling,559,9/7/2021
560,Inesita,Osborne,Female,3/27/1973,Senior Editor,Human Resources,73970.81,5/28/2020,iosbornefj@addthis.com,853-935-8244,28791 Bluestem Trail,Morshansk,,442283,Russia,Inesita Osborne,556-727-6409,parent,560,11/3/2015
561,Abel,Osmint,Male,9/21/1979,Graphic Designer,Human Resources,132181.9,2/22/2018,aosmintfk@bandcamp.com,293-928-1048,831 Oak Center,Rybinsk,,694440,Russia,Abel Osmint,506-981-0362,spouse,561,10/7/2018
562,Giselbert,Bleythin,Male,1/3/1984,Structural Engineer,Product Management,87607.86,10/6/2019,gbleythinfl@cocolog-nifty.com,508-889-7275,122 Truax Pass,Alacaygan,,1212,Philippines,Giselbert Bleythin,716-303-0228,friend,562,7/2/2015
563,Eward,Scotsbrook,Male,1/13/1982,Human Resources Assistant I,Engineering,129887.31,7/22/2012,escotsbrookfm@ed.gov,798-790-4058,7 Twin Pines Point,Dongchengyuan,,,China,Eward Scotsbrook,907-808-0598,friend,563,10/20/2015
564,Jamison,Vader,Male,5/15/1998,Environmental Specialist,Services,77816.21,7/15/2019,jvaderfn@timesonline.co.uk,202-672-6252,86 Derek Terrace,La Dorada,,175038,Colombia,Jamison Vader,701-886-6391,sibling,564,8/6/2013
565,Denver,Kerwin,Bigender,2/27/1991,Assistant Manager,Business Development,57027.02,9/21/2021,dkerwinfo@storify.com,278-627-5840,658 Mifflin Junction,Fajã de Cima,Ilha de São Miguel,9500-506,Portugal,Denver Kerwin,429-827-3258,sibling,565,6/4/2018
566,Tracy,Messer,Female,5/20/1991,Analog Circuit Design manager,Engineering,53122.63,7/9/2015,tmesserfp@cbslocal.com,232-823-0065,0 Village Green Court,Ponong,,5040,Philippines,Tracy Messer,694-567-1928,sibling,566,9/17/2021
567,Jedidiah,MacDermid,Male,3/30/1966,Nurse,Accounting,69694.48,3/7/2013,jmacdermidfq@addthis.com,695-697-2392,0595 Dovetail Point,Zumarraga,,6725,Philippines,Jedidiah MacDermid,155-116-6844,spouse,567,9/19/2011
568,Rasia,Strugnell,Female,2/27/1992,Staff Scientist,Training,80078.03,3/31/2017,rstrugnellfr@symantec.com,213-119-2604,87 Monica Plaza,T’ianet’i,,,Georgia,Rasia Strugnell,618-352-2222,spouse,568,5/14/2010
569,Ida,Goose,Female,8/19/1978,Quality Control Specialist,Product Management,99324.44,10/12/2021,igoosefs@senate.gov,753-862-4890,806 Muir Hill,Xinhua,,,China,Ida Goose,500-509-4875,spouse,569,7/23/2017
570,Rena,Greber,Female,2/19/1971,Professor,Training,116811.8,8/3/2021,rgreberft@addthis.com,321-795-3159,2350 Oak Alley,Bjelovar,,43000,Croatia,Rena Greber,516-283-2276,friend,570,6/6/2012
571,Giselle,Cases,Female,2/11/1993,Community Outreach Specialist,Business Development,59220.25,6/30/2015,gcasesfu@umich.edu,337-209-6804,1755 Macpherson Point,Pruzhany,,,Belarus,Giselle Cases,832-153-5299,friend,571,7/12/2015
572,Humberto,Grieswood,Male,9/18/1998,Nurse,Engineering,37517.74,1/28/2018,hgrieswoodfv@dion.ne.jp,865-231-5496,6662 Summer Ridge Street,Pordapor Barat,,,Indonesia,Humberto Grieswood,489-992-6578,sibling,572,1/20/2021
573,Annemarie,Malmar,Female,12/11/1995,Compensation Analyst,Support,83679.21,7/13/2021,amalmarfw@yellowbook.com,107-797-7094,3 Carey Drive,Hengshan,,,China,Annemarie Malmar,830-955-4232,friend,573,7/9/2016
574,Corinna,Reinbech,Female,7/28/1969,VP Accounting,Legal,91677.21,10/27/2021,creinbechfx@newyorker.com,437-518-3493,9 Morning Center,Moses,Porto,4415-719,Portugal,Corinna Reinbech,177-542-8882,parent,574,4/27/2011
575,Tomas,McFarlane,Male,3/2/1975,Nurse Practicioner,Product Management,71606.99,6/13/2015,tmcfarlanefy@patch.com,627-845-9935,43 Ohio Way,Rukem,,,Indonesia,Tomas McFarlane,680-484-3939,spouse,575,5/14/2020
576,Kincaid,Forcade,Male,5/22/1971,Teacher,Product Management,133808.58,3/19/2011,kforcadefz@reuters.com,888-586-5263,65631 Ridge Oak Terrace,Agios Dimitrios,,,Greece,Kincaid Forcade,117-894-2261,spouse,576,12/5/2019
577,Lilias,Blencoe,Female,4/26/1967,Geological Engineer,Marketing,148552.65,1/18/2021,lblencoeg0@macromedia.com,491-858-8963,07547 Holmberg Park,Vetluzhskiy,,606700,Russia,Lilias Blencoe,915-728-3882,sibling,577,6/2/2019
578,Cordula,Stansell,Female,12/30/1968,Assistant Professor,Training,59904.86,4/25/2013,cstansellg1@washingtonpost.com,577-419-0587,8 Texas Place,San Simon,,2015,Philippines,Cordula Stansell,448-102-7577,friend,578,5/26/2014
579,Jourdan,Franschini,Female,3/10/1992,Computer Systems Analyst III,Support,39726.05,4/30/2016,jfranschinig2@sina.com.cn,806-751-0206,597 Hayes Alley,Cipancur,,,Indonesia,Jourdan Franschini,121-696-8050,spouse,579,4/9/2015
580,Vassili,Holsall,Male,12/6/1963,Data Coordinator,Human Resources,56414.65,5/7/2017,vholsallg3@ebay.co.uk,703-862-8115,97067 Lillian Plaza,Villa Gesell,,7165,Argentina,Vassili Holsall,423-667-2312,friend,580,2/26/2011
581,Cassie,Paslow,Male,1/22/1968,Chief Design Engineer,Services,72128.3,7/13/2014,cpaslowg4@reference.com,368-182-2310,6 Oneill Drive,Huangdi,,,China,Cassie Paslow,194-461-3607,spouse,581,8/18/2014
582,Serge,Tabour,Male,12/28/1965,Media Manager IV,Marketing,91726.33,3/6/2010,stabourg5@surveymonkey.com,560-247-8571,70680 Alpine Parkway,Eloy Alfaro,,,Ecuador,Serge Tabour,956-783-7946,parent,582,4/14/2013
583,Bev,Farebrother,Male,3/29/1983,Recruiter,Legal,51642.87,1/1/2014,bfarebrotherg6@live.com,603-886-9525,15348 Duke Place,Matara,,81000,Sri Lanka,Bev Farebrother,824-851-3553,spouse,583,9/6/2011
584,Dyana,McGucken,Female,12/23/1967,Nurse,Services,50078.45,5/23/2018,dmcguckeng7@sogou.com,910-954-7444,59488 Stone Corner Crossing,Makur,,,Micronesia,Dyana McGucken,602-672-7976,sibling,584,12/4/2019
585,Mollie,Trowsdale,Female,8/31/1965,General Manager,Product Management,84751.77,11/11/2020,mtrowsdaleg8@hao123.com,788-929-1072,254 Charing Cross Street,Kamieniec Podolski,,,Ukraine,Mollie Trowsdale,695-244-8245,sibling,585,3/29/2015
586,Mario,Rochford,Male,9/22/1979,Technical Writer,Support,48728.46,5/23/2014,mrochfordg9@ucoz.com,900-252-5631,209 Valley Edge Avenue,San Bernardino,,,Paraguay,Mario Rochford,954-862-8897,parent,586,3/29/2020
587,Georgette,Warlock,Genderqueer,11/15/1999,Financial Advisor,Engineering,70264.74,10/13/2010,gwarlockga@shop-pro.jp,686-348-8858,4 Truax Road,Mělník,,276 01,Czech Republic,Georgette Warlock,526-713-2296,parent,587,7/4/2010
588,Normy,Littell,Male,3/20/1966,Office Assistant IV,Engineering,122868.76,9/23/2017,nlittellgb@histats.com,640-659-3895,377 Loeprich Drive,Cigembong,,,Indonesia,Normy Littell,696-378-5772,spouse,588,7/3/2012
589,Murial,Joincey,Female,3/30/1993,Budget/Accounting Analyst II,Business Development,94860.52,6/23/2017,mjoinceygc@mozilla.org,176-622-7638,02919 Forster Park,Nikki,,,Benin,Murial Joincey,515-759-4751,parent,589,2/22/2014
590,Jehu,Bladon,Male,10/6/1972,Help Desk Technician,Support,106509.82,3/31/2019,jbladongd@a8.net,417-201-4371,08 Mitchell Pass,Матејче,,1315,Macedonia,Jehu Bladon,979-252-2950,friend,590,3/13/2021
591,Gallagher,Oury,Male,10/29/1973,Technical Writer,Product Management,55563.06,8/8/2013,gouryge@canalblog.com,740-630-1055,0336 Roxbury Center,Miliangju,,,China,Gallagher Oury,362-936-3122,friend,591,8/20/2020
592,Thorin,McPake,Male,12/27/1998,Help Desk Operator,Research and Development,44579.22,6/11/2020,tmcpakegf@usatoday.com,827-738-0977,55 Dayton Circle,Sandvika,Akershus,1304,Norway,Thorin McPake,912-608-1353,spouse,592,8/12/2021
593,Jeff,Suarez,Male,1/25/1970,Occupational Therapist,Research and Development,142333.85,3/16/2010,jsuarezgg@shutterfly.com,615-941-9583,5094 High Crossing Plaza,Pasirtujuhpuluh,,,Indonesia,Jeff Suarez,570-771-7170,parent,593,11/18/2017
594,Gael,Najera,Female,9/10/1995,Marketing Manager,Human Resources,37334.99,11/13/2019,gnajeragh@about.com,227-489-9438,3115 Hagan Junction,Sirnasari,,,Indonesia,Gael Najera,627-735-4838,parent,594,10/3/2015
595,Auberon,MacCoughen,Male,9/14/1977,VP Accounting,Research and Development,64097.61,12/21/2017,amaccoughengi@addtoany.com,275-943-6422,268 Tennessee Hill,Macaíba,,59280-000,Brazil,Auberon MacCoughen,705-277-4535,parent,595,6/10/2020
596,Nady,McGeever,Female,5/25/1963,Accountant II,Support,111187.33,7/2/2013,nmcgeevergj@timesonline.co.uk,495-950-3697,03 Reindahl Parkway,Strelka,,353539,Russia,Nady McGeever,795-358-3033,spouse,596,9/9/2021
597,Brandice,MacPeice,Female,8/7/1981,Quality Control Specialist,Human Resources,95900.24,7/12/2010,bmacpeicegk@issuu.com,244-361-6769,4 Kinsman Center,Tranca,,4234,Philippines,Brandice MacPeice,806-296-5566,sibling,597,7/7/2016
598,Esra,Auten,Male,3/7/1966,Marketing Assistant,Legal,36069.14,10/1/2019,eautengl@nymag.com,118-825-5907,5627 Claremont Center,Chengyang,,,China,Esra Auten,942-902-3756,parent,598,11/21/2012
599,William,Kalinovich,Male,1/3/1989,Research Associate,Support,54792.53,6/26/2015,wkalinovichgm@wordpress.com,517-250-5850,280 Manufacturers Point,Opol,,9016,Philippines,William Kalinovich,167-310-7160,parent,599,8/17/2012
600,Delia,Stede,Female,8/19/1981,Programmer Analyst II,Human Resources,63471.56,8/11/2013,dstedegn@utexas.edu,867-152-4066,8577 Harper Lane,Qeshm,,,Iran,Delia Stede,905-322-7024,sibling,600,3/31/2018
601,Pinchas,McFater,Male,5/17/1987,Director of Sales,Accounting,69105.59,7/21/2018,pmcfatergo@ocn.ne.jp,889-343-1218,50 Dexter Road,Cururupu,,65268-000,Brazil,Pinchas McFater,502-767-2913,sibling,601,12/20/2015
602,Phyllys,Iremonger,Female,7/27/1971,Account Coordinator,Legal,120019.21,8/1/2020,piremongergp@networkadvertising.org,385-641-5184,9913 Pine View Terrace,Ivano-Frankove,,,Ukraine,Phyllys Iremonger,687-898-9005,parent,602,7/21/2018
603,Mickie,Wickens,Male,1/11/1994,Design Engineer,Legal,116339.02,9/21/2013,mwickensgq@google.co.jp,458-980-7819,5597 Randy Way,Nancheng,,,China,Mickie Wickens,710-129-2495,parent,603,12/5/2014
604,Paco,Bruyet,Male,4/18/1971,Web Developer IV,Research and Development,49703.78,5/1/2015,pbruyetgr@wired.com,333-864-6713,27221 Fairview Junction,Khorramdarreh,,,Iran,Paco Bruyet,420-999-2812,friend,604,4/29/2021
605,Georgeanne,Greatbatch,Female,5/19/1993,Dental Hygienist,Training,69256.9,12/13/2011,ggreatbatchgs@typepad.com,115-116-8221,21309 Vidon Terrace,Laojunpo,,,China,Georgeanne Greatbatch,233-105-1969,friend,605,7/3/2018
606,Lurette,Colliber,Female,8/3/1977,Programmer III,Marketing,144509.99,11/15/2019,lcollibergt@wired.com,438-771-8670,099 Cascade Circle,Neiguan,,,China,Lurette Colliber,917-191-8205,parent,606,5/10/2013
607,Caroljean,Castagno,Female,6/14/1985,Clinical Specialist,Marketing,140556.41,5/28/2010,ccastagnogu@cisco.com,664-399-8138,34 Scofield Circle,Kototujuh,,,Indonesia,Caroljean Castagno,186-927-6444,parent,607,12/2/2018
608,Roberta,Olyff,Female,4/19/1988,Senior Cost Accountant,Accounting,129408.69,12/18/2015,rolyffgv@illinois.edu,118-307-9635,19 Maple Wood Junction,Kariaí,,,Greece,Roberta Olyff,424-627-2871,parent,608,7/29/2010
609,Anatole,Milksop,Male,4/16/1966,Account Representative IV,Business Development,68938.11,11/5/2021,amilksopgw@ycombinator.com,912-779-4340,4 Stone Corner Parkway,Itabaiana,,49500-000,Brazil,Anatole Milksop,603-778-4433,friend,609,12/28/2019
610,Melina,Youtead,Female,9/16/1974,Editor,Legal,111755.88,9/15/2016,myouteadgx@webeden.co.uk,387-536-0520,5 Hollow Ridge Way,Wangsi,,,China,Melina Youtead,738-464-9628,friend,610,8/25/2014
611,Kevin,Rozalski,Male,7/22/1983,Nurse Practicioner,Services,75798.48,10/30/2021,krozalskigy@oaic.gov.au,529-224-2455,79141 Independence Way,Şaqānis,,,Tunisia,Kevin Rozalski,425-285-6010,friend,611,1/8/2015
612,Diane-marie,Bolding,Female,6/18/1961,Systems Administrator III,Support,124812.94,3/16/2020,dboldinggz@facebook.com,390-398-6585,1668 Lakewood Point,San Luis Jilotepeque,,21003,Guatemala,Diane-marie Bolding,270-944-1298,parent,612,4/1/2012
613,Hilliary,Basham,Female,12/18/1972,Automation Specialist II,Legal,30179.28,9/21/2012,hbashamh0@biblegateway.com,735-544-9168,0 Grayhawk Court,Mullovka,,433649,Russia,Hilliary Basham,761-955-0984,parent,613,4/11/2021
614,Wake,Glazebrook,Male,9/21/1982,Help Desk Operator,Research and Development,41231.41,5/8/2018,wglazebrookh1@icq.com,985-107-4950,4469 Esch Drive,Krasnokamensk,,662955,Russia,Wake Glazebrook,428-847-8015,spouse,614,3/5/2019
615,Lucky,Sunner,Female,10/3/1977,Clinical Specialist,Support,104948.96,10/3/2019,lsunnerh2@yelp.com,712-819-6020,9 Milwaukee Junction,Douala,,,Cameroon,Lucky Sunner,717-778-9093,parent,615,8/1/2017
616,Simone,Kernock,Male,12/20/1962,Programmer Analyst II,Human Resources,88101.94,6/24/2015,skernockh3@pinterest.com,497-775-4056,4574 Lawn Crossing,Bāmyān,,,Afghanistan,Simone Kernock,750-992-3635,parent,616,3/6/2014
617,Giana,Merlin,Female,10/21/1977,Structural Engineer,Human Resources,86443.6,3/28/2019,gmerlinh4@google.co.jp,852-619-9178,9015 Granby Road,Yanglinwei,,,China,Giana Merlin,573-186-0016,sibling,617,4/27/2010
618,Hobey,O'Codihie,Male,4/17/1989,Operator,Services,31783.18,4/21/2021,hocodihieh5@cloudflare.com,690-281-3309,238 Emmet Place,Amuru,,,Uganda,Hobey O'Codihie,899-844-6489,spouse,618,11/11/2017
619,Winifred,Claessens,Bigender,4/28/1984,Chief Design Engineer,Business Development,144023.39,4/30/2014,wclaessensh6@amazon.de,284-455-1392,66 Melvin Drive,Tongjin,,,South Korea,Winifred Claessens,370-538-9974,sibling,619,6/19/2016
620,Ashien,Prowse,Female,2/2/1961,Quality Engineer,Product Management,103806.82,6/21/2015,aprowseh7@washingtonpost.com,911-275-1155,79 Calypso Terrace,Novosheshminsk,,423190,Russia,Ashien Prowse,292-900-2701,sibling,620,8/23/2018
621,Kathye,Meaney,Female,10/21/1996,Financial Advisor,Product Management,69075.24,8/31/2016,kmeaneyh8@ihg.com,821-541-8308,9 Elka Terrace,Beolgyo,,,South Korea,Kathye Meaney,918-866-2377,parent,621,5/23/2016
622,Wendel,McSharry,Male,10/23/1998,Data Coordinator,Legal,106213.22,3/15/2020,wmcsharryh9@mapy.cz,780-642-8342,65 Mayer Plaza,Staryy Krym,,,Ukraine,Wendel McSharry,252-784-1952,friend,622,9/19/2013
623,Lev,Stubbes,Male,1/3/1989,Software Consultant,Training,31160.58,8/24/2018,lstubbesha@furl.net,406-782-8065,60231 Rigney Drive,Araucária,,83700-000,Brazil,Lev Stubbes,984-444-1040,friend,623,11/18/2020
624,Crissy,Stanion,Female,3/25/1990,Marketing Assistant,Legal,72155.86,12/17/2017,cstanionhb@craigslist.org,227-623-9837,25589 Independence Hill,Rešetari,,35403,Croatia,Crissy Stanion,544-600-9974,sibling,624,5/9/2010
625,Cecil,Neilan,Male,8/9/1995,Electrical Engineer,Marketing,139311.52,3/3/2016,cneilanhc@bing.com,934-360-8261,5221 Forest Dale Hill,Campamento,,052027,Colombia,Cecil Neilan,561-804-3458,spouse,625,2/22/2013
626,Shay,Coal,Male,11/20/1967,Mechanical Systems Engineer,Research and Development,60405.62,8/20/2012,scoalhd@drupal.org,507-187-0292,25156 Clarendon Circle,Leskovac,,,Serbia,Shay Coal,529-518-7602,sibling,626,3/23/2013
627,Essie,Fronks,Female,5/18/1964,Sales Associate,Training,148385.69,6/30/2010,efronkshe@cisco.com,848-885-6811,270 Parkside Center,Kristinehamn,Värmland,681 37,Sweden,Essie Fronks,347-663-1441,sibling,627,3/11/2010
628,Alecia,Barkshire,Female,3/1/1965,Financial Analyst,Training,134394.59,5/30/2013,abarkshirehf@vk.com,599-113-4611,4 Saint Paul Point,El Nido,,5313,Philippines,Alecia Barkshire,681-265-3685,sibling,628,5/30/2012
629,Ashil,Viney,Female,1/4/1984,Senior Cost Accountant,Training,133178.34,11/16/2014,avineyhg@altervista.org,784-271-3267,3 Veith Crossing,Energeticheskiy,,,Kazakhstan,Ashil Viney,464-400-7452,spouse,629,7/25/2018
630,Hieronymus,Van den Oord,Male,10/28/1993,Statistician IV,Services,97789.98,2/1/2019,hvanhh@admin.ch,655-783-7675,790 Mendota Court,Tuzhai,,,China,Hieronymus Van den Oord,384-203-7459,friend,630,8/14/2017
631,Patrica,Chidley,Female,3/1/1974,Accountant I,Research and Development,104280.48,7/18/2015,pchidleyhi@webs.com,836-422-0282,917 Twin Pines Plaza,Chipyela,,,Malawi,Patrica Chidley,631-175-5649,friend,631,11/16/2020
632,Graehme,Dabel,Male,9/8/1986,Staff Scientist,Services,128559.39,11/25/2016,gdabelhj@vimeo.com,884-560-4583,9 Almo Park,Nanshi,,,China,Graehme Dabel,685-110-7750,spouse,632,2/10/2012
633,Frannie,Deek,Male,3/10/1985,VP Marketing,Research and Development,117884.25,8/11/2017,fdeekhk@oracle.com,866-747-1622,93 North Circle,Pasirhuni,,,Indonesia,Frannie Deek,608-849-1949,parent,633,11/20/2021
634,Marysa,Toopin,Genderfluid,11/9/1986,General Manager,Accounting,107233.44,8/28/2015,mtoopinhl@jiathis.com,997-820-9624,5 Bartillon Hill,Houbai,,,China,Marysa Toopin,109-517-3423,sibling,634,9/11/2018
635,Theobald,O'Connell,Male,1/7/1997,Statistician II,Human Resources,72903.13,4/12/2017,toconnellhm@shareasale.com,419-282-1888,14 Evergreen Court,Ondangwa,,,Namibia,Theobald O'Connell,274-268-0051,spouse,635,4/14/2010
636,Zachary,Capstack,Genderqueer,7/12/1974,Sales Associate,Research and Development,140592.85,4/11/2011,zcapstackhn@oakley.com,917-602-8717,34 Park Meadow Center,Xiaheqing,,,China,Zachary Capstack,802-267-1985,friend,636,4/10/2012
637,Gilberte,De Andreis,Female,10/24/1969,Compensation Analyst,Engineering,45176.97,4/21/2017,gdeho@acquirethisname.com,825-209-6499,341 Novick Point,Penja,,,Cameroon,Gilberte De Andreis,874-226-6253,friend,637,4/29/2015
638,Ara,Grishechkin,Female,2/7/1992,Environmental Tech,Training,142214.3,10/5/2021,agrishechkinhp@ask.com,450-938-4368,5 Carey Pass,Zbraslavice,,285 21,Czech Republic,Ara Grishechkin,898-731-0922,sibling,638,5/22/2021
639,Donovan,Eversfield,Male,3/8/1968,Product Engineer,Business Development,57431.05,3/2/2010,deversfieldhq@netvibes.com,167-463-4254,3146 Buhler Pass,Xinjiezi,,,China,Donovan Eversfield,362-356-7245,friend,639,11/5/2015
640,Jenica,Reide,Female,8/11/1982,Account Executive,Engineering,78037.18,10/11/2021,jreidehr@reddit.com,912-544-6916,22456 Mandrake Road,São Miguel do Guamá,,68660-000,Brazil,Jenica Reide,186-333-1759,sibling,640,8/6/2010
641,Jaynell,Bitterton,Female,11/6/1984,Recruiting Manager,Accounting,93547.58,10/24/2020,jbittertonhs@ameblo.jp,261-387-9055,8 Holy Cross Road,Nirji,,,China,Jaynell Bitterton,599-931-5653,friend,641,5/15/2010
642,Elbertine,Pass,Female,5/28/1987,Quality Control Specialist,Legal,79505.42,11/29/2018,epassht@huffingtonpost.com,753-506-5670,942 Dixon Point,San Carlos,,,Peru,Elbertine Pass,979-614-9185,friend,642,9/21/2018
643,Dusty,MacGill,Female,12/13/1967,Office Assistant I,Training,131422.96,3/1/2013,dmacgillhu@pbs.org,424-666-9609,93 Fairfield Drive,Siemianowice Śląskie,,41-106,Poland,Dusty MacGill,673-917-5230,spouse,643,2/7/2017
644,Cara,Caldaro,Female,7/18/1975,Marketing Manager,Research and Development,75906.92,6/5/2012,ccaldarohv@ezinearticles.com,915-909-8626,1160 Golden Leaf Lane,Saku,,964-0944,Japan,Cara Caldaro,133-432-9553,parent,644,7/7/2020
645,Allan,Blaase,Male,4/5/1985,Nuclear Power Engineer,Services,134338.65,1/10/2021,ablaasehw@trellian.com,274-652-0679,33741 Graedel Way,Arnelas,Porto,4415-689,Portugal,Allan Blaase,657-365-8159,spouse,645,1/3/2013
646,Brod,Bagley,Male,11/26/1969,Business Systems Development Analyst,Product Management,61622.6,4/24/2020,bbagleyhx@webeden.co.uk,629-436-4517,40 Buhler Junction,Osiek nad Notecią,,75-571,Poland,Brod Bagley,978-122-4323,parent,646,9/6/2021
647,Torey,Idwal Evans,Male,8/25/1992,Staff Accountant I,Product Management,34776.74,10/2/2011,tidwalhy@businessweek.com,124-551-8295,4 Mayfield Street,Huamu,,,China,Torey Idwal Evans,246-316-4232,friend,647,6/3/2013
648,Cindi,Buddleigh,Female,4/16/1961,Staff Accountant II,Human Resources,58697.85,4/15/2013,cbuddleighhz@wired.com,442-908-7323,16 Mcbride Alley,Матејче,,1315,Macedonia,Cindi Buddleigh,856-443-4710,spouse,648,2/4/2017
649,Onida,Lacknor,Female,3/15/1999,Operator,Sales,122762.94,2/5/2020,olacknori0@state.gov,398-181-3413,05648 Tennyson Circle,Jintao,,,China,Onida Lacknor,415-423-1974,friend,649,3/3/2016
650,Randell,Brockhurst,Male,10/24/1994,Recruiting Manager,Accounting,116210.78,7/30/2012,rbrockhursti1@youku.com,683-220-0866,7 Manley Trail,Wañgan,,2442,Philippines,Randell Brockhurst,544-919-1066,spouse,650,4/4/2021
651,Thomasa,Whitwam,Female,3/22/1976,Quality Control Specialist,Engineering,30252.28,5/19/2021,twhitwami2@edublogs.org,906-477-7847,067 New Castle Street,Rosario,,8504,Philippines,Thomasa Whitwam,221-159-0339,spouse,651,1/5/2016
652,Ramona,Cess,Female,10/4/1985,Administrative Assistant II,Research and Development,43549.88,7/15/2017,rcessi3@rakuten.co.jp,389-511-0291,1338 Stoughton Road,Songnim,,,North Korea,Ramona Cess,419-847-1145,sibling,652,2/24/2016
653,Derrik,Van der Daal,Male,10/20/1974,Assistant Manager,Legal,70819.64,1/6/2013,dvani4@shareasale.com,659-988-8046,1 Center Street,Vichuga,,155334,Russia,Derrik Van der Daal,952-582-3536,friend,653,7/1/2018
654,Claus,Skace,Male,5/1/1998,Account Coordinator,Engineering,77449.25,4/21/2013,cskacei5@alibaba.com,264-121-5620,664 Village Pass,Tengrela,,,Ivory Coast,Claus Skace,302-437-7223,spouse,654,12/8/2017
655,Emylee,Currell,Agender,8/28/1974,VP Quality Control,Training,79560.24,4/22/2010,ecurrelli6@businessweek.com,145-374-1106,112 Miller Pass,Tsarychanka,,,Ukraine,Emylee Currell,276-183-7154,parent,655,2/11/2012
656,Dick,Melladew,Genderfluid,6/7/1988,Assistant Manager,Research and Development,47279.53,10/10/2010,dmelladewi7@multiply.com,874-784-4050,03 Northview Parkway,Wenjiao,,,China,Dick Melladew,592-244-0631,sibling,656,2/23/2012
657,Sollie,Dimsdale,Male,9/16/1988,Sales Representative,Marketing,58369.42,8/8/2012,sdimsdalei8@amazon.co.uk,118-716-5350,35 Jenifer Street,Xinjie,,,China,Sollie Dimsdale,874-338-8702,spouse,657,9/29/2021
658,Hali,Pluck,Female,11/16/1961,Cost Accountant,Product Management,129204.18,1/22/2013,hplucki9@toplist.cz,215-674-5874,31 Dryden Terrace,Philadelphia,Pennsylvania,19104,United States,Hali Pluck,253-690-2463,friend,658,1/19/2012
659,Max,Shovell,Female,12/4/1963,Junior Executive,Engineering,86714.9,1/14/2013,mshovellia@mayoclinic.com,190-463-0468,3 Anderson Way,Qozonketkan,,,Uzbekistan,Max Shovell,687-860-9802,sibling,659,10/17/2013
660,Stevie,Dionisetti,Male,5/6/1963,Dental Hygienist,Marketing,51104.96,2/4/2013,sdionisettiib@storify.com,283-947-0122,3676 Schurz Alley,Yuxi,,,China,Stevie Dionisetti,275-218-0497,spouse,660,1/30/2013
661,Giacomo,Fevers,Male,3/13/1973,Health Coach II,Sales,54833.03,1/10/2019,gfeversic@quantcast.com,935-467-5304,6955 Farragut Way,Tabwakea Village,,,Kiribati,Giacomo Fevers,742-589-8602,spouse,661,4/19/2017
662,Riordan,Ruckledge,Male,4/5/1962,Human Resources Manager,Support,131552.89,8/1/2020,rruckledgeid@apache.org,898-828-3318,750 Rusk Parkway,Jurovski Dol,,2223,Slovenia,Riordan Ruckledge,107-335-4484,friend,662,12/22/2013
663,Clo,Brownsill,Female,10/1/1976,Research Nurse,Human Resources,35262.76,2/15/2014,cbrownsillie@tinyurl.com,148-485-6526,640 Granby Terrace,Lucheng,,,China,Clo Brownsill,153-747-0996,sibling,663,4/6/2021
664,Noble,Sowrah,Male,2/22/1978,Financial Advisor,Business Development,128900.41,1/5/2017,nsowrahif@merriam-webster.com,431-944-4713,536 Mitchell Terrace,Cullalabo del Sur,,3323,Philippines,Noble Sowrah,271-598-9020,parent,664,12/3/2021
665,Cornie,Truggian,Male,6/13/1984,Human Resources Manager,Product Management,128627.18,11/21/2020,ctruggianig@businessweek.com,930-845-2012,41 Red Cloud Pass,Yushanpu,,,China,Cornie Truggian,518-886-3573,parent,665,1/25/2013
666,Bibby,O'Hickee,Female,11/18/1977,Clinical Specialist,Marketing,144958.0,11/9/2011,bohickeeih@theatlantic.com,231-248-7833,0 Becker Parkway,Houjiachuan,,,China,Bibby O'Hickee,108-999-2425,spouse,666,4/16/2012
667,Ignace,Hierro,Male,7/19/1964,Cost Accountant,Product Management,111779.44,5/1/2018,ihierroii@cmu.edu,791-157-7585,17863 Kensington Court,Nam Som,,41210,Thailand,Ignace Hierro,579-514-4242,sibling,667,1/24/2015
668,Chevalier,Fears,Male,12/31/1974,Media Manager IV,Business Development,111173.5,10/31/2011,cfearsij@storify.com,624-593-5191,2 Linden Place,Armenia,,630008,Colombia,Chevalier Fears,741-559-4653,spouse,668,10/17/2011
669,Ernesto,Skerrett,Male,1/12/1981,Engineer IV,Services,121302.85,10/7/2014,eskerrettik@marketwatch.com,410-886-8704,45082 Derek Place,Kapsan-ŭp,,,North Korea,Ernesto Skerrett,421-114-4514,parent,669,11/19/2020
670,Maurice,Pinshon,Male,2/9/1965,Registered Nurse,Business Development,94424.4,12/25/2016,mpinshonil@goo.ne.jp,956-139-4968,4 Shelley Parkway,Shuangqiao,,,China,Maurice Pinshon,700-670-6318,parent,670,5/13/2010
671,Vaughan,Whitney,Male,3/9/1966,Senior Financial Analyst,Sales,95681.85,12/15/2018,vwhitneyim@ow.ly,826-637-7535,2 Commercial Circle,Jiangduo,,,China,Vaughan Whitney,945-724-0913,friend,671,12/8/2017
672,Gerta,Demange,Female,4/4/1973,Nurse,Marketing,39482.03,9/15/2016,gdemangein@reddit.com,141-148-9043,39 Randy Junction,Libon,,4507,Philippines,Gerta Demange,234-738-0837,sibling,672,12/9/2015
673,Carmelita,Gaskoin,Female,1/2/1971,Automation Specialist I,Training,133237.73,11/20/2021,cgaskoinio@live.com,822-972-8494,39 Barby Circle,Capitán Solari,,3515,Argentina,Carmelita Gaskoin,799-110-1252,spouse,673,12/30/2010
674,Prudence,Rule,Female,10/12/1982,Staff Scientist,Human Resources,30235.01,7/14/2014,pruleip@php.net,955-295-5352,8 Eagan Point,Agalteca,,,Honduras,Prudence Rule,510-245-5494,friend,674,8/18/2014
675,Belia,Delle,Female,12/12/1991,Media Manager II,Support,57015.93,5/4/2020,bdelleiq@google.pl,663-543-4444,410 Iowa Street,Ouijjane,,,Morocco,Belia Delle,615-638-3402,sibling,675,4/10/2018
676,Godfry,Keynd,Male,6/13/1975,Biostatistician IV,Accounting,55514.6,6/30/2018,gkeyndir@weather.com,201-132-3219,41900 Blackbird Pass,São Luiz Gonzaga,,97800-000,Brazil,Godfry Keynd,130-113-0769,sibling,676,2/15/2010
677,Bernette,Whitebrook,Female,12/20/1986,Compensation Analyst,Marketing,84919.74,3/6/2016,bwhitebrookis@springer.com,574-822-8775,256 Sheridan Alley,Lian,,,China,Bernette Whitebrook,565-507-9338,parent,677,11/17/2019
678,Albina,Pegrum,Female,3/8/1984,Research Assistant I,Human Resources,118026.66,3/3/2021,apegrumit@pbs.org,184-851-7830,2 Prairie Rose Drive,Újezd,,789 85,Czech Republic,Albina Pegrum,401-296-4701,sibling,678,2/2/2017
679,Bayard,Rudloff,Male,12/10/1970,Director of Sales,Support,37832.44,10/9/2011,brudloffiu@hhs.gov,825-215-6450,6 Lakewood Drive,Mangge,,,Indonesia,Bayard Rudloff,383-976-5605,parent,679,9/14/2015
680,Clemmy,Roderick,Male,4/13/1975,Web Developer II,Product Management,132958.56,12/14/2019,croderickiv@netlog.com,291-695-0505,5 Oak Valley Crossing,Bulung’ur,,,Uzbekistan,Clemmy Roderick,884-642-9595,friend,680,1/30/2011
681,Aubrette,Fike,Female,3/10/1977,Graphic Designer,Marketing,39606.39,10/10/2018,afikeiw@apple.com,280-206-0164,17446 Fairview Plaza,Sumuranyar,,,Indonesia,Aubrette Fike,714-206-7088,spouse,681,9/16/2019
682,Henri,Vedishchev,Male,9/20/1978,Dental Hygienist,Product Management,89403.37,10/19/2014,hvedishchevix@a8.net,777-566-7299,2 Browning Pass,Haizigou,,,China,Henri Vedishchev,836-460-3630,parent,682,2/4/2019
683,Colline,Gatteridge,Female,12/5/1976,Librarian,Training,57120.61,3/4/2018,cgatteridgeiy@aboutads.info,785-352-1131,3 Clyde Gallagher Way,El Socorro,,,Honduras,Colline Gatteridge,206-260-3992,sibling,683,4/4/2019
684,Jeniece,Pavlasek,Female,4/23/1960,Payment Adjustment Coordinator,Product Management,115540.79,3/14/2021,jpavlasekiz@360.cn,443-664-8172,45976 Ridgeview Circle,Xichangmen,,,China,Jeniece Pavlasek,487-408-8068,parent,684,1/12/2016
685,Merl,Cadney,Female,3/17/1995,Assistant Manager,Legal,88142.39,11/30/2011,mcadneyj0@topsy.com,352-287-9939,6 Milwaukee Junction,Novyye Kuz’minki,,352812,Russia,Merl Cadney,205-631-1447,sibling,685,1/15/2012
686,Estel,Wrefford,Polygender,8/20/1979,Research Nurse,Accounting,76322.29,2/24/2016,ewreffordj1@ocn.ne.jp,460-792-0194,17445 Longview Center,Nicola Town,,,Saint Kitts and Nevis,Estel Wrefford,508-473-8065,sibling,686,1/27/2011
687,Zarah,Kyd,Female,5/8/1976,Design Engineer,Research and Development,104804.77,5/15/2020,zkydj2@wired.com,201-290-6723,87678 Sullivan Road,Chynów,,05-650,Poland,Zarah Kyd,518-480-1709,parent,687,12/15/2010
688,Zebadiah,Mullaly,Male,11/2/1976,Administrative Assistant IV,Support,102480.02,9/4/2012,zmullalyj3@i2i.jp,399-652-4990,51838 Farragut Place,Gaizhou,,,China,Zebadiah Mullaly,668-892-6943,spouse,688,11/15/2020
689,Avictor,Ottey,Male,3/11/1971,Legal Assistant,Engineering,31423.84,6/6/2015,aotteyj4@github.io,377-553-7447,02 Mendota Alley,Nārāyanganj,,1414,Bangladesh,Avictor Ottey,692-614-0255,sibling,689,8/17/2017
690,Kele,Graffin,Male,9/20/1968,Tax Accountant,Services,33039.78,6/2/2012,kgraffinj5@seattletimes.com,362-853-7041,939 Hintze Court,Tanjay,,6203,Philippines,Kele Graffin,368-143-1440,friend,690,2/17/2021
691,Xenos,Creasey,Male,12/12/1984,Civil Engineer,Marketing,145451.67,3/28/2014,xcreaseyj6@utexas.edu,696-897-6907,0 Alpine Place,Houyu,,,China,Xenos Creasey,824-423-3830,friend,691,11/13/2018
692,Engracia,Everingham,Female,4/21/1975,Information Systems Manager,Engineering,129500.41,7/1/2015,eeveringhamj7@nbcnews.com,616-893-1245,9726 Roxbury Park,Annecy,Rhône-Alpes,74999 CEDEX 9,France,Engracia Everingham,560-768-9546,parent,692,10/1/2015
693,Moss,Breakwell,Male,12/27/1986,Sales Associate,Services,50813.24,5/1/2012,mbreakwellj8@icq.com,532-380-6562,61383 Bowman Parkway,Seymchan,,686164,Russia,Moss Breakwell,870-161-6877,parent,693,3/20/2010
694,Stern,Marcham,Male,3/5/1971,VP Quality Control,Legal,90284.95,9/6/2016,smarchamj9@free.fr,194-963-1630,5691 Morningstar Terrace,Itaituba,,68180-000,Brazil,Stern Marcham,307-395-0787,friend,694,10/20/2011
695,Quinn,Quarrell,Female,10/20/1981,General Manager,Accounting,114470.97,8/21/2021,qquarrellja@weibo.com,757-374-8221,550 Nobel Way,Newport News,Virginia,23612,United States,Quinn Quarrell,566-984-0974,parent,695,5/11/2012
696,Kyla,Blundon,Female,11/9/1962,Account Representative I,Product Management,92506.21,1/27/2018,kblundonjb@cbc.ca,975-699-7753,5 Sherman Trail,Dushanbe,,,Tajikistan,Kyla Blundon,231-267-8441,sibling,696,2/29/2016
697,Ansel,Farbrother,Male,2/23/1979,Clinical Specialist,Human Resources,47929.85,11/20/2015,afarbrotherjc@salon.com,607-557-9798,09 Fairfield Way,Kiukainen,,27401,Finland,Ansel Farbrother,726-758-7422,friend,697,7/31/2014
698,Garvy,Tebbet,Male,4/4/1974,Teacher,Support,53171.71,4/12/2016,gtebbetjd@yahoo.co.jp,651-215-1874,33 Vahlen Junction,Blučina,,664 56,Czech Republic,Garvy Tebbet,624-885-0756,parent,698,11/24/2020
699,Analise,Drohun,Female,12/21/1978,Graphic Designer,Services,68910.16,9/10/2015,adrohunje@fastcompany.com,917-595-6342,022 Hansons Terrace,Zijin,,,China,Analise Drohun,486-851-2106,parent,699,5/5/2014
700,Jacky,Conelly,Male,9/6/1963,Desktop Support Technician,Research and Development,126859.87,6/9/2016,jconellyjf@xing.com,541-833-5515,18844 Toban Road,Jequitinhonha,,39960-000,Brazil,Jacky Conelly,875-572-3254,sibling,700,2/18/2021
701,Nadean,Parkins,Genderfluid,7/26/1989,Computer Systems Analyst IV,Accounting,42996.86,3/20/2015,nparkinsjg@cdc.gov,995-876-2680,4 Ridge Oak Terrace,Tingo María,,,Peru,Nadean Parkins,273-506-5643,sibling,701,11/19/2014
702,Bunni,Roony,Female,8/13/1978,Senior Developer,Support,46564.37,1/10/2021,broonyjh@addtoany.com,163-373-3792,4917 Kennedy Drive,Basak,,5317,Philippines,Bunni Roony,611-551-0950,friend,702,2/19/2017
703,Bern,Francello,Male,12/31/1972,Nurse,Training,95053.38,1/31/2011,bfrancelloji@alibaba.com,762-438-1163,426 Fairfield Court,Shijia,,,China,Bern Francello,534-182-4931,sibling,703,10/12/2013
704,Woodie,Marin,Male,8/4/1998,Analyst Programmer,Legal,108884.57,2/12/2019,wmarinjj@scientificamerican.com,212-466-8643,6893 Reinke Hill,Karlstad,Värmland,654 68,Sweden,Woodie Marin,405-549-1624,spouse,704,4/3/2019
705,Farand,Woollam,Female,1/10/1975,Help Desk Technician,Human Resources,52255.98,6/6/2010,fwoollamjk@japanpost.jp,447-424-2777,624 Ronald Regan Trail,Vila do Bispo,Faro,8650-409,Portugal,Farand Woollam,515-151-6399,parent,705,4/2/2015
706,Ricky,Treweela,Female,7/14/1987,Marketing Manager,Support,143544.41,12/23/2016,rtreweelajl@youtube.com,785-418-9306,6 Burning Wood Way,Topeka,Kansas,66611,United States,Ricky Treweela,720-877-4956,parent,706,4/2/2013
707,Chevy,Staples,Male,3/29/1973,Research Associate,Marketing,105448.61,11/29/2015,cstaplesjm@reverbnation.com,793-308-6140,26 Briar Crest Plaza,São Luís do Quitunde,,57920-000,Brazil,Chevy Staples,940-588-8213,sibling,707,9/11/2021
708,Bonnee,Bonder,Female,7/1/1968,Database Administrator III,Marketing,82344.14,11/27/2011,bbonderjn@oracle.com,501-385-2519,9524 Luster Street,Hongkou,,,China,Bonnee Bonder,825-452-8439,friend,708,10/16/2011
709,Cass,Beards,Male,10/29/1970,Programmer III,Human Resources,51249.26,8/3/2010,cbeardsjo@desdev.cn,799-498-0955,693 Northfield Road,Mętków,,32-503,Poland,Cass Beards,295-675-7044,parent,709,9/7/2015
710,Griffith,Tarbox,Male,3/8/1992,VP Accounting,Accounting,141738.74,1/8/2021,gtarboxjp@ucoz.com,789-635-4653,527 Haas Terrace,Burgeo,Newfoundland and Labrador,N9A,Canada,Griffith Tarbox,560-690-7251,spouse,710,7/29/2012
711,Nance,Gerrad,Female,12/26/1963,Director of Sales,Services,63129.45,10/19/2011,ngerradjq@dion.ne.jp,148-387-9435,80 Spaight Lane,Toulon,Provence-Alpes-Côte d'Azur,83040 CEDEX 9,France,Nance Gerrad,634-568-0916,sibling,711,9/22/2021
712,Rodney,Mioni,Male,1/31/1969,Tax Accountant,Support,77046.07,4/12/2021,rmionijr@blogtalkradio.com,241-659-4393,66499 Hintze Point,Abeokuta,,,Nigeria,Rodney Mioni,202-494-2479,sibling,712,8/27/2011
713,Beck,Hirsthouse,Male,6/5/1991,VP Marketing,Research and Development,67060.3,2/20/2018,bhirsthousejs@qq.com,355-646-5370,02 Jana Hill,Pigí,,,Greece,Beck Hirsthouse,722-424-6104,friend,713,8/5/2015
714,Benjamin,Feldfisher,Male,9/11/1997,Statistician III,Training,138568.1,3/4/2021,bfeldfisherjt@bloglines.com,401-595-6604,148 Jenna Hill,Sypniewo,,06-216,Poland,Benjamin Feldfisher,469-552-9196,spouse,714,2/18/2020
715,Hubert,Biddiss,Male,10/5/1993,Registered Nurse,Accounting,56481.16,8/27/2010,hbiddissju@icio.us,388-839-7241,8 Village Green Street,Port Elizabeth,,,Saint Vincent and the Grenadines,Hubert Biddiss,899-202-3801,friend,715,3/19/2010
716,Davida,Calveley,Female,11/10/1998,Executive Secretary,Sales,117505.83,3/29/2013,dcalveleyjv@bizjournals.com,650-265-3387,9 Hovde Point,Shichuan,,,China,Davida Calveley,113-546-9602,friend,716,1/28/2019
717,Sondra,Speenden,Female,7/31/1961,Environmental Specialist,Services,52402.05,4/28/2014,sspeendenjw@odnoklassniki.ru,869-639-0402,9657 Di Loreto Terrace,Slobidka,,,Ukraine,Sondra Speenden,935-508-1936,spouse,717,10/21/2021
718,Aarika,Clethro,Female,12/30/1969,Computer Systems Analyst III,Engineering,73148.86,1/9/2011,aclethrojx@vimeo.com,225-766-9494,04 Shelley Plaza,Mondlo,,2525,South Africa,Aarika Clethro,759-368-0679,sibling,718,9/17/2015
719,Marijn,Batkin,Male,8/23/1962,Assistant Media Planner,Human Resources,66832.06,10/20/2017,mbatkinjy@netvibes.com,795-277-4588,85644 Jackson Crossing,Wesoła,,05-230,Poland,Marijn Batkin,340-424-1874,parent,719,5/4/2015
720,Elliott,Gammett,Genderfluid,11/12/1991,Help Desk Operator,Research and Development,110953.11,10/4/2017,egammettjz@gizmodo.com,399-698-8526,71253 Chinook Street,Baruunsuu,,,Mongolia,Elliott Gammett,775-271-2009,friend,720,2/5/2018
721,Phebe,Avis,Female,6/3/1960,Physical Therapy Assistant,Accounting,69429.44,5/11/2014,pavisk0@oaic.gov.au,820-979-6016,6 Dixon Place,Nueva Arica,,,Peru,Phebe Avis,389-980-6761,friend,721,11/18/2017
722,Jude,Watton,Male,5/2/1995,Desktop Support Technician,Accounting,126244.43,7/30/2017,jwattonk1@whitehouse.gov,386-806-6590,027 Washington Park,Daytona Beach,Florida,32128,United States,Jude Watton,794-618-3560,sibling,722,9/22/2020
723,Claudelle,Suddards,Female,10/29/1967,Software Consultant,Research and Development,98943.52,12/12/2015,csuddardsk2@dyndns.org,113-225-3730,0 Pine View Way,Goussainville,Île-de-France,95194 CEDEX,France,Claudelle Suddards,914-626-4465,parent,723,1/12/2012
724,Harald,Sibthorpe,Male,12/30/1963,Paralegal,Marketing,90241.27,10/21/2013,hsibthorpek3@flavors.me,414-771-6547,46 American Ash Trail,Tamanan,,,Indonesia,Harald Sibthorpe,233-477-9049,spouse,724,9/4/2021
725,Bette-ann,Kirmond,Female,5/2/1995,Assistant Manager,Engineering,73099.29,5/6/2011,bkirmondk4@nba.com,324-618-9794,97 Di Loreto Trail,Kameyama,,988-0607,Japan,Bette-ann Kirmond,488-757-2920,sibling,725,2/2/2012
726,Theodore,Shyres,Male,9/9/1996,Civil Engineer,Human Resources,54215.43,1/30/2015,tshyresk5@amazon.com,340-140-0709,33778 Spohn Court,Haokou,,,China,Theodore Shyres,353-407-4185,sibling,726,9/18/2017
727,Man,Garton,Male,5/27/1974,Engineer IV,Engineering,31998.87,4/30/2020,mgartonk6@jiathis.com,877-400-6592,3 East Trail,Strazhitsa,,5179,Bulgaria,Man Garton,367-873-7917,parent,727,8/15/2011
728,Celka,Mushett,Female,8/22/1990,Operator,Sales,83615.63,12/13/2019,cmushettk7@home.pl,112-622-6213,3 Waywood Place,Dongping,,,China,Celka Mushett,511-416-6068,parent,728,12/11/2018
729,Albrecht,Angeau,Male,10/18/1979,Executive Secretary,Accounting,108889.45,12/27/2021,aangeauk8@baidu.com,383-111-4304,551 Hanover Pass,San Felipe,,,Chile,Albrecht Angeau,897-213-7820,parent,729,10/20/2016
730,Modestine,Noice,Female,2/10/1980,Senior Cost Accountant,Services,85954.8,12/24/2014,mnoicek9@toplist.cz,714-382-3040,045 Sunnyside Pass,Borova,,,Ukraine,Modestine Noice,309-175-0398,parent,730,8/2/2011
731,Barbara,Dragonette,Female,2/22/1972,Web Developer III,Accounting,35697.74,11/10/2015,bdragonetteka@aol.com,983-201-2204,38093 Bartelt Circle,Maslovare,,,Bosnia and Herzegovina,Barbara Dragonette,148-428-7300,friend,731,12/5/2017
732,Daffie,Sink,Female,11/25/1989,Project Manager,Research and Development,52347.49,10/6/2017,dsinkkb@altervista.org,398-213-8121,051 Helena Road,Trat,,54150,Thailand,Daffie Sink,443-351-3154,spouse,732,12/22/2021
733,Lorenzo,Vidgeon,Agender,4/26/1973,Information Systems Manager,Research and Development,117391.17,8/24/2018,lvidgeonkc@webs.com,569-319-3724,2218 Mariners Cove Drive,Gvardeysk,,162160,Russia,Lorenzo Vidgeon,683-467-6920,spouse,733,6/27/2015
734,Nigel,Beauchamp,Male,12/15/1987,Research Assistant IV,Engineering,79272.75,9/10/2020,nbeauchampkd@sogou.com,187-103-5605,5447 Thackeray Lane,Nglengkir,,,Indonesia,Nigel Beauchamp,112-967-4188,parent,734,3/13/2012
735,Enos,Bambra,Male,12/29/1967,Financial Analyst,Training,83705.33,6/7/2016,ebambrake@arstechnica.com,326-880-3986,06 Mitchell Point,Shar’ya,,157510,Russia,Enos Bambra,747-757-9750,spouse,735,7/19/2010
736,Nickolas,Twelvetrees,Male,11/4/1975,Chemical Engineer,Accounting,47475.18,8/15/2012,ntwelvetreeskf@sitemeter.com,313-762-5208,52 Meadow Vale Alley,Montecarlo,,3384,Argentina,Nickolas Twelvetrees,735-761-1860,spouse,736,6/28/2012
737,Martica,D'Abbot-Doyle,Female,7/12/1995,Health Coach IV,Support,87724.91,3/27/2019,mdabbotdoylekg@tmall.com,824-866-7270,76 Lyons Court,Modosinal,,,Indonesia,Martica D'Abbot-Doyle,752-439-4906,friend,737,11/17/2018
738,Emmalynn,Hawkyens,Female,12/18/1970,Sales Associate,Human Resources,53758.59,3/10/2014,ehawkyenskh@deliciousdays.com,241-105-8391,3 Florence Street,Catia La Mar,,,Venezuela,Emmalynn Hawkyens,929-595-9130,parent,738,6/24/2011
739,Kenny,Sparey,Male,12/14/1998,Automation Specialist IV,Support,82631.02,7/20/2018,kspareyki@altervista.org,403-614-9400,8050 7th Hill,Bollène,Provence-Alpes-Côte d'Azur,84504 CEDEX,France,Kenny Sparey,611-985-3157,spouse,739,11/24/2010
740,Seana,Drillingcourt,Female,6/9/1994,Design Engineer,Business Development,57562.83,9/27/2014,sdrillingcourtkj@icio.us,584-756-9134,53 Barby Court,Egvekinot,,461173,Russia,Seana Drillingcourt,326-753-2856,spouse,740,6/23/2016
741,Lief,Alldred,Male,5/8/1971,Quality Engineer,Product Management,95082.23,5/15/2018,lalldredkk@usa.gov,809-906-8520,41835 Utah Way,A-da-Gorda,Leiria,2510-015,Portugal,Lief Alldred,609-234-1109,friend,741,3/4/2014
742,Federico,Badrock,Male,2/17/1992,Quality Engineer,Accounting,81806.42,10/24/2016,fbadrockkl@jimdo.com,949-808-7175,67396 Hollow Ridge Road,San Diego,California,92110,United States,Federico Badrock,379-446-5314,spouse,742,11/6/2018
743,Dunn,Abercrombie,Male,9/28/1967,Paralegal,Legal,107730.25,6/12/2019,dabercrombiekm@jalbum.net,899-105-4286,3092 Elka Road,Okotoks,Alberta,T1S,Canada,Dunn Abercrombie,506-530-6252,friend,743,5/12/2021
744,Jane,Skitral,Female,3/15/1990,Geological Engineer,Accounting,43819.66,10/15/2017,jskitralkn@fc2.com,999-120-7916,5919 Loomis Trail,Chengbei,,,China,Jane Skitral,820-385-9378,parent,744,12/3/2017
745,Bert,Dulanty,Male,5/28/1985,Assistant Media Planner,Sales,81788.48,3/31/2010,bdulantyko@jalbum.net,162-635-0735,51889 Scoville Road,Mantalongon,,5608,Philippines,Bert Dulanty,248-643-9122,friend,745,1/27/2018
746,Twila,Gebby,Female,10/14/1981,Developer I,Marketing,40265.29,7/17/2015,tgebbykp@weibo.com,917-572-4148,65 Redwing Alley,Tiébo,,,Senegal,Twila Gebby,358-534-2073,spouse,746,2/24/2013
747,Misti,Nussii,Bigender,2/18/1994,Executive Secretary,Sales,64733.16,6/27/2013,mnussiikq@printfriendly.com,196-545-9332,3 Columbus Lane,Portel,Évora,7220-357,Portugal,Misti Nussii,450-902-3465,parent,747,9/20/2016
748,Doug,Malzard,Male,5/23/1960,Geological Engineer,Engineering,62943.23,5/23/2011,dmalzardkr@who.int,922-814-2351,1687 Hoffman Parkway,Huotian,,,China,Doug Malzard,298-468-2763,parent,748,4/9/2017
749,Ronny,Bockmaster,Female,5/21/1989,Associate Professor,Business Development,53883.13,9/24/2016,rbockmasterks@issuu.com,753-662-3589,61717 Washington Parkway,Pará de Minas,,35660-000,Brazil,Ronny Bockmaster,955-791-2849,spouse,749,9/26/2013
750,Hale,Eilhart,Male,7/24/1969,Project Manager,Services,45373.58,11/2/2018,heilhartkt@about.com,729-131-4135,9 Sullivan Junction,Palayan City,,3132,Philippines,Hale Eilhart,966-640-6623,friend,750,9/4/2015
751,Tobit,Gatty,Male,10/21/1998,Programmer Analyst II,Engineering,140838.24,1/17/2013,tgattyku@ning.com,802-728-0840,18 Acker Drive,Gyumri,,,Armenia,Tobit Gatty,152-238-3630,spouse,751,2/6/2017
752,Ruy,Maffei,Male,2/4/1999,Sales Representative,Marketing,41011.14,9/28/2010,rmaffeikv@google.pl,792-340-2304,1 Fulton Terrace,Matiguás,,,Nicaragua,Ruy Maffei,893-690-2623,parent,752,11/23/2011
753,Lamond,Fozard,Male,11/26/1990,Graphic Designer,Business Development,58489.9,4/8/2016,lfozardkw@mediafire.com,574-955-6689,6 Independence Hill,San Fabian,,2433,Philippines,Lamond Fozard,717-749-6755,parent,753,6/29/2014
754,Gaye,Pickrell,Female,4/25/1990,Staff Scientist,Accounting,35869.27,5/6/2016,gpickrellkx@soundcloud.com,471-765-1669,3815 Scoville Place,Wantian,,,China,Gaye Pickrell,962-555-2210,parent,754,5/16/2012
755,Rafe,Skillern,Male,4/9/1986,Accounting Assistant IV,Services,100223.63,5/3/2015,rskillernky@chronoengine.com,720-860-9427,7370 Nelson Plaza,Obikiik,,,Tajikistan,Rafe Skillern,928-989-9444,parent,755,7/6/2021
756,Karine,Saladine,Female,12/19/1979,General Manager,Legal,103666.31,11/25/2015,ksaladinekz@ycombinator.com,947-303-0957,17 Spenser Parkway,Rustenburg,,0390,South Africa,Karine Saladine,863-642-2025,parent,756,9/6/2013
757,Lutero,Musker,Male,2/15/1978,Senior Editor,Human Resources,111510.05,2/16/2020,lmuskerl0@symantec.com,455-656-1774,694 Corben Park,Chengnan,,,China,Lutero Musker,697-359-7254,sibling,757,1/25/2014
758,Murdock,Domenichini,Male,12/7/1961,Human Resources Assistant II,Human Resources,99834.52,1/22/2014,mdomenichinil1@deviantart.com,943-365-8195,3 Rieder Hill,Pondaguitan,,1696,Philippines,Murdock Domenichini,712-620-9949,sibling,758,3/7/2015
759,Dietrich,Wooddisse,Male,2/21/1976,Programmer Analyst I,Legal,40350.63,2/5/2019,dwooddissel2@weather.com,731-544-1173,72 Swallow Terrace,Mistrató,,664028,Colombia,Dietrich Wooddisse,859-449-9468,spouse,759,11/30/2015
760,Patrick,Losel,Male,6/23/1968,Chemical Engineer,Business Development,32609.02,6/14/2014,plosell3@businesswire.com,370-410-5163,4644 Nova Point,Batuan,,,China,Patrick Losel,392-903-8393,friend,760,7/21/2016
761,Dermot,Lefley,Male,5/15/1980,Chemical Engineer,Human Resources,129407.68,2/4/2012,dlefleyl4@uiuc.edu,240-646-7501,46416 Stoughton Plaza,Trenggulunan,,,Indonesia,Dermot Lefley,150-664-7235,friend,761,10/8/2011
762,Eyde,Cockayme,Female,4/30/1990,General Manager,Research and Development,147287.91,3/29/2016,ecockaymel5@quantcast.com,150-552-0056,09146 Maywood Court,Heze,,,China,Eyde Cockayme,258-168-3175,parent,762,5/20/2013
763,Ninette,Meech,Female,7/1/1964,Senior Quality Engineer,Marketing,31654.38,11/3/2015,nmeechl6@clickbank.net,743-885-8034,7 Rutledge Crossing,Terara,,,Indonesia,Ninette Meech,485-918-6332,sibling,763,6/4/2017
764,Goddart,MacPhaden,Male,6/14/1973,Account Coordinator,Training,52052.31,5/5/2018,gmacphadenl7@forbes.com,175-594-1714,2 Rusk Way,Thị Trấn Quảng Uyên,,,Vietnam,Goddart MacPhaden,647-168-5898,friend,764,6/27/2011
765,Burton,Duell,Male,3/29/1975,Office Assistant II,Business Development,130423.4,3/30/2018,bduelll8@tamu.edu,454-649-8148,37 Killdeer Point,Barberena,,06002,Guatemala,Burton Duell,781-249-9238,sibling,765,10/16/2017
766,Evered,Sancho,Male,6/21/1974,Assistant Media Planner,Accounting,105666.33,8/7/2013,esanchol9@jiathis.com,977-394-8083,2454 Kim Junction,San Francisco,Veracruz Llave,95710,Mexico,Evered Sancho,251-883-3654,parent,766,4/11/2015
767,Rochette,Jacox,Female,11/22/1976,Technical Writer,Marketing,108010.87,10/15/2013,rjacoxla@irs.gov,308-664-4317,049 Cardinal Point,Xiangshan,,,China,Rochette Jacox,154-275-5718,sibling,767,4/28/2016
768,Harriett,Ferriby,Female,9/7/1992,Occupational Therapist,Accounting,64294.94,12/13/2021,hferribylb@sphinn.com,920-786-6373,830 Bay Way,Lisia Góra,,33-140,Poland,Harriett Ferriby,210-183-3762,sibling,768,12/5/2019
769,Diane,Mac Giolla Pheadair,Female,11/29/1998,Director of Sales,Sales,92567.7,12/6/2014,dmaclc@sitemeter.com,209-138-9875,4230 Karstens Court,Mulong,,,China,Diane Mac Giolla Pheadair,629-593-2122,friend,769,5/13/2012
770,Lucienne,Haquard,Female,2/12/1969,Quality Control Specialist,Business Development,59256.02,9/19/2018,lhaquardld@pagesperso-orange.fr,841-405-0182,88 Quincy Hill,Chiconi,,97670,Mayotte,Lucienne Haquard,122-926-3914,friend,770,12/17/2021
771,Garvin,Dubock,Male,3/11/1984,VP Product Management,Support,44038.01,8/4/2021,gdubockle@netlog.com,110-462-0167,278 Pawling Parkway,Mszana Dolna,,34-730,Poland,Garvin Dubock,109-712-3684,friend,771,6/19/2016
772,Jard,Reimer,Male,9/15/1971,Speech Pathologist,Accounting,139298.37,6/30/2016,jreimerlf@amazon.de,834-979-8788,18435 Eagan Plaza,Shahre Jadide Andisheh,,,Iran,Jard Reimer,476-441-2821,sibling,772,7/21/2010
773,Aurilia,Courson,Female,5/27/1961,Editor,Marketing,119393.34,10/9/2016,acoursonlg@flickr.com,584-848-6889,98 Sullivan Place,Tanenofunan,,,Indonesia,Aurilia Courson,258-977-3059,parent,773,8/27/2020
774,Gabriel,Gedge,Male,2/2/1968,Research Associate,Legal,110633.43,1/7/2013,ggedgelh@moonfruit.com,154-938-8681,83712 Dennis Court,Furmanov,,155526,Russia,Gabriel Gedge,702-113-5610,sibling,774,6/24/2014
775,Bobette,Regitz,Female,3/7/1996,Sales Associate,Sales,99497.71,12/31/2019,bregitzli@mozilla.org,327-771-1264,9467 Corry Court,Shakīso,,,Ethiopia,Bobette Regitz,675-149-9112,parent,775,7/22/2014
776,Sigismond,Cudde,Bigender,3/12/1971,Clinical Specialist,Legal,84503.54,11/7/2019,scuddelj@dailymail.co.uk,343-371-5473,6 Pleasure Place,Bilhó,Vila Real,4880-076,Portugal,Sigismond Cudde,454-316-9526,sibling,776,4/18/2016
777,Mellie,Beddall,Female,2/6/1979,Analyst Programmer,Human Resources,147039.12,3/14/2017,mbeddalllk@gov.uk,983-803-2798,610 High Crossing Parkway,Rominimbang,,9614,Philippines,Mellie Beddall,646-220-7808,parent,777,4/8/2020
778,Jessalyn,Schoffler,Female,8/18/1968,Junior Executive,Product Management,120424.68,10/31/2020,jschofflerll@yahoo.co.jp,812-252-1438,0168 Chive Center,Cuauhtemoc,Veracruz Llave,96880,Mexico,Jessalyn Schoffler,721-115-3958,sibling,778,2/7/2010
779,Minette,Jeannon,Female,2/3/1966,Web Developer III,Support,121780.85,12/9/2017,mjeannonlm@dropbox.com,862-177-5347,23528 Barnett Place,T’ongch’ŏn-ŭp,,,North Korea,Minette Jeannon,843-926-6303,sibling,779,9/18/2020
780,Bekki,Gosford,Female,1/30/1970,Senior Sales Associate,Research and Development,69473.25,2/3/2019,bgosfordln@fc2.com,584-684-8650,09796 Anderson Junction,Dami,,,Indonesia,Bekki Gosford,236-727-2212,friend,780,4/23/2021
781,Tildy,Peniman,Female,10/2/1997,Registered Nurse,Accounting,79993.26,4/29/2020,tpenimanlo@list-manage.com,640-264-4405,32351 Haas Road,Manuel Antonio Mesones Muro,,,Peru,Tildy Peniman,290-161-2479,friend,781,5/28/2010
782,Nils,Ibarra,Male,9/14/1974,Senior Financial Analyst,Accounting,125279.03,4/21/2019,nibarralp@blogger.com,625-406-4290,17421 Holmberg Parkway,Vänersborg,Västra Götaland,462 22,Sweden,Nils Ibarra,860-833-5225,sibling,782,3/26/2020
783,Rozalie,Bream,Female,5/15/1966,Web Designer II,Services,114899.13,7/10/2019,rbreamlq@wikispaces.com,402-346-8994,8 Heath Plaza,Bendilmuning,,,Indonesia,Rozalie Bream,179-287-5617,sibling,783,11/20/2016
784,Bibby,Kits,Female,9/10/1984,Administrative Officer,Training,146306.57,12/20/2020,bkitslr@arstechnica.com,842-827-5841,5 Iowa Crossing,Wujingfu,,,China,Bibby Kits,188-106-5985,sibling,784,8/10/2011
785,Duncan,Daffey,Male,12/12/1968,Occupational Therapist,Legal,44707.94,10/29/2014,ddaffeyls@elegantthemes.com,297-833-3262,5891 Waywood Parkway,Tarikolot,,,Indonesia,Duncan Daffey,296-916-8230,spouse,785,9/2/2021
786,Chevy,Micka,Male,6/11/1984,Actuary,Product Management,99350.46,4/16/2011,cmickalt@linkedin.com,527-832-3894,516 Hazelcrest Avenue,Lapa,,83750-000,Brazil,Chevy Micka,588-462-0670,friend,786,3/19/2014
787,Jenine,Baylie,Female,4/12/1971,Programmer II,Services,33880.52,7/21/2015,jbaylielu@latimes.com,898-150-5800,46 Hintze Road,General La Madrid,,7406,Argentina,Jenine Baylie,645-397-5331,friend,787,10/21/2012
788,Jana,Burnyeat,Female,1/17/1972,Mechanical Systems Engineer,Sales,84379.01,2/3/2014,jburnyeatlv@blogs.com,384-798-9737,95 Coolidge Lane,Viñac,,,Peru,Jana Burnyeat,194-741-9178,spouse,788,11/8/2012
789,Lisette,Winterbottom,Female,7/7/1960,Statistician IV,Services,53132.2,8/16/2015,lwinterbottomlw@bloglovin.com,728-728-6864,05489 Declaration Terrace,Siikainen,,29811,Finland,Lisette Winterbottom,672-857-3612,sibling,789,6/6/2016
790,Efrem,Grigorian,Male,10/29/1976,General Manager,Training,129165.25,3/26/2021,egrigorianlx@google.com.au,223-877-7398,044 Mockingbird Parkway,Mūḩ Ḩasan,,,Syria,Efrem Grigorian,158-982-0215,parent,790,2/15/2015
791,Annalee,Jammes,Female,8/16/1969,Information Systems Manager,Training,107293.74,6/11/2017,ajammesly@mit.edu,663-959-7242,1 Gerald Street,Mantes-la-Jolie,Île-de-France,78204 CEDEX,France,Annalee Jammes,956-499-6802,friend,791,10/6/2016
792,Adamo,Simoneschi,Male,10/13/1993,Director of Sales,Business Development,132398.46,1/4/2010,asimoneschilz@oakley.com,306-553-6738,952 South Crossing,Mababanaba,,6539,Philippines,Adamo Simoneschi,125-274-6051,sibling,792,11/8/2021
793,Abie,Bradborne,Male,9/3/1990,Research Assistant I,Marketing,98646.37,6/3/2017,abradbornem0@infoseek.co.jp,490-669-3906,41361 Dapin Crossing,Jiqu,,,China,Abie Bradborne,913-447-9668,spouse,793,6/21/2011
794,Garik,Stannering,Male,6/29/1997,Internal Auditor,Research and Development,66274.99,1/19/2013,gstanneringm1@statcounter.com,447-745-0959,62984 Leroy Crossing,Zhangping,,,China,Garik Stannering,964-684-9752,friend,794,4/14/2021
795,Romy,Slowcock,Genderqueer,8/19/1986,Registered Nurse,Support,71323.93,11/7/2016,rslowcockm2@cloudflare.com,912-478-8858,22 Warner Drive,Capitán Bermúdez,,2156,Argentina,Romy Slowcock,546-650-2675,parent,795,11/17/2010
796,Jeanette,Menel,Female,3/28/1988,Professor,Sales,116636.79,4/3/2012,jmenelm3@vistaprint.com,477-724-3767,625 Morningstar Terrace,Kebili,,,Tunisia,Jeanette Menel,859-113-0018,sibling,796,4/24/2017
797,Crosby,Benjamin,Male,3/26/1997,Teacher,Accounting,92209.15,3/3/2018,cbenjaminm4@parallels.com,941-704-3703,2685 Michigan Crossing,Franca,,14400-000,Brazil,Crosby Benjamin,882-273-2349,sibling,797,9/30/2016
798,Faith,Tolworthy,Female,12/31/1995,Systems Administrator III,Support,31808.67,8/23/2012,ftolworthym5@youku.com,576-359-1529,591 Coolidge Court,El Caño,,,Panama,Faith Tolworthy,894-790-3225,spouse,798,3/21/2021
799,Lynda,Minnock,Female,2/22/1968,Statistician II,Research and Development,53756.2,2/9/2014,lminnockm6@skype.com,174-334-1729,16435 Jenifer Lane,Novo-Peredelkino,,143015,Russia,Lynda Minnock,488-189-9119,sibling,799,1/16/2013
800,Claus,Thewys,Male,10/27/1968,Staff Scientist,Research and Development,134461.17,4/4/2020,cthewysm7@tmall.com,718-164-3907,897 Leroy Park,Bangkal,,,Indonesia,Claus Thewys,538-245-6035,friend,800,6/21/2014
801,Ellswerth,Cattlow,Male,8/24/1991,Legal Assistant,Accounting,109734.3,9/7/2010,ecattlowm8@mail.ru,523-923-7993,370 Burning Wood Pass,Shatki,,607700,Russia,Ellswerth Cattlow,728-855-0720,friend,801,6/1/2016
802,Sim,Lossman,Male,2/7/1988,Systems Administrator I,Business Development,113078.62,7/1/2014,slossmanm9@wordpress.org,133-934-4125,2 Dunning Avenue,Yinying,,,China,Sim Lossman,335-916-6063,sibling,802,10/19/2019
803,Claudio,Simchenko,Male,6/24/1988,Quality Control Specialist,Training,145071.91,1/9/2017,csimchenkoma@over-blog.com,807-414-9522,781 Vera Alley,Lebedyan’,,623511,Russia,Claudio Simchenko,638-531-5425,spouse,803,11/26/2015
804,Adelina,Drillingcourt,Female,8/1/1998,Senior Cost Accountant,Business Development,136386.23,4/27/2016,adrillingcourtmb@sitemeter.com,724-657-6345,156 Evergreen Plaza,Pereval'noe,,,Ukraine,Adelina Drillingcourt,149-962-2202,friend,804,3/22/2011
805,Christin,Cansfield,Female,9/6/1977,Quality Control Specialist,Training,125222.2,7/16/2014,ccansfieldmc@usgs.gov,194-420-2330,9 Macpherson Pass,Mora,Dalarna,792 52,Sweden,Christin Cansfield,774-372-7680,spouse,805,9/19/2014
806,Nataline,Bourgeois,Female,3/4/1962,Geologist III,Product Management,83853.69,8/2/2017,nbourgeoismd@kickstarter.com,121-673-4157,31 Arapahoe Park,Rio das Ostras,,28890-000,Brazil,Nataline Bourgeois,440-624-5297,parent,806,4/15/2011
807,Abdul,Arnau,Male,4/29/1972,Occupational Therapist,Accounting,39631.21,10/20/2010,aarnaume@ocn.ne.jp,909-558-5992,2 Iowa Avenue,Red Hill,,2110,New Zealand,Abdul Arnau,123-336-4274,friend,807,4/29/2020
808,Eleanore,Bevis,Polygender,9/8/1986,Help Desk Operator,Product Management,88670.19,9/22/2015,ebevismf@addthis.com,777-458-3002,84 Superior Crossing,Santa Vitória do Palmar,,96230-000,Brazil,Eleanore Bevis,541-343-1944,friend,808,6/6/2020
809,Adolf,Rowell,Male,11/24/1968,Junior Executive,Legal,125281.46,2/26/2017,arowellmg@so-net.ne.jp,782-164-0330,922 3rd Lane,Mirkovci,,32100,Croatia,Adolf Rowell,312-254-9167,spouse,809,1/21/2015
810,Gail,Boulter,Female,2/11/1998,Research Nurse,Engineering,67834.96,8/7/2016,gboultermh@cbc.ca,234-665-8706,3989 Little Fleur Drive,Manyana,,,Botswana,Gail Boulter,414-959-1446,friend,810,7/29/2017
811,Barbette,Phonix,Female,3/12/1985,Office Assistant III,Support,90131.81,2/15/2011,bphonixmi@sphinn.com,466-331-4153,9986 American Street,Al Farwānīyah,,,Kuwait,Barbette Phonix,328-549-6377,friend,811,1/20/2015
812,Nessa,Mowbury,Female,4/20/1998,Administrative Officer,Engineering,60135.48,4/26/2015,nmowburymj@army.mil,832-289-0280,85 East Street,Houston,Texas,77095,United States,Nessa Mowbury,657-293-7269,friend,812,4/11/2015
813,Aimil,Kings,Female,12/28/1996,VP Product Management,Research and Development,144415.2,5/25/2016,akingsmk@jigsy.com,902-914-2955,3426 Jana Plaza,Ipoh,Perak,30760,Malaysia,Aimil Kings,368-236-0802,parent,813,9/29/2015
814,Jed,Wrotchford,Male,9/26/1960,Compensation Analyst,Engineering,123326.07,6/21/2019,jwrotchfordml@wikipedia.org,493-969-7577,49 Alpine Lane,Cagdianao,,8411,Philippines,Jed Wrotchford,172-120-7108,sibling,814,2/7/2020
815,Jorry,McLeoid,Female,7/18/1966,Environmental Tech,Human Resources,84856.37,6/6/2016,jmcleoidmm@rakuten.co.jp,963-237-7211,0411 Fallview Center,Visby,Gotland,621 22,Sweden,Jorry McLeoid,226-282-4280,sibling,815,8/8/2018
816,Emilio,Cottel,Male,9/9/1984,Analyst Programmer,Product Management,53889.88,5/1/2012,ecottelmn@uiuc.edu,633-903-7773,7704 Thackeray Center,Aija,,,Peru,Emilio Cottel,347-933-9411,sibling,816,10/2/2014
817,Vicky,Fernihough,Female,2/29/1996,Nurse Practicioner,Business Development,41387.85,9/8/2010,vfernihoughmo@reverbnation.com,330-600-0478,92 Stuart Way,Riosucio,,178057,Colombia,Vicky Fernihough,116-177-9806,spouse,817,3/3/2019
818,Pietra,Wallicker,Female,9/28/1997,Statistician I,Accounting,71746.13,2/16/2018,pwallickermp@pen.io,410-728-3522,5879 Arrowood Alley,Saraza,,2804,Philippines,Pietra Wallicker,171-279-9745,sibling,818,8/11/2016
819,Dermot,Wadlow,Male,12/9/1967,Environmental Tech,Support,63154.58,3/3/2011,dwadlowmq@youku.com,586-788-1023,467 Morrow Street,Karasgede,,,Indonesia,Dermot Wadlow,556-412-3196,friend,819,3/6/2010
820,Baxie,Burton,Male,9/13/1961,Clinical Specialist,Marketing,142075.72,12/9/2018,bburtonmr@wufoo.com,538-816-6093,88044 Esch Parkway,Eqbālīyeh,,,Iran,Baxie Burton,464-341-5569,parent,820,6/3/2016
821,Albertine,Gehrels,Female,9/30/1972,Community Outreach Specialist,Legal,90543.41,8/19/2017,agehrelsms@phpbb.com,691-808-5462,69099 Charing Cross Park,Puerto Madryn,,9120,Argentina,Albertine Gehrels,421-726-7203,friend,821,2/10/2011
822,Florry,Tellwright,Female,12/17/1995,Recruiter,Human Resources,97045.42,1/18/2020,ftellwrightmt@businessinsider.com,870-915-3604,783 Michigan Road,Mehendiganj,,6431,Bangladesh,Florry Tellwright,546-472-2167,parent,822,9/19/2021
823,Kermie,Edmands,Agender,12/12/1966,Biostatistician IV,Business Development,69455.02,11/13/2013,kedmandsmu@gizmodo.com,612-160-4949,75424 Delladonna Street,Wielgie,,87-603,Poland,Kermie Edmands,363-597-8598,sibling,823,2/25/2012
824,Cobb,Woolger,Male,12/8/1980,Database Administrator III,Legal,48395.7,8/17/2018,cwoolgermv@harvard.edu,738-158-6643,6644 Kenwood Point,Zaječí,,691 05,Czech Republic,Cobb Woolger,837-802-1507,spouse,824,2/13/2017
825,Damon,Windows,Male,6/26/1998,Research Assistant I,Legal,85510.06,12/19/2020,dwindowsmw@cisco.com,395-730-8498,51530 Cody Drive,Dobřív,,338 44,Czech Republic,Damon Windows,375-922-6385,parent,825,10/8/2018
826,Archibaldo,Skelbeck,Male,8/28/1998,Speech Pathologist,Training,125175.62,11/10/2016,askelbeckmx@prlog.org,466-651-9491,1482 East Lane,Huifeng,,,China,Archibaldo Skelbeck,973-184-9276,sibling,826,4/18/2020
827,Raoul,Charon,Male,3/18/1972,Programmer Analyst II,Business Development,97743.77,7/18/2012,rcharonmy@msn.com,720-551-8985,0483 Walton Road,Mochumí,,,Peru,Raoul Charon,141-539-3107,sibling,827,3/26/2016
828,Frannie,Soonhouse,Male,4/29/1991,Director of Sales,Human Resources,62438.12,5/6/2017,fsoonhousemz@is.gd,165-929-5608,26925 Bay Avenue,Bangkalan,,,Indonesia,Frannie Soonhouse,170-532-1983,parent,828,5/4/2019
829,Franky,Colleran,Male,1/26/1972,Quality Control Specialist,Sales,37475.27,8/16/2017,fcollerann0@fda.gov,327-154-2867,7 Manley Place,Göteborg,Västra Götaland,405 33,Sweden,Franky Colleran,723-380-7655,sibling,829,3/9/2021
830,Elwood,Bangs,Male,3/28/1983,Account Executive,Services,132007.34,6/21/2011,ebangsn1@indiatimes.com,704-666-5272,02907 Chive Alley,Batugede Kulon,,,Indonesia,Elwood Bangs,809-889-4326,sibling,830,6/5/2016
831,Dyann,Ivashnyov,Female,5/19/1971,Account Executive,Accounting,84337.18,1/2/2020,divashnyovn2@bizjournals.com,882-369-0428,6097 Sommers Alley,Eskifjörður,,735,Iceland,Dyann Ivashnyov,934-499-0140,sibling,831,1/16/2012
832,Gawen,Backshill,Male,6/3/1999,Assistant Media Planner,Training,71342.71,1/24/2020,gbackshilln3@ft.com,299-693-3372,74039 Park Meadow Place,Rublëvo,,652288,Russia,Gawen Backshill,142-326-6406,sibling,832,1/4/2010
833,Red,Espadas,Male,4/13/1976,General Manager,Marketing,131773.74,6/2/2013,respadasn4@cisco.com,512-712-0820,8 Texas Drive,Solosolo,,,Samoa,Red Espadas,360-358-6812,sibling,833,12/11/2021
834,Amalea,Whitfield,Female,1/13/1979,Software Test Engineer II,Services,94648.4,2/24/2018,awhitfieldn5@stumbleupon.com,591-950-0026,2 Roxbury Court,España,,1444,Philippines,Amalea Whitfield,573-524-3885,spouse,834,7/18/2012
835,Asa,Inskipp,Male,12/9/1969,Junior Executive,Support,110022.63,12/28/2018,ainskippn6@utexas.edu,455-803-8901,00548 Center Center,Doumen,,,China,Asa Inskipp,616-675-4838,sibling,835,9/24/2014
836,Irving,Hellsdon,Agender,12/23/1983,Software Test Engineer II,Services,146272.41,9/8/2018,ihellsdonn7@newsvine.com,276-954-5558,7 Portage Road,Agboville,,,Ivory Coast,Irving Hellsdon,424-541-5154,parent,836,8/19/2014
837,Dyane,Lamers,Female,9/21/1977,Account Coordinator,Training,52663.57,6/2/2016,dlamersn8@chicagotribune.com,663-222-6901,08 Amoth Avenue,Kolindrós,,,Greece,Dyane Lamers,844-896-1078,parent,837,7/21/2019
838,Eryn,Keiley,Female,2/15/1989,Systems Administrator III,Legal,113534.64,8/31/2015,ekeileyn9@npr.org,283-314-2882,96426 Lawn Point,Mandera,,,Kenya,Eryn Keiley,520-231-2467,parent,838,6/26/2010
839,Jody,Swigg,Female,12/18/1970,Analog Circuit Design manager,Product Management,64704.23,7/8/2012,jswiggna@sitemeter.com,279-674-8979,9359 Hazelcrest Hill,Korolevo,,,Ukraine,Jody Swigg,310-482-9689,friend,839,6/5/2019
840,Mignon,Matiashvili,Female,10/14/1994,Administrative Officer,Sales,109181.7,7/26/2016,mmatiashvilinb@nps.gov,204-430-6590,5 Lyons Pass,Goiás,,76600-000,Brazil,Mignon Matiashvili,480-679-1488,parent,840,4/13/2021
841,Evangelia,Phibb,Female,6/20/1980,Engineer I,Human Resources,87869.8,11/13/2016,ephibbnc@constantcontact.com,866-968-2463,3343 Di Loreto Center,Itauguá,,,Paraguay,Evangelia Phibb,331-296-9707,friend,841,11/19/2010
842,Aryn,Grundell,Non-binary,4/1/1966,Paralegal,Human Resources,30631.38,5/19/2014,agrundellnd@eventbrite.com,148-597-0795,818 Green Ridge Plaza,Kirovgrad,,624144,Russia,Aryn Grundell,252-464-0005,friend,842,7/13/2021
843,Perceval,Pitblado,Male,5/5/1985,Senior Editor,Services,104837.22,6/28/2014,ppitbladone@dailymail.co.uk,107-596-3903,023 Cody Hill,Shifan,,,China,Perceval Pitblado,480-299-8947,friend,843,11/21/2014
844,Harper,Carlow,Male,12/9/1998,Web Designer I,Legal,98567.76,8/4/2018,hcarlownf@nifty.com,536-248-2717,187 Tennessee Plaza,Lulindi,,,Tanzania,Harper Carlow,115-351-3895,friend,844,6/29/2020
845,Ernst,Physic,Male,6/16/1984,Quality Control Specialist,Support,143227.31,10/25/2021,ephysicng@i2i.jp,763-813-8228,7 Monterey Junction,Korçë,,,Albania,Ernst Physic,917-822-6757,friend,845,2/11/2015
846,Ulberto,Vickers,Male,3/2/1998,Account Representative II,Sales,131893.18,2/28/2011,uvickersnh@1und1.de,476-289-2518,74 Declaration Junction,Farrokh Shahr,,,Iran,Ulberto Vickers,498-616-5314,spouse,846,10/21/2021
847,Killie,Beaten,Male,11/29/1963,Database Administrator IV,Services,32207.53,10/22/2011,kbeatenni@amazon.co.uk,720-410-0853,45638 Marquette Alley,Queimados,,26300-000,Brazil,Killie Beaten,785-928-0454,sibling,847,10/26/2016
848,Ardis,Langlands,Female,1/14/1994,VP Sales,Engineering,63162.87,2/26/2018,alanglandsnj@techcrunch.com,172-750-9530,6210 Farmco Drive,Marshintsy,,,Ukraine,Ardis Langlands,374-409-2060,parent,848,7/22/2019
849,Tina,Metcalf,Female,3/19/1970,Research Assistant I,Legal,149720.52,1/11/2014,tmetcalfnk@opensource.org,386-338-7014,42381 Sunfield Junction,Duzhenwan,,,China,Tina Metcalf,615-783-0514,spouse,849,12/5/2019
850,Conn,Turrill,Male,12/31/1986,Social Worker,Engineering,60833.42,2/2/2019,cturrillnl@examiner.com,650-580-5383,66809 Shasta Circle,Pho Thong,,14120,Thailand,Conn Turrill,362-291-9691,friend,850,1/25/2017
851,Irv,Ferney,Genderqueer,8/5/1970,Nurse,Sales,108978.78,6/9/2018,iferneynm@mysql.com,784-285-3335,18 6th Drive,Passos,,37900-000,Brazil,Irv Ferney,472-542-8026,parent,851,5/12/2012
852,Lyn,Gallagher,Male,7/30/1992,Sales Associate,Training,105320.52,5/28/2010,lgallaghernn@irs.gov,376-374-9547,6 Cottonwood Road,Daultāla,,47811,Pakistan,Lyn Gallagher,694-415-7749,parent,852,4/13/2017
853,Kathryn,Thomazin,Female,2/7/1964,Accounting Assistant IV,Human Resources,114934.79,5/20/2021,kthomazinno@yahoo.com,866-287-2699,1811 Springs Pass,Damayan,,1104,Philippines,Kathryn Thomazin,513-156-7164,friend,853,9/24/2012
854,Maximilianus,Easun,Male,4/26/1982,Information Systems Manager,Marketing,60811.66,4/15/2015,measunnp@netlog.com,720-780-9669,4 Stoughton Place,San Isidro,Nuevo Leon,64103,Mexico,Maximilianus Easun,268-965-9391,spouse,854,8/15/2016
855,Shadow,Bidder,Male,8/13/1997,Legal Assistant,Legal,101252.1,9/29/2017,sbiddernq@360.cn,142-466-4630,5 Dakota Avenue,Nikolinci,,,Serbia,Shadow Bidder,838-576-1423,parent,855,11/17/2015
856,Costanza,Craighead,Female,5/31/1983,Staff Scientist,Marketing,77964.79,5/5/2015,ccraigheadnr@pinterest.com,110-825-9263,72 Lindbergh Place,Concepción de la Barranca,,,Honduras,Costanza Craighead,556-441-5591,friend,856,4/10/2019
857,Gusti,Geaveny,Female,4/25/1995,Nuclear Power Engineer,Services,139596.81,12/7/2011,ggeavenyns@alibaba.com,498-187-8885,9 Mccormick Point,Maralal,,,Kenya,Gusti Geaveny,518-845-5709,parent,857,6/29/2021
858,Stephine,Leneve,Female,2/16/1984,Analog Circuit Design manager,Research and Development,115614.16,9/26/2011,slenevent@arstechnica.com,840-728-6032,47935 School Trail,Cayambe,,,Ecuador,Stephine Leneve,135-834-4257,parent,858,7/30/2018
859,Humphrey,Narramor,Male,5/8/1970,Financial Analyst,Marketing,111801.61,9/16/2017,hnarramornu@goo.ne.jp,121-618-6792,999 Forest Dale Street,Cileles,,,Indonesia,Humphrey Narramor,701-474-6912,parent,859,1/21/2010
860,Ursala,Luxon,Female,12/4/1987,Assistant Professor,Product Management,147642.49,2/26/2014,uluxonnv@so-net.ne.jp,357-218-8815,079 Milwaukee Alley,Capelinha,,39680-000,Brazil,Ursala Luxon,948-448-4285,spouse,860,10/15/2018
861,Elsa,Beardall,Female,12/26/1981,Desktop Support Technician,Marketing,95181.16,10/2/2016,ebeardallnw@telegraph.co.uk,816-453-4389,9002 Dunning Hill,Zürich,Kanton Zürich,8023,Switzerland,Elsa Beardall,201-758-1610,spouse,861,3/18/2021
862,Thedrick,Crennan,Male,8/20/1984,Clinical Specialist,Product Management,38810.84,11/6/2020,tcrennannx@toplist.cz,527-896-8763,012 Moland Park,Kudirkos Naumiestis,,71049,Lithuania,Thedrick Crennan,963-717-5065,parent,862,2/11/2012
863,Nicol,Wegenen,Male,3/20/1987,Structural Analysis Engineer,Marketing,38795.83,1/8/2016,nwegenenny@biblegateway.com,639-339-2345,81428 Lakewood Gardens Crossing,Pokrovskoye,,623795,Russia,Nicol Wegenen,908-457-4896,sibling,863,10/23/2016
864,Marlon,Grazier,Male,12/6/1963,Cost Accountant,Support,32887.83,12/27/2011,mgraziernz@shareasale.com,207-378-2643,146 Bellgrove Place,Färjestaden,Kalmar,386 35,Sweden,Marlon Grazier,197-600-9895,friend,864,9/17/2020
865,Simonne,Laville,Female,2/1/1974,Media Manager II,Business Development,99011.16,7/27/2020,slavilleo0@virginia.edu,719-506-7097,6858 Sachtjen Junction,Quanshang,,,China,Simonne Laville,961-140-1388,parent,865,11/11/2010
866,Lea,Hurndall,Female,6/27/1960,Recruiter,Product Management,144250.0,9/22/2016,lhurndallo1@instagram.com,827-299-4550,9 Maywood Trail,Alannay,,3524,Philippines,Lea Hurndall,541-635-7716,parent,866,7/4/2021
867,Rhianna,Hullins,Female,5/16/1989,Help Desk Technician,Marketing,110727.18,2/27/2012,rhullinso2@elegantthemes.com,265-343-4056,48420 Melby Center,Ishëm,,,Albania,Rhianna Hullins,237-884-0411,spouse,867,12/10/2021
868,Laryssa,Leversuch,Female,8/26/1982,Research Assistant III,Business Development,58222.29,7/18/2019,lleversucho3@barnesandnoble.com,742-880-1549,067 Farwell Road,Bergen,Hordaland,5857,Norway,Laryssa Leversuch,513-190-9470,spouse,868,9/20/2016
869,Helena,Babe,Female,11/12/1994,Electrical Engineer,Product Management,146842.67,6/14/2011,hbabeo4@nps.gov,862-169-6001,3472 Grim Lane,Ridder,,,Kazakhstan,Helena Babe,778-393-0821,spouse,869,12/7/2019
870,Chaddy,McKeeman,Male,7/28/1981,Web Developer II,Legal,75056.38,9/10/2019,cmckeemano5@sourceforge.net,516-495-2360,9784 Bay Point,Cungkal,,,Indonesia,Chaddy McKeeman,735-624-4745,spouse,870,12/9/2013
871,Lorain,Joist,Female,6/7/1988,Account Representative II,Services,49269.35,8/22/2018,ljoisto6@europa.eu,675-917-6792,9555 Bellgrove Way,Bystryanka,,659555,Russia,Lorain Joist,609-507-2290,parent,871,1/22/2014
872,Ronnie,Celle,Female,1/7/1989,Senior Editor,Support,73845.55,12/14/2015,rcelleo7@apple.com,773-715-0412,6710 Rutledge Hill,El Hamma,,,Tunisia,Ronnie Celle,622-494-3502,sibling,872,5/4/2019
873,Fraser,Grandham,Male,10/15/1996,Accounting Assistant II,Training,102959.25,3/3/2014,fgrandhamo8@adobe.com,164-203-2370,7 Di Loreto Court,Liuxiang,,,China,Fraser Grandham,259-707-4397,spouse,873,10/26/2014
874,Colver,Chuney,Male,7/28/1972,Assistant Professor,Training,37987.94,5/10/2014,cchuneyo9@parallels.com,356-136-6232,55478 Mifflin Street,Nonghe,,,China,Colver Chuney,535-757-1469,friend,874,4/17/2011
875,Kellen,Haggith,Male,6/17/1963,Graphic Designer,Services,108077.72,4/23/2017,khaggithoa@goo.gl,763-605-1887,039 Fordem Center,Lipa City,,4217,Philippines,Kellen Haggith,847-876-5802,spouse,875,11/13/2021
876,Garald,Vanichkin,Male,8/16/1990,Biostatistician I,Services,74208.45,5/13/2018,gvanichkinob@about.me,926-821-4281,1 Russell Lane,Cachada,Porto,4615-178,Portugal,Garald Vanichkin,923-319-4683,parent,876,5/25/2014
877,Natalina,Van Der Vlies,Female,2/20/1989,Media Manager III,Human Resources,73595.97,9/27/2012,nvanoc@dropbox.com,510-574-0074,00 Lawn Trail,Nailung,,,China,Natalina Van Der Vlies,689-146-2613,spouse,877,12/19/2013
878,Calhoun,Emlyn,Male,2/4/1963,Assistant Media Planner,Training,45608.49,9/12/2011,cemlynod@wordpress.com,282-903-4582,3 Hanover Circle,Itaporanga,,18480-000,Brazil,Calhoun Emlyn,814-971-6339,spouse,878,2/23/2020
879,Ericka,Cardinale,Female,2/10/1991,Programmer II,Training,142028.6,5/10/2013,ecardinaleoe@nydailynews.com,232-222-2256,7 Lunder Terrace,Daxi,,,China,Ericka Cardinale,222-981-5384,sibling,879,11/14/2015
880,Emlynn,Tresler,Female,7/6/1980,Community Outreach Specialist,Legal,97043.51,5/1/2020,etreslerof@howstuffworks.com,274-526-3809,6 Golf View Way,Belize City,,,Belize,Emlynn Tresler,622-576-1646,parent,880,10/28/2012
881,Manfred,Storres,Male,2/21/1966,Product Engineer,Legal,111044.49,7/29/2011,mstorresog@tripod.com,760-124-0355,4 Debra Way,Água Retorta,Ilha de São Miguel,9650-015,Portugal,Manfred Storres,926-769-0196,spouse,881,5/17/2015
882,Cary,Lambrick,Male,11/1/1969,Web Designer IV,Training,132880.27,5/27/2011,clambrickoh@businessinsider.com,778-694-6378,00 Arrowood Drive,Pakkat,,,Indonesia,Cary Lambrick,524-529-0896,sibling,882,11/9/2012
883,Dukey,Nuschke,Male,2/18/1992,Editor,Sales,129517.07,7/1/2014,dnuschkeoi@yahoo.co.jp,626-210-1896,1 Colorado Trail,Zhexiao,,,China,Dukey Nuschke,919-461-2292,sibling,883,2/27/2013
884,Gabriele,Gosney,Male,7/5/1976,Human Resources Manager,Business Development,53863.17,7/26/2020,ggosneyoj@arizona.edu,301-603-5402,2653 Butternut Alley,Fantan,,,Armenia,Gabriele Gosney,233-360-1839,parent,884,8/21/2017
885,Burgess,St. John,Male,1/19/1995,Account Representative III,Accounting,145167.05,1/7/2010,bstok@google.com.au,547-985-0608,69 Buena Vista Place,Omutninsk,,612744,Russia,Burgess St. John,239-842-0509,friend,885,9/12/2012
886,Marijo,Huc,Female,2/6/1971,Chief Design Engineer,Marketing,120786.6,4/18/2014,mhucol@latimes.com,589-188-0742,98 Di Loreto Street,Weepangali,,,Indonesia,Marijo Huc,573-984-8958,friend,886,10/2/2019
887,Cassie,Frizell,Female,6/14/1991,Civil Engineer,Research and Development,110631.39,7/19/2017,cfrizellom@icq.com,733-286-6633,0 Corry Court,Sanhe,,,China,Cassie Frizell,227-301-0093,sibling,887,6/16/2015
888,Lydon,Elflain,Male,8/21/1976,Compensation Analyst,Engineering,122222.25,8/11/2020,lelflainon@arstechnica.com,132-939-7165,27 Continental Place,Mokolo,,,Cameroon,Lydon Elflain,533-587-8608,spouse,888,3/13/2019
889,Lorenza,Atterley,Female,8/21/1973,Editor,Research and Development,67839.31,12/21/2015,latterleyoo@zdnet.com,701-763-9566,338 Maple Alley,Roubaix,Nord-Pas-de-Calais,59073 CEDEX 1,France,Lorenza Atterley,552-671-5357,sibling,889,8/6/2019
890,Reeva,Carette,Female,3/26/1986,Senior Developer,Support,74735.41,6/23/2015,rcaretteop@reference.com,389-269-4924,34500 Emmet Point,Kiyawa,,,Nigeria,Reeva Carette,451-542-6481,sibling,890,4/25/2013
891,Brnaba,Cluney,Male,5/8/1995,Research Nurse,Research and Development,71326.04,1/23/2018,bcluneyoq@netscape.com,888-705-7647,77526 Springs Way,Khalkhāl,,,Iran,Brnaba Cluney,730-530-0587,sibling,891,8/23/2019
892,Sabra,Cornelissen,Female,10/12/1974,Accounting Assistant I,Engineering,122522.94,8/24/2019,scornelissenor@adobe.com,486-920-1923,3020 Mayfield Terrace,Starominskaya,,353617,Russia,Sabra Cornelissen,454-235-5646,sibling,892,8/12/2012
893,Sayers,Cadney,Male,1/17/1973,Cost Accountant,Services,30352.36,8/18/2011,scadneyos@sakura.ne.jp,547-904-8377,320 Bayside Plaza,Bograd,,655340,Russia,Sayers Cadney,257-480-9139,sibling,893,1/12/2021
894,Keelby,Wolledge,Male,3/2/1964,Environmental Tech,Sales,66992.1,10/20/2021,kwolledgeot@phpbb.com,682-746-9803,291 Ridgeview Road,Mashizhai,,,China,Keelby Wolledge,618-452-8119,sibling,894,7/30/2013
895,Opaline,McIvor,Female,6/1/1975,Clinical Specialist,Business Development,147455.66,6/20/2010,omcivorou@4shared.com,676-911-3226,43101 Clarendon Pass,Al Matlīn,,,Tunisia,Opaline McIvor,330-311-0702,sibling,895,8/22/2016
896,Billi,Furniss,Female,11/16/1983,Financial Analyst,Legal,107761.82,7/22/2012,bfurnissov@com.com,933-409-2321,48 Golden Leaf Avenue,Hehu,,,China,Billi Furniss,984-168-3074,friend,896,1/4/2010
897,Brooks,Search,Genderfluid,10/6/1961,Compensation Analyst,Engineering,95315.43,3/20/2010,bsearchow@dailymail.co.uk,223-628-2310,13049 Monterey Point,Tubualá,,,Panama,Brooks Search,210-337-6654,parent,897,3/3/2012
898,Findlay,Shapcote,Male,1/11/1973,Environmental Specialist,Human Resources,106257.91,1/14/2020,fshapcoteox@ifeng.com,333-784-3399,7853 Hansons Hill,Paris 19,Île-de-France,75934 CEDEX 19,France,Findlay Shapcote,248-651-5527,parent,898,6/16/2010
899,Jaymee,Waliszewski,Female,11/1/1963,Teacher,Marketing,74459.06,1/22/2014,jwaliszewskioy@deliciousdays.com,268-868-0865,8 Summer Ridge Lane,Brasília,,70000-000,Brazil,Jaymee Waliszewski,200-322-5185,sibling,899,10/6/2017
900,Juan,Aleixo,Male,10/2/1966,Professor,Accounting,71388.12,8/18/2010,jaleixooz@apple.com,306-279-8189,504 Mesta Way,Munkfors,Värmland,684 91,Sweden,Juan Aleixo,705-208-9636,friend,900,3/2/2016
901,Sibeal,Burley,Female,1/26/1979,Analog Circuit Design manager,Research and Development,148997.26,1/26/2010,sburleyp0@google.pl,777-584-4048,21 Cody Trail,Kumamoto,,802-0044,Japan,Sibeal Burley,759-674-7159,parent,901,9/23/2014
902,Sergeant,Blindermann,Male,11/13/1977,Mechanical Systems Engineer,Support,148517.19,10/20/2014,sblindermannp1@istockphoto.com,486-216-8813,2061 Maywood Parkway,Hashtgerd,,,Iran,Sergeant Blindermann,254-205-0649,parent,902,10/17/2014
903,Michaella,Franey,Female,11/29/1978,VP Marketing,Training,54093.78,12/6/2016,mfraneyp2@usa.gov,116-540-7528,8586 Rusk Parkway,Zelenogorsk,,663694,Russia,Michaella Franey,676-583-0501,spouse,903,7/12/2013
904,Brier,Lathom,Female,2/28/1977,Mechanical Systems Engineer,Legal,131799.49,6/1/2010,blathomp3@google.pl,754-961-0245,250 Anzinger Parkway,Canala,,98813,New Caledonia,Brier Lathom,538-611-6614,spouse,904,6/26/2012
905,Prentice,Van der Velden,Male,11/19/1987,Design Engineer,Accounting,94732.83,3/8/2011,pvanp4@yahoo.com,277-602-0780,67304 Thackeray Pass,Xinshi,,,China,Prentice Van der Velden,192-509-1845,sibling,905,4/1/2013
906,Dari,Brannigan,Genderqueer,8/15/1970,Account Executive,Sales,75294.23,10/2/2018,dbranniganp5@cargocollective.com,581-538-6806,1 Bunker Hill Park,Xiaochengzi,,,China,Dari Brannigan,829-235-7142,spouse,906,9/9/2015
907,Joseph,MacDermand,Male,12/13/1960,Graphic Designer,Business Development,109349.57,1/11/2012,jmacdermandp6@scribd.com,350-242-7135,328 Stuart Pass,Baziqiao,,,China,Joseph MacDermand,570-683-6551,sibling,907,10/16/2020
908,Coraline,Gorst,Female,1/21/1984,Software Engineer III,Business Development,71584.44,7/7/2019,cgorstp7@nsw.gov.au,903-602-6234,82457 Iowa Avenue,La Clotilde,,3701,Argentina,Coraline Gorst,330-194-0617,sibling,908,5/13/2014
909,Cherri,Lippett,Polygender,11/26/1999,Dental Hygienist,Business Development,97817.24,7/30/2010,clippettp8@nbcnews.com,722-690-5828,7 Manley Pass,Stepanovićevo,,,Serbia,Cherri Lippett,614-661-5101,friend,909,3/23/2021
910,Roland,Lande,Male,5/15/1981,Food Chemist,Accounting,127837.78,7/1/2014,rlandep9@biblegateway.com,351-435-0467,6 Gale Lane,Sumberdangdang,,,Indonesia,Roland Lande,433-827-7707,parent,910,3/7/2015
911,Webb,Gavriel,Male,6/17/1976,Programmer IV,Research and Development,91698.1,12/6/2018,wgavrielpa@weibo.com,611-890-1612,945 Nevada Parkway,Langsa,,,Indonesia,Webb Gavriel,908-548-2399,friend,911,8/11/2018
912,Lyon,Templeman,Male,10/29/1979,Internal Auditor,Marketing,59945.73,1/5/2014,ltemplemanpb@seattletimes.com,825-119-1942,65824 Corry Street,Kokagax,,,China,Lyon Templeman,783-603-3433,sibling,912,6/14/2013
913,Elane,Screaton,Female,5/28/1980,Health Coach II,Support,120283.91,3/21/2016,escreatonpc@businesswire.com,449-907-5152,47856 Bobwhite Hill,Rustenburg,,0390,South Africa,Elane Screaton,701-577-1257,spouse,913,2/13/2018
914,Sheeree,Tapin,Bigender,7/23/1969,Chief Design Engineer,Training,138980.65,1/10/2010,stapinpd@wikimedia.org,523-814-9208,42 Lukken Park,Slawharad,,,Belarus,Sheeree Tapin,992-817-9750,parent,914,2/11/2021
915,Guendolen,Horburgh,Female,10/3/1976,Assistant Professor,Support,68806.08,8/14/2013,ghorburghpe@wikia.com,392-391-9620,21 Fair Oaks Place,Alarobia,,,Madagascar,Guendolen Horburgh,679-537-4402,friend,915,5/12/2014
916,Winifred,Lytle,Female,1/31/1973,Programmer II,Marketing,64718.79,8/21/2019,wlytlepf@bbc.co.uk,989-100-0021,61777 Hovde Point,Vinnytsya,,,Ukraine,Winifred Lytle,712-148-0734,sibling,916,12/23/2013
917,Uriel,Bruineman,Male,6/12/1967,Research Nurse,Sales,65581.98,3/15/2021,ubruinemanpg@theguardian.com,489-248-6724,43 Debra Court,Dutsin Ma,,,Nigeria,Uriel Bruineman,813-944-8556,friend,917,4/12/2011
918,Chloris,Eisikowitz,Female,3/22/1979,Engineer I,Research and Development,129630.57,10/20/2015,ceisikowitzph@canalblog.com,214-447-6296,80 Utah Park,Tambillo,,,Peru,Chloris Eisikowitz,724-430-7400,friend,918,4/9/2015
919,William,Elloy,Male,6/25/1998,Chief Design Engineer,Marketing,127575.41,11/30/2014,welloypi@google.com.au,114-794-7289,09342 Jackson Junction,Podhum,,,Bosnia and Herzegovina,William Elloy,878-878-5620,parent,919,6/8/2014
920,Melissa,Renfrew,Non-binary,8/16/1999,Budget/Accounting Analyst II,Sales,78527.59,5/31/2012,mrenfrewpj@slideshare.net,465-789-8367,1 Sugar Court,Agua Fría,,,Honduras,Melissa Renfrew,346-724-8031,friend,920,11/4/2015
921,Leslie,Yggo,Bigender,10/21/1989,Quality Engineer,Human Resources,140125.22,8/29/2017,lyggopk@ucoz.com,736-972-4172,563 Comanche Lane,Compostela,,8109,Philippines,Leslie Yggo,194-895-0143,sibling,921,10/12/2018
922,Inez,Kissick,Female,7/2/1960,Social Worker,Training,113979.52,9/26/2011,ikissickpl@boston.com,746-559-2228,289 Bartelt Trail,Gontar,,,Indonesia,Inez Kissick,326-870-6464,friend,922,7/16/2020
923,Russ,O' Cuolahan,Male,8/13/1977,VP Sales,Business Development,139235.18,1/8/2020,ropm@friendfeed.com,465-173-2034,0 Charing Cross Alley,Lương Bằng,,,Vietnam,Russ O' Cuolahan,243-441-8181,parent,923,7/17/2010
924,Falito,Hounson,Male,7/11/1972,Nurse,Marketing,88295.4,9/5/2019,fhounsonpn@de.vu,682-924-2850,75462 Riverside Terrace,Fort Worth,Texas,76192,United States,Falito Hounson,315-443-5930,spouse,924,6/10/2021
925,Katalin,Faircloth,Female,2/15/1990,Cost Accountant,Accounting,131099.51,2/15/2015,kfairclothpo@accuweather.com,326-123-6255,497 Butterfield Road,Kostinbrod,,2259,Bulgaria,Katalin Faircloth,868-619-5455,friend,925,4/6/2011
926,Seymour,Bulford,Male,2/12/1975,Nuclear Power Engineer,Sales,106418.41,4/27/2020,sbulfordpp@sina.com.cn,214-895-2530,03795 Mockingbird Way,Pho Thong,,14120,Thailand,Seymour Bulford,653-349-1687,friend,926,12/10/2015
927,Fabiano,Chesterfield,Male,5/30/1971,Staff Accountant II,Product Management,100287.0,11/23/2019,fchesterfieldpq@wikimedia.org,275-930-0956,21 Graceland Street,Velikiy Novgorod,,173025,Russia,Fabiano Chesterfield,884-914-9835,friend,927,3/15/2016
928,Elberta,Cherrie,Female,12/25/1987,Graphic Designer,Support,38111.41,3/18/2016,echerriepr@google.ca,299-395-2950,6 Leroy Terrace,Mercedes,,6808,Philippines,Elberta Cherrie,248-438-5004,spouse,928,1/26/2015
929,Val,Castro,Female,12/25/1981,Paralegal,Accounting,49235.26,4/2/2012,vcastrops@ebay.com,818-155-4701,12 Upham Place,Ekenäs,,35530,Finland,Val Castro,217-777-8467,friend,929,7/27/2013
930,Katherina,Asple,Female,9/22/1984,Database Administrator IV,Accounting,56665.7,12/14/2021,kasplept@globo.com,471-980-7641,608 Raven Street,Mashi,,,China,Katherina Asple,384-487-7643,sibling,930,8/31/2012
931,Ramon,Drohun,Male,10/11/1964,Help Desk Operator,Services,39092.35,4/18/2018,rdrohunpu@cargocollective.com,341-233-9955,5 Nancy Road,Yidu,,,China,Ramon Drohun,774-313-2818,spouse,931,6/3/2018
932,Jamill,Jewett,Male,4/20/1970,Librarian,Sales,57844.6,12/14/2014,jjewettpv@is.gd,205-321-0500,0 Grover Circle,Birmingham,Alabama,35205,United States,Jamill Jewett,604-415-4951,friend,932,4/2/2020
933,Norton,Neachell,Male,8/8/1973,Sales Representative,Human Resources,52040.96,6/24/2020,nneachellpw@360.cn,266-497-3364,9 Buhler Point,Rustam jo Goth,,78051,Pakistan,Norton Neachell,304-107-7934,sibling,933,11/20/2015
934,Alan,Shirt,Male,7/5/1985,Senior Quality Engineer,Human Resources,58008.8,3/1/2020,ashirtpx@si.edu,642-124-8453,8231 Thackeray Trail,Heerlen,Provincie Limburg,6414,Netherlands,Alan Shirt,118-795-4217,sibling,934,2/3/2010
935,Oren,Wardall,Male,4/2/1986,Structural Engineer,Sales,64014.21,10/20/2011,owardallpy@fastcompany.com,578-263-9356,02968 Daystar Center,Huilong,,,China,Oren Wardall,602-146-5374,sibling,935,5/6/2012
936,Calv,Wapples,Male,8/31/1987,Research Nurse,Support,105944.89,7/24/2014,cwapplespz@cafepress.com,198-394-3404,34970 Express Street,Banyue,,,China,Calv Wapples,746-916-3401,parent,936,10/16/2010
937,Bernarr,Lewington,Male,3/1/1972,Statistician IV,Business Development,98636.75,9/14/2013,blewingtonq0@lulu.com,665-179-8921,357 Thierer Point,Sobhādero,,66191,Pakistan,Bernarr Lewington,415-360-1723,parent,937,3/22/2021
938,Sanson,Toomey,Male,10/15/1979,Senior Sales Associate,Sales,94327.25,12/24/2018,stoomeyq1@umich.edu,680-799-7873,84200 Judy Avenue,Simo,,95201,Finland,Sanson Toomey,195-259-0695,spouse,938,1/2/2020
939,Zed,Smaling,Male,7/25/1989,VP Product Management,Human Resources,101828.66,9/7/2019,zsmalingq2@printfriendly.com,967-745-4037,8292 Jenifer Lane,Lingzhi,,,China,Zed Smaling,563-284-0460,friend,939,9/25/2010
940,Dacie,Bollen,Female,10/5/1962,VP Sales,Business Development,92494.69,4/10/2015,dbollenq3@vimeo.com,260-649-5116,2 Londonderry Alley,Cunday,,734048,Colombia,Dacie Bollen,970-950-1739,friend,940,2/11/2016
941,Lorin,Gravett,Male,11/4/1961,Statistician II,Sales,37052.18,1/2/2014,lgravettq4@columbia.edu,221-328-7550,33467 Monument Terrace,Zhabagly,,,Kazakhstan,Lorin Gravett,306-146-7794,sibling,941,8/31/2015
942,Gilberta,Delle,Female,3/12/1970,Quality Control Specialist,Legal,57060.62,4/22/2014,gdelleq5@disqus.com,204-644-6430,60 Lakewood Gardens Pass,Tílisos,,,Greece,Gilberta Delle,942-145-2014,spouse,942,12/22/2016
943,Joana,Sussems,Female,5/25/1979,Graphic Designer,Support,102985.28,2/21/2018,jsussemsq6@nymag.com,404-419-9462,367 Brickson Park Hill,Zawiya,,,Libya,Joana Sussems,332-914-3837,spouse,943,6/25/2018
944,Bertha,Spoward,Female,9/9/1966,Information Systems Manager,Services,64443.81,12/9/2016,bspowardq7@usa.gov,700-946-9960,5 Barnett Parkway,La Unión,,761548,Colombia,Bertha Spoward,623-688-2693,spouse,944,11/26/2017
945,Fulton,Shaefer,Male,6/9/1995,Software Test Engineer II,Services,41313.51,8/27/2012,fshaeferq8@hhs.gov,766-209-8680,0 Arapahoe Park,Deventer,Provincie Overijssel,7409,Netherlands,Fulton Shaefer,534-721-2459,sibling,945,10/5/2011
946,Brandie,Jorge,Female,4/12/1960,Senior Sales Associate,Human Resources,137112.49,9/25/2017,bjorgeq9@over-blog.com,527-588-7231,6 Rigney Drive,Jaraguá,,76330-000,Brazil,Brandie Jorge,280-151-1837,parent,946,5/28/2011
947,Yovonnda,Meffin,Female,11/1/1994,Budget/Accounting Analyst IV,Business Development,125934.29,6/9/2017,ymeffinqa@cyberchimps.com,773-660-1146,75363 Novick Junction,Longwu,,,China,Yovonnda Meffin,499-414-7275,sibling,947,3/5/2020
948,Osbourne,Tomini,Male,12/26/1967,Web Designer III,Training,47485.01,7/24/2010,otominiqb@yale.edu,512-210-6901,5201 Corscot Junction,Nggalak,,,Indonesia,Osbourne Tomini,607-489-9236,parent,948,3/31/2019
949,Timotheus,Fairnington,Male,1/23/1990,Physical Therapy Assistant,Training,138772.04,7/14/2014,tfairningtonqc@newyorker.com,677-598-6323,161 Ramsey Avenue,Wakayama-shi,,649-6326,Japan,Timotheus Fairnington,868-837-7801,parent,949,12/16/2021
950,Noby,Flippini,Male,9/9/1982,Executive Secretary,Engineering,124607.42,3/28/2016,nflippiniqd@marketwatch.com,364-442-7506,17517 7th Way,Sanlei,,,China,Noby Flippini,629-740-7652,parent,950,7/11/2016
951,Ransom,Corrao,Male,10/7/1970,Financial Analyst,Human Resources,134709.31,1/26/2019,rcorraoqe@hp.com,502-460-5551,4 Troy Drive,Louisville,Kentucky,40298,United States,Ransom Corrao,202-171-4963,sibling,951,2/8/2019
952,Jae,Turfrey,Male,8/2/1995,Community Outreach Specialist,Product Management,110489.27,3/8/2012,jturfreyqf@umich.edu,240-191-7415,92877 Duke Junction,Kisumu,,,Kenya,Jae Turfrey,208-915-2445,spouse,952,4/20/2021
953,Sosanna,McAvin,Genderqueer,4/2/1962,Analog Circuit Design manager,Legal,56581.67,7/21/2015,smcavinqg@1und1.de,410-688-2422,3 Pearson Pass,Néa Manolás,,,Greece,Sosanna McAvin,471-343-1712,spouse,953,8/24/2018
954,Giovanni,Jarret,Male,9/5/1996,Automation Specialist I,Training,95259.95,2/8/2012,gjarretqh@sphinn.com,104-582-5795,1 Westridge Pass,Nueva Ocotepeque,,,Honduras,Giovanni Jarret,896-657-7631,spouse,954,6/29/2020
955,Marney,Humbee,Polygender,5/23/1972,Design Engineer,Business Development,72093.25,10/27/2011,mhumbeeqi@deliciousdays.com,504-699-1951,24745 Graedel Way,Novo Horizonte,,14960-000,Brazil,Marney Humbee,859-949-8247,spouse,955,1/20/2012
956,Zonda,Bernaldez,Female,7/3/1966,Database Administrator IV,Training,91232.88,11/1/2012,zbernaldezqj@photobucket.com,319-612-5989,7 Loeprich Park,Cedar Rapids,Iowa,52405,United States,Zonda Bernaldez,372-649-5271,sibling,956,10/30/2014
957,Karole,Caltun,Genderqueer,11/4/1984,Web Developer IV,Sales,143254.64,5/16/2020,kcaltunqk@cisco.com,689-251-4548,43 Corry Drive,Göteborg,Västra Götaland,404 22,Sweden,Karole Caltun,939-121-9857,sibling,957,11/14/2018
958,Rhoda,Lappin,Female,4/6/1987,Web Developer II,Research and Development,88819.58,10/15/2020,rlappinql@goo.ne.jp,572-624-1165,3 Welch Park,Reykjanesbær,,235,Iceland,Rhoda Lappin,525-266-3832,friend,958,11/29/2013
959,Joyous,Matzl,Female,2/19/1963,Actuary,Business Development,63485.07,11/22/2013,jmatzlqm@usatoday.com,434-694-9575,114 Comanche Trail,Indralayang,,,Indonesia,Joyous Matzl,934-573-4463,parent,959,9/21/2021
960,Konstance,Tryhorn,Female,6/14/1962,GIS Technical Architect,Engineering,96260.16,1/4/2010,ktryhornqn@trellian.com,342-557-8482,4532 Cody Crossing,Sendafa,,,Ethiopia,Konstance Tryhorn,975-889-1119,friend,960,11/18/2018
961,Jeane,Trundler,Female,10/25/1969,Account Representative IV,Research and Development,129972.58,9/21/2017,jtrundlerqo@gravatar.com,332-944-1285,89 Holy Cross Trail,Mīrwāh Gorchani,,36121,Pakistan,Jeane Trundler,252-997-4573,friend,961,5/23/2014
962,Natalya,Welfare,Female,9/21/1968,VP Quality Control,Marketing,84662.39,11/10/2020,nwelfareqp@icq.com,264-633-3269,57410 Lukken Point,Huolongmen,,,China,Natalya Welfare,287-639-2872,spouse,962,10/19/2012
963,York,Karolewski,Male,3/24/1974,Structural Engineer,Legal,140165.13,5/27/2016,ykarolewskiqq@guardian.co.uk,498-656-3071,70 Manitowish Avenue,Piaski,,63-820,Poland,York Karolewski,485-693-3626,spouse,963,11/17/2011
964,Portie,Cleen,Male,7/31/1972,Desktop Support Technician,Research and Development,33878.99,2/26/2011,pcleenqr@liveinternet.ru,884-437-3408,3245 Monica Avenue,Zborovice,,768 32,Czech Republic,Portie Cleen,280-601-9029,friend,964,4/13/2020
965,Hi,Langtree,Male,3/8/1996,Editor,Services,73604.16,10/19/2019,hlangtreeqs@pagesperso-orange.fr,293-907-4087,143 Rowland Lane,Bajia,,,China,Hi Langtree,719-334-3860,friend,965,1/5/2016
966,Dickie,Johansson,Male,2/3/1973,General Manager,Product Management,105470.28,7/14/2019,djohanssonqt@wordpress.org,226-160-2090,47 Buhler Plaza,Namīn,,,Iran,Dickie Johansson,902-815-3887,spouse,966,7/5/2013
967,Madelaine,Spoure,Agender,12/20/1975,Product Engineer,Research and Development,73846.24,2/28/2019,mspourequ@stanford.edu,747-454-8372,17 Brown Terrace,Yachimata,,289-1211,Japan,Madelaine Spoure,207-862-8180,sibling,967,12/26/2016
968,Danice,Colenutt,Female,10/19/1967,Office Assistant II,Support,130663.28,1/14/2013,dcolenuttqv@yellowpages.com,940-938-7168,108 Victoria Lane,Millau,Midi-Pyrénées,12104 CEDEX,France,Danice Colenutt,921-834-2694,sibling,968,1/8/2018
969,Eddy,Fotitt,Male,2/27/1999,Account Executive,Support,108652.9,7/27/2011,efotittqw@theatlantic.com,289-825-0141,06704 Muir Plaza,Lidköping,Västra Götaland,531 52,Sweden,Eddy Fotitt,226-248-0624,parent,969,5/3/2016
970,Rutter,McCoish,Male,10/28/1995,Developer IV,Accounting,101340.86,5/16/2013,rmccoishqx@house.gov,158-181-3422,505 Bayside Trail,‘Ābūd,,,Palestinian Territory,Rutter McCoish,933-112-1395,parent,970,4/16/2016
971,Barbabas,Norris,Male,1/22/1990,Cost Accountant,Accounting,122249.4,5/8/2012,bnorrisqy@cafepress.com,181-953-4427,1730 Muir Point,Tajerouine,,,Tunisia,Barbabas Norris,637-478-0377,friend,971,5/20/2012
972,Fred,Bittany,Female,8/10/1973,Dental Hygienist,Marketing,85264.51,7/13/2015,fbittanyqz@clickbank.net,673-692-3109,500 Prairieview Park,Paquera,,60105,Costa Rica,Fred Bittany,773-833-6285,sibling,972,3/6/2010
973,Salaidh,Stoll,Female,12/11/1960,Developer II,Support,140422.32,6/8/2018,sstollr0@reference.com,419-756-8385,63138 Sundown Place,Pavlohrad,,,Ukraine,Salaidh Stoll,282-159-7384,parent,973,3/28/2018
974,Gerri,Owbridge,Male,8/26/1993,Recruiting Manager,Human Resources,115140.2,10/18/2021,gowbridger1@army.mil,896-484-0190,42 Badeau Drive,Calzada Larga,,,Panama,Gerri Owbridge,372-159-1800,friend,974,4/17/2014
975,Walden,Pulhoster,Male,9/4/1969,Structural Analysis Engineer,Business Development,109743.96,11/30/2021,wpulhosterr2@clickbank.net,764-746-8437,58177 Glendale Parkway,Kertayuga,,,Indonesia,Walden Pulhoster,942-780-8421,spouse,975,4/28/2012
976,Sher,Peake,Female,10/19/1968,Biostatistician III,Training,36754.79,12/10/2015,speaker3@tinypic.com,130-386-9843,1 Anderson Hill,Kushar,,,Yemen,Sher Peake,233-651-3443,parent,976,11/6/2020
977,Sigismond,O'Cuddie,Male,4/14/1967,Health Coach IV,Product Management,74649.98,9/26/2010,socuddier4@sphinn.com,807-325-8063,55909 Grover Alley,Bulan,,4706,Philippines,Sigismond O'Cuddie,394-539-4366,friend,977,1/30/2010
978,Papagena,Weblin,Female,9/23/1994,Paralegal,Accounting,140078.74,9/30/2020,pweblinr5@state.gov,646-949-9575,3 Autumn Leaf Point,Yuanjue,,,China,Papagena Weblin,787-729-5777,friend,978,10/21/2019
979,Massimo,Ferry,Male,7/18/1995,Registered Nurse,Training,90125.42,10/22/2021,mferryr6@gnu.org,679-869-5274,11680 Waywood Court,Ljungbyholm,Kalmar,388 31,Sweden,Massimo Ferry,144-497-8533,sibling,979,9/10/2014
980,Adolf,Torvey,Male,1/27/1973,Editor,Sales,84230.19,2/14/2013,atorveyr7@rakuten.co.jp,434-215-3222,391 Surrey Park,Lajedo,,55385-000,Brazil,Adolf Torvey,501-515-2967,parent,980,6/12/2014
981,Brittni,De-Ville,Female,10/5/1961,Nurse Practicioner,Engineering,89645.55,4/7/2019,bdeviller8@illinois.edu,236-767-9478,856 Rockefeller Circle,Phú Túc,,,Vietnam,Brittni De-Ville,304-797-5962,sibling,981,12/29/2013
982,Artus,Gristwood,Male,11/11/1979,Senior Sales Associate,Training,142792.75,4/2/2019,agristwoodr9@hugedomains.com,145-332-4530,57 Texas Park,Gaspar Hernández,,11203,Dominican Republic,Artus Gristwood,634-860-7095,friend,982,8/26/2019
983,Zak,Simmings,Male,9/23/1961,Research Nurse,Accounting,71458.93,11/12/2013,zsimmingsra@google.com.br,440-236-7921,679 Fordem Circle,Dobre Miasto,,11-040,Poland,Zak Simmings,220-106-9105,sibling,983,10/20/2020
984,Natividad,Noraway,Bigender,12/27/1999,Account Executive,Marketing,30835.37,5/3/2011,nnorawayrb@comsenz.com,973-576-0105,9 Merchant Parkway,Rivne,,,Ukraine,Natividad Noraway,429-370-6996,sibling,984,9/30/2021
985,Isobel,Dhennin,Female,6/10/1987,General Manager,Research and Development,42563.23,1/14/2017,idhenninrc@qq.com,381-477-3131,97 Mitchell Avenue,Qiawan,,,China,Isobel Dhennin,761-649-8892,spouse,985,9/24/2016
986,Agosto,Eilhertsen,Male,11/30/1975,Senior Cost Accountant,Legal,49795.85,5/4/2010,aeilhertsenrd@soup.io,320-725-8893,22 Harper Court,Banyue,,,China,Agosto Eilhertsen,268-103-4345,spouse,986,2/25/2019
987,Aurelie,Fontelles,Female,12/13/1991,Registered Nurse,Services,40447.6,7/29/2017,afontellesre@accuweather.com,726-872-9566,2 Oak Parkway,Šmartno pri Litiji,,1275,Slovenia,Aurelie Fontelles,144-386-2171,sibling,987,7/9/2011
988,Tracee,Piotrowski,Female,2/22/1975,Cost Accountant,Legal,74896.52,1/30/2017,tpiotrowskirf@statcounter.com,862-837-6888,9 Pawling Way,Galatás,,,Greece,Tracee Piotrowski,165-970-1541,sibling,988,5/9/2018
989,Ross,Barker,Male,5/7/1976,Executive Secretary,Engineering,113693.62,8/23/2019,rbarkerrg@arizona.edu,874-879-2994,2451 Pennsylvania Way,Bobrovka,,457134,Russia,Ross Barker,192-861-0344,sibling,989,7/3/2013
990,Rudolph,Ochterlonie,Male,7/19/1981,Analog Circuit Design manager,Human Resources,118068.01,11/10/2020,rochterlonierh@prnewswire.com,822-447-6565,54040 Utah Terrace,Atins,,89340-000,Brazil,Rudolph Ochterlonie,665-497-2109,parent,990,1/15/2015
991,Emiline,Haycraft,Female,2/11/1992,Computer Systems Analyst I,Research and Development,105725.19,6/11/2018,ehaycraftri@infoseek.co.jp,637-676-6105,3 Lakeland Court,Ganding,,,Indonesia,Emiline Haycraft,398-826-3503,parent,991,2/6/2021
992,Ingaberg,Oxtarby,Female,2/2/1970,Help Desk Technician,Engineering,47125.37,2/22/2018,ioxtarbyrj@si.edu,465-743-7836,1087 Sauthoff Junction,San Juan Nepomuceno,,132018,Colombia,Ingaberg Oxtarby,469-352-1419,sibling,992,4/30/2013
993,Cheryl,Blakebrough,Female,3/1/1988,Programmer IV,Marketing,86802.17,1/21/2019,cblakebroughrk@merriam-webster.com,104-783-0173,550 Nova Place,Novovarshavka,,646830,Russia,Cheryl Blakebrough,789-440-1414,sibling,993,12/21/2020
994,Ysabel,Beahan,Female,10/11/1969,Account Executive,Engineering,51795.24,12/11/2019,ybeahanrl@pbs.org,806-359-7287,0721 Utah Way,Leifeng,,,China,Ysabel Beahan,728-180-4335,spouse,994,6/3/2016
995,Kailey,Barnbrook,Female,4/5/1988,General Manager,Sales,85021.66,7/2/2015,kbarnbrookrm@ask.com,429-483-2755,0 Northland Lane,Naj‘ Ḩammādī,,,Egypt,Kailey Barnbrook,243-137-8051,sibling,995,7/2/2010
996,Donica,Lawlie,Female,4/21/1974,Database Administrator I,Sales,127590.8,2/26/2013,dlawliern@ed.gov,516-321-1165,4006 Jana Lane,Nan’an,,,China,Donica Lawlie,170-244-0953,parent,996,4/23/2017
997,Ulrich,Giocannoni,Bigender,3/22/1988,VP Sales,Engineering,133438.51,5/7/2016,ugiocannoniro@liveinternet.ru,616-712-3626,7978 Marcy Center,Davydovo,,142641,Russia,Ulrich Giocannoni,598-572-1645,sibling,997,10/31/2013
998,Konstantine,Lodwig,Male,1/9/1985,Senior Sales Associate,Sales,133652.18,2/25/2016,klodwigrp@gov.uk,413-127-9547,5 Holy Cross Hill,Brodósqui,,64222-000,Brazil,Konstantine Lodwig,846-747-5123,spouse,998,9/3/2017
999,Lesley,Tunny,Male,8/21/1984,VP Product Management,Marketing,73406.26,2/20/2019,ltunnyrq@google.co.uk,238-658-4538,4 Monica Junction,Wakiso,,,Uganda,Lesley Tunny,807-546-3692,spouse,999,8/6/2021
1000,Jan,Deeny,Male,3/22/1963,Human Resources Assistant I,Business Development,67412.43,2/2/2017,jdeenyrr@soup.io,256-254-8100,2 Schmedeman Drive,Na Tan,,37180,Thailand,Jan Deeny,571-439-5269,friend,1000,4/18/2013
