employee_id,first_name,last_name,age,email,gender,job_title,department,salary,hire_date,phone_number,address,city,state,postal_code,country,emergency_contact_name,emergency_contact_phone,emergency_contact_relationship,manager_id,start_date
1,Floria,Ackroyd,33,fackroyd0@java.com,192,720,Marketing,58899.4,10/13/2016,148-588-9260,81348 Dunning Alley,Pescara,Abruzzi,65129,644,Floria Ackroyd,865-755-5738,sibling,1,8/3/2021
2,Pablo,Justice,52,pjustice1@techcrunch.com,309,495,Research and Development,100593.27,11/4/2015,287-238-2863,53 Cascade Drive,Pescara,Abruzzi,65129,364,Pablo Justice,706-684-3578,spouse,2,9/23/2017
3,Josiah,Matthisson,25,jmatthisson2@nasa.gov,826,290,Training,129987.35,11/20/2018,114-257-3106,20515 Sachtjen Point,Pescara,Abruzzi,65129,543,Josiah Matthisson,100-789-7642,friend,3,12/17/2022
4,Cory,Swetman,53,cswetman3@reverbnation.com,466,728,Engineering,44493.87,10/27/2022,245-409-9097,161 Sloan Trail,Pescara,Abruzzi,65129,804,Cory Swetman,224-730-6228,spouse,4,11/14/2014
5,Stewart,Agates,43,sagates4@twitpic.com,199,150,Services,124037.84,4/26/2016,983-510-8376,30961 Rockefeller Junction,Pescara,Abruzzi,65129,595,Stewart Agates,497-648-0795,parent,5,2/23/2015
6,Simeon,Tenman,43,stenman5@howstuffworks.com,907,646,Research and Development,141344.15,1/24/2017,445-745-0194,070 Atwood Lane,Pescara,Abruzzi,65129,153,Simeon Tenman,546-428-0686,parent,6,5/30/2016
7,Rochell,Headly,56,rheadly6@newyorker.com,264,243,Legal,59660.49,1/21/2019,615-143-0773,163 Stone Corner Alley,Pescara,Abruzzi,65129,7,Rochell Headly,196-854-4873,parent,7,6/30/2018
8,Florence,Dowson,56,fdowson7@smugmug.com,817,433,Sales,86785.52,11/28/2016,724-985-0907,286 Sachs Court,Pescara,Abruzzi,65129,168,Florence Dowson,611-927-1657,friend,8,6/18/2016
9,Sandye,Arons,34,sarons8@oaic.gov.au,289,411,Research and Development,139800.75,6/24/2017,474-735-4838,56376 Bashford Drive,Pescara,Abruzzi,65129,839,Sandye Arons,640-787-7061,spouse,9,1/22/2020
10,Nicholle,Gaymar,51,ngaymar9@nymag.com,381,862,Accounting,77288.11,8/1/2014,348-878-8675,9699 Anthes Street,Pescara,Abruzzi,65129,523,Nicholle Gaymar,619-331-9005,friend,10,4/3/2010
11,Philippine,Digby,28,pdigbya@discovery.com,694,586,Training,48796.43,5/9/2014,427-502-9552,9055 Pleasure Hill,Pescara,Abruzzi,65129,269,Philippine Digby,337-937-2859,friend,11,9/17/2020
12,Orly,Mellodey,18,omellodeyb@over-blog.com,553,977,Research and Development,139624.0,9/22/2013,151-428-2886,91 Bay Plaza,Pescara,Abruzzi,65129,968,Orly Mellodey,513-956-5744,spouse,12,4/9/2022
13,Yvor,Plumridge,39,yplumridgec@bravesites.com,489,112,Product Management,98296.87,3/21/2018,337-543-2906,0 Ridgeview Street,Pescara,Abruzzi,65129,298,Yvor Plumridge,526-406-9227,sibling,13,3/27/2013
14,Aubrette,Mulvy,19,amulvyd@yellowpages.com,362,616,Legal,79675.84,7/20/2021,988-846-3516,2 Sauthoff Plaza,Pescara,Abruzzi,65129,718,Aubrette Mulvy,390-615-3663,spouse,14,4/15/2016
15,Carmita,Whitley,50,cwhitleye@shareasale.com,238,347,Accounting,129163.06,10/7/2018,116-975-6277,5931 Stone Corner Drive,Pescara,Abruzzi,65129,556,Carmita Whitley,330-504-3186,friend,15,12/19/2015
16,Horatio,Standage,27,hstandagef@google.de,136,782,Support,136872.23,1/13/2014,216-842-2883,027 Heffernan Alley,Pescara,Abruzzi,65129,738,Horatio Standage,919-549-4881,parent,16,10/26/2010
17,Gilbert,Edelston,22,gedelstong@chron.com,864,993,Sales,74267.78,8/15/2016,561-935-1984,593 Bartillon Alley,Pescara,Abruzzi,65129,305,Gilbert Edelston,574-107-3724,friend,17,4/1/2021
18,Aubrey,Joynt,40,ajoynth@virginia.edu,861,798,Engineering,109133.93,11/16/2022,936-286-1092,69 Carey Drive,Pescara,Abruzzi,65129,379,Aubrey Joynt,851-628-2571,parent,18,2/11/2012
19,Dyanna,Maybury,62,dmayburyi@phpbb.com,743,305,Training,124260.39,4/14/2011,656-506-9753,13 Straubel Alley,Pescara,Abruzzi,65129,91,Dyanna Maybury,338-546-3227,spouse,19,7/29/2019
20,Benny,Hruska,61,bhruskaj@instagram.com,384,506,Support,67434.18,5/26/2020,791-873-5885,33 Katie Center,Pescara,Abruzzi,65129,775,Benny Hruska,435-376-4563,spouse,20,8/9/2015
21,Meier,Gecke,22,mgeckek@lycos.com,990,443,Business Development,43947.93,11/6/2021,229-873-8885,85 Banding Point,Pescara,Abruzzi,65129,342,Meier Gecke,154-423-6845,spouse,21,3/25/2018
22,Harlie,Sharratt,32,hsharrattl@ameblo.jp,684,3,Marketing,99406.9,1/28/2019,509-294-9691,5 Washington Parkway,Pescara,Abruzzi,65129,733,Harlie Sharratt,473-847-5900,spouse,22,11/28/2019
23,Ramonda,Mingey,25,rmingeym@epa.gov,716,44,Research and Development,62319.56,3/6/2013,981-580-8951,4787 Bluestem Street,Pescara,Abruzzi,65129,53,Ramonda Mingey,287-913-8279,parent,23,11/16/2018
24,Skippy,O'Fallon,35,sofallonn@gov.uk,129,408,Services,49741.81,3/12/2017,164-334-1098,63 Eagle Crest Avenue,Pescara,Abruzzi,65129,949,Skippy O'Fallon,668-331-0905,sibling,24,5/19/2020
25,Arabele,McElvine,64,amcelvineo@lycos.com,425,676,Accounting,80715.45,11/9/2014,549-243-2887,1 Mesta Crossing,Pescara,Abruzzi,65129,227,Arabele McElvine,367-827-8019,friend,25,5/10/2013
26,Dana,Geockle,63,dgeocklep@pagesperso-orange.fr,124,206,Product Management,145372.59,7/16/2022,113-310-0692,2 Dahle Alley,Pescara,Abruzzi,65129,609,Dana Geockle,230-837-4064,parent,26,9/19/2017
27,Rahel,Faulkener,41,rfaulkenerq@telegraph.co.uk,359,630,Business Development,62565.7,1/9/2022,567-911-7758,14 Eagle Crest Court,Pescara,Abruzzi,65129,105,Rahel Faulkener,884-269-1586,spouse,27,7/10/2010
28,Rosaline,Astupenas,49,rastupenasr@dailymail.co.uk,367,776,Human Resources,122633.22,1/29/2012,884-113-6172,07 Schmedeman Drive,Pescara,Abruzzi,65129,670,Rosaline Astupenas,217-146-5740,sibling,28,2/21/2019
29,Brew,Becaris,22,bbecariss@over-blog.com,137,292,Services,57177.13,7/24/2014,438-960-5936,7034 Milwaukee Crossing,Pescara,Abruzzi,65129,197,Brew Becaris,139-175-6883,spouse,29,10/15/2022
30,Rutherford,Shaefer,25,rshaefert@goodreads.com,245,126,Services,32337.66,7/4/2014,444-934-8607,8986 Menomonie Junction,Pescara,Abruzzi,65129,826,Rutherford Shaefer,311-461-4745,sibling,30,7/17/2010
31,Idelle,Hesser,42,ihesseru@bloomberg.com,946,561,Research and Development,81206.74,12/26/2020,765-902-2753,2096 Milwaukee Street,Pescara,Abruzzi,65129,527,Idelle Hesser,668-251-8607,parent,31,5/16/2017
32,Gelya,Dell Casa,60,gdellv@ftc.gov,664,986,Business Development,67262.08,12/25/2013,689-133-2932,82091 Carioca Way,Pescara,Abruzzi,65129,684,Gelya Dell Casa,429-574-8497,spouse,32,7/14/2019
33,Alika,Goghin,35,agoghinw@illinois.edu,968,133,Sales,109103.25,8/20/2020,318-212-6577,379 Mayer Park,Pescara,Abruzzi,65129,906,Alika Goghin,714-439-3536,spouse,33,12/17/2015
34,Lorne,Aronsohn,19,laronsohnx@google.co.jp,912,951,Product Management,135278.37,4/6/2018,748-156-5860,00637 Manufacturers Way,Pescara,Abruzzi,65129,330,Lorne Aronsohn,321-316-3924,sibling,34,2/13/2018
35,Bambi,Grahlman,31,bgrahlmany@ucoz.com,279,613,Human Resources,99556.25,8/18/2013,257-868-7158,72934 Nelson Drive,Pescara,Abruzzi,65129,995,Bambi Grahlman,775-400-3878,parent,35,8/7/2020
36,Bil,Bick,61,bbickz@cocolog-nifty.com,617,10,Engineering,127171.49,7/14/2010,486-324-8664,8 Talmadge Parkway,Pescara,Abruzzi,65129,501,Bil Bick,992-550-0764,parent,36,3/11/2011
37,Viki,Gommey,52,vgommey10@google.com.hk,74,710,Sales,147135.5,12/8/2022,189-580-7422,4 Meadow Vale Pass,Pescara,Abruzzi,65129,825,Viki Gommey,843-765-6681,sibling,37,3/13/2021
38,Chaunce,Stansall,45,cstansall11@statcounter.com,985,743,Legal,98868.48,2/12/2020,880-448-7669,328 Bartelt Crossing,Pescara,Abruzzi,65129,396,Chaunce Stansall,129-483-8767,friend,38,1/15/2017
39,Hadria,Kase,40,hkase12@wufoo.com,777,652,Marketing,71759.67,2/24/2015,516-649-4746,21184 American Ash Place,Pescara,Abruzzi,65129,324,Hadria Kase,102-472-4767,friend,39,5/22/2021
40,Fifine,Studeart,45,fstudeart13@latimes.com,592,221,Services,118721.76,9/17/2021,316-457-9515,598 Bultman Trail,Pescara,Abruzzi,65129,890,Fifine Studeart,484-145-8917,parent,40,8/27/2022
41,Nickie,Rutty,47,nrutty14@jalbum.net,167,990,Engineering,138187.6,7/8/2016,138-981-6588,71841 Red Cloud Park,Pescara,Abruzzi,65129,876,Nickie Rutty,965-970-6214,parent,41,2/21/2021
42,Gene,Pacquet,57,gpacquet15@amazon.com,802,547,Research and Development,59631.86,6/26/2011,628-924-0652,8 Meadow Ridge Circle,Pescara,Abruzzi,65129,573,Gene Pacquet,616-612-4659,sibling,42,6/15/2021
43,Fredrick,Vallerine,24,fvallerine16@dailymotion.com,897,897,Accounting,145664.23,7/18/2019,456-144-7822,187 Sherman Circle,Pescara,Abruzzi,65129,464,Fredrick Vallerine,455-628-9684,friend,43,6/21/2014
44,Rhianon,Downie,44,rdownie17@npr.org,819,477,Training,51131.6,7/17/2020,352-424-8448,9190 Pearson Avenue,Pescara,Abruzzi,65129,343,Rhianon Downie,347-190-9639,parent,44,5/19/2012
45,Verla,Bonnier,36,vbonnier18@dion.ne.jp,970,207,Legal,51320.4,6/27/2016,604-829-0087,7866 Northridge Point,Pescara,Abruzzi,65129,295,Verla Bonnier,668-183-3594,sibling,45,9/16/2016
46,Laverne,Money,18,lmoney19@123-reg.co.uk,924,811,Support,118046.18,2/22/2018,175-557-1682,9 Melrose Plaza,Pescara,Abruzzi,65129,50,Laverne Money,972-270-4628,sibling,46,10/22/2020
47,Stan,Hundal,44,shundal1a@flavors.me,973,157,Product Management,87085.74,11/4/2020,539-577-1398,90028 Comanche Crossing,Pescara,Abruzzi,65129,762,Stan Hundal,995-884-4272,parent,47,11/9/2014
48,Marti,Di Biasi,44,mdi1b@google.es,365,986,Human Resources,110658.15,5/20/2012,514-390-2478,493 Luster Hill,Pescara,Abruzzi,65129,773,Marti Di Biasi,656-542-1095,friend,48,10/3/2018
49,Fionnula,Power,62,fpower1c@noaa.gov,889,65,Services,109585.25,8/17/2012,150-262-4638,5 Glendale Trail,Pescara,Abruzzi,65129,423,Fionnula Power,979-677-1247,spouse,49,3/1/2021
50,Montague,Garnall,33,mgarnall1d@nature.com,299,431,Research and Development,145354.68,6/8/2014,697-958-9494,43 Sachtjen Park,Pescara,Abruzzi,65129,539,Montague Garnall,423-112-4398,parent,50,3/25/2013
51,Sunny,Beausang,29,sbeausang1e@pagesperso-orange.fr,462,76,Human Resources,121259.01,7/15/2014,681-709-7102,9 Dottie Alley,Pescara,Abruzzi,65129,834,Sunny Beausang,342-406-4717,parent,51,8/1/2019
52,Lillis,Robjents,24,lrobjents1f@microsoft.com,479,873,Services,135783.66,1/25/2020,842-300-9695,7508 Westridge Lane,Pescara,Abruzzi,65129,84,Lillis Robjents,987-984-9666,sibling,52,4/1/2020
53,Viki,Kilshaw,21,vkilshaw1g@addtoany.com,902,853,Engineering,40911.25,5/6/2017,742-511-2737,53 Judy Lane,Pescara,Abruzzi,65129,294,Viki Kilshaw,165-187-4922,friend,53,12/18/2016
54,Cynthia,Gigg,26,cgigg1h@admin.ch,154,733,Services,147559.19,1/15/2012,240-340-1957,5 Hintze Junction,Pescara,Abruzzi,65129,861,Cynthia Gigg,141-601-7729,spouse,54,10/31/2018
55,Alexei,Goncalo,52,agoncalo1i@mediafire.com,705,724,Services,80355.73,6/22/2011,285-104-0064,75 Mayer Street,Pescara,Abruzzi,65129,481,Alexei Goncalo,596-294-3357,parent,55,6/16/2021
56,Averyl,Willerstone,44,awillerstone1j@cargocollective.com,516,983,Training,68670.58,4/11/2011,116-891-6871,46 Magdeline Drive,Pescara,Abruzzi,65129,157,Averyl Willerstone,868-849-0943,spouse,56,11/1/2016
57,Hiram,Ghion,52,hghion1k@phpbb.com,867,621,Engineering,90718.07,8/19/2022,803-696-5235,8 Di Loreto Way,Pescara,Abruzzi,65129,682,Hiram Ghion,956-289-9226,sibling,57,9/3/2013
58,Judye,Schuricht,26,jschuricht1l@wisc.edu,305,306,Accounting,99310.5,12/21/2018,555-101-7371,319 Springview Point,Pescara,Abruzzi,65129,824,Judye Schuricht,189-355-7310,parent,58,11/11/2011
59,Sile,Griffen,18,sgriffen1m@github.com,202,881,Training,85874.2,8/11/2011,226-474-1428,92 Kensington Road,Pescara,Abruzzi,65129,588,Sile Griffen,595-498-3164,spouse,59,12/14/2019
60,Gates,Oxenford,52,goxenford1n@github.com,366,468,Training,36663.98,10/22/2013,480-382-9369,230 Everett Way,Pescara,Abruzzi,65129,882,Gates Oxenford,134-497-2374,spouse,60,5/4/2019
61,Erinna,Cruikshank,35,ecruikshank1o@dropbox.com,422,862,Business Development,73461.18,12/25/2010,765-576-7573,05 High Crossing Avenue,Pescara,Abruzzi,65129,686,Erinna Cruikshank,921-837-1166,spouse,61,5/18/2012
62,Barnard,Vannuccini,47,bvannuccini1p@amazon.de,572,959,Legal,106060.72,12/19/2010,172-260-3167,69 Grover Lane,Pescara,Abruzzi,65129,979,Barnard Vannuccini,293-410-2200,spouse,62,11/29/2022
63,Catina,McLaughlin,32,cmclaughlin1q@amazon.co.jp,727,325,Research and Development,70844.04,7/4/2016,189-300-2258,689 Sunbrook Place,Pescara,Abruzzi,65129,564,Catina McLaughlin,401-230-8529,friend,63,4/18/2020
64,Jilly,Praten,31,jpraten1r@themeforest.net,864,357,Engineering,107983.77,5/10/2014,268-639-2611,2686 Tony Street,Pescara,Abruzzi,65129,660,Jilly Praten,540-116-1319,friend,64,11/9/2012
65,Karena,Foulger,58,kfoulger1s@nps.gov,483,451,Services,101876.57,9/25/2021,959-727-1606,2863 Clarendon Place,Pescara,Abruzzi,65129,41,Karena Foulger,415-850-2196,sibling,65,7/19/2017
66,Nehemiah,Nutbean,25,nnutbean1t@hatena.ne.jp,486,264,Research and Development,67353.0,3/23/2020,681-877-2789,5961 Farmco Circle,Pescara,Abruzzi,65129,67,Nehemiah Nutbean,240-235-3776,sibling,66,10/23/2022
67,Talia,Bethell,60,tbethell1u@buzzfeed.com,217,524,Services,107707.34,1/28/2011,643-356-5913,840 Londonderry Way,Pescara,Abruzzi,65129,771,Talia Bethell,683-449-8674,sibling,67,7/27/2012
68,Hamil,Bowkett,40,hbowkett1v@ucoz.com,64,506,Engineering,42549.25,10/31/2022,320-499-2394,6 Maple Court,Pescara,Abruzzi,65129,660,Hamil Bowkett,822-909-2674,spouse,68,9/24/2020
69,Teodoor,Kording,53,tkording1w@zdnet.com,343,959,Accounting,45592.24,5/29/2020,689-380-5314,27 Service Road,Pescara,Abruzzi,65129,967,Teodoor Kording,869-502-6483,sibling,69,5/8/2010
70,Ashley,Franses,45,afranses1x@t-online.de,759,38,Services,32191.18,10/31/2010,763-325-5345,679 Dunning Trail,Pescara,Abruzzi,65129,17,Ashley Franses,107-667-1094,spouse,70,2/14/2022
71,Pennie,Casel,44,pcasel1y@elegantthemes.com,975,727,Accounting,86397.72,5/12/2016,535-233-1102,9 Dryden Plaza,Pescara,Abruzzi,65129,511,Pennie Casel,117-997-3289,spouse,71,9/29/2017
72,Anatollo,Peasey,44,apeasey1z@purevolume.com,241,165,Accounting,63214.28,6/12/2016,711-831-9338,438 Southridge Street,Pescara,Abruzzi,65129,743,Anatollo Peasey,919-822-2737,sibling,72,7/1/2018
73,Susannah,Fawthrop,42,sfawthrop20@smugmug.com,766,526,Business Development,67733.14,7/4/2020,922-790-1851,28 Walton Parkway,Pescara,Abruzzi,65129,889,Susannah Fawthrop,915-536-7449,parent,73,5/16/2010
74,Kienan,Finnigan,57,kfinnigan21@un.org,808,519,Product Management,126186.15,11/8/2011,801-572-7300,1 Lindbergh Lane,Pescara,Abruzzi,65129,240,Kienan Finnigan,803-732-5940,friend,74,8/19/2013
75,Julie,Joderli,52,jjoderli22@godaddy.com,978,111,Sales,130555.32,9/20/2021,964-297-8002,0775 Oxford Court,Pescara,Abruzzi,65129,512,Julie Joderli,518-432-5983,spouse,75,1/9/2022
76,Sonny,Shapiro,57,sshapiro23@sourceforge.net,257,567,Accounting,84337.66,1/9/2015,582-180-3508,96484 Ilene Parkway,Pescara,Abruzzi,65129,536,Sonny Shapiro,684-488-5031,spouse,76,5/19/2013
77,Dorothee,Zapatero,54,dzapatero24@aol.com,999,24,Accounting,102199.06,9/15/2013,316-876-8360,2318 Melrose Plaza,Pescara,Abruzzi,65129,46,Dorothee Zapatero,723-185-3517,parent,77,10/9/2020
78,Sallyanne,Burlay,40,sburlay25@hhs.gov,842,621,Business Development,107089.1,2/2/2012,736-170-2637,8089 Tennessee Point,Pescara,Abruzzi,65129,737,Sallyanne Burlay,981-398-8965,parent,78,6/22/2019
79,Emmalyn,Blasetti,26,eblasetti26@cafepress.com,201,189,Marketing,110779.38,2/9/2021,639-172-9165,9 Mitchell Street,Pescara,Abruzzi,65129,64,Emmalyn Blasetti,393-540-1332,parent,79,9/17/2019
80,Gus,Cristol,55,gcristol27@wufoo.com,132,273,Support,129844.99,3/17/2022,646-486-1439,43097 Chinook Park,Pescara,Abruzzi,65129,883,Gus Cristol,112-932-9033,sibling,80,9/11/2021
81,Armando,Ech,62,aech28@clickbank.net,661,828,Engineering,91993.94,7/20/2017,696-241-9064,33 Menomonie Pass,Pescara,Abruzzi,65129,479,Armando Ech,683-838-8734,sibling,81,7/31/2020
82,Zacharias,Dugan,37,zdugan29@livejournal.com,770,345,Marketing,70436.47,5/20/2016,199-412-8022,5520 Clove Drive,Pescara,Abruzzi,65129,374,Zacharias Dugan,582-130-3044,friend,82,10/6/2022
83,Maxie,Doog,54,mdoog2a@sphinn.com,902,97,Services,143129.01,3/17/2015,206-643-9723,60233 Red Cloud Place,Pescara,Abruzzi,65129,131,Maxie Doog,209-943-4678,parent,83,10/21/2010
84,Charmine,Wozencraft,26,cwozencraft2b@vimeo.com,587,105,Product Management,48891.93,5/2/2010,217-943-7579,3 Mitchell Hill,Pescara,Abruzzi,65129,171,Charmine Wozencraft,311-792-1038,parent,84,1/22/2020
85,Janis,Duigenan,48,jduigenan2c@bluehost.com,239,22,Marketing,88113.06,12/11/2016,639-907-3225,37 Schlimgen Alley,Pescara,Abruzzi,65129,323,Janis Duigenan,605-399-0627,friend,85,10/28/2012
86,Angel,Jouhning,27,ajouhning2d@addthis.com,241,860,Human Resources,60838.47,6/3/2010,477-951-8019,131 Carey Street,Pescara,Abruzzi,65129,941,Angel Jouhning,356-793-7115,friend,86,5/10/2019
87,Damien,Inglesant,36,dinglesant2e@youtu.be,422,103,Marketing,129215.83,2/20/2018,812-239-3601,97522 Dwight Alley,Pescara,Abruzzi,65129,518,Damien Inglesant,886-862-5196,sibling,87,4/12/2010
88,Linette,Bevens,41,lbevens2f@ning.com,669,878,Research and Development,50070.14,11/10/2014,920-350-4094,376 Debs Junction,Pescara,Abruzzi,65129,989,Linette Bevens,928-433-6313,sibling,88,10/8/2018
89,Raphaela,Rowat,34,rrowat2g@woothemes.com,857,807,Product Management,72740.02,3/1/2010,559-948-9822,02 Old Shore Circle,Pescara,Abruzzi,65129,710,Raphaela Rowat,549-513-3342,sibling,89,8/6/2020
90,Imogen,Godon,40,igodon2h@toplist.cz,79,179,Human Resources,139679.93,11/8/2010,965-327-2484,033 Westridge Alley,Pescara,Abruzzi,65129,228,Imogen Godon,820-456-1452,friend,90,10/4/2015
91,Emiline,Coathup,36,ecoathup2i@microsoft.com,116,635,Research and Development,142950.32,5/17/2020,604-724-7178,526 Barnett Avenue,Pescara,Abruzzi,65129,322,Emiline Coathup,648-323-8072,friend,91,5/8/2015
92,Mayor,McSperrin,32,mmcsperrin2j@ovh.net,482,43,Support,45264.22,9/19/2015,778-128-8780,5226 La Follette Alley,Pescara,Abruzzi,65129,383,Mayor McSperrin,999-481-2241,sibling,92,5/16/2017
93,Livia,Catherine,47,lcatherine2k@wp.com,969,46,Engineering,88637.89,5/31/2012,228-989-0581,50425 Texas Crossing,Pescara,Abruzzi,65129,747,Livia Catherine,525-995-1557,friend,93,4/24/2010
94,Fletcher,Allner,40,fallner2l@php.net,311,661,Legal,37653.55,1/11/2010,769-618-2790,5 Summerview Way,Pescara,Abruzzi,65129,54,Fletcher Allner,446-732-2723,sibling,94,4/5/2010
95,Romain,Gaffey,59,rgaffey2m@state.tx.us,803,735,Training,128008.67,5/18/2012,460-135-6143,6952 Clemons Circle,Pescara,Abruzzi,65129,656,Romain Gaffey,527-398-8328,parent,95,9/2/2022
96,Wilhelmine,Grenville,27,wgrenville2n@yelp.com,69,565,Marketing,85387.96,12/11/2020,129-831-8066,43 Glacier Hill Pass,Pescara,Abruzzi,65129,523,Wilhelmine Grenville,429-835-7094,sibling,96,10/23/2019
97,Andra,Akester,55,aakester2o@qq.com,683,344,Training,122253.15,3/26/2019,973-918-4317,2439 Scott Street,Pescara,Abruzzi,65129,796,Andra Akester,872-930-6872,sibling,97,1/21/2017
98,Kassia,Dufton,51,kdufton2p@apache.org,343,428,Accounting,128055.5,4/11/2017,119-403-3683,510 Browning Hill,Pescara,Abruzzi,65129,613,Kassia Dufton,661-940-6153,parent,98,4/2/2019
99,Drugi,Clace,30,dclace2q@dailymail.co.uk,612,758,Business Development,112838.51,10/31/2015,979-955-0709,8450 Shoshone Circle,Pescara,Abruzzi,65129,216,Drugi Clace,383-544-8479,spouse,99,10/5/2016
100,Gregoire,Sego,59,gsego2r@cloudflare.com,401,859,Marketing,39826.73,11/1/2016,191-640-9616,898 Towne Alley,Pescara,Abruzzi,65129,300,Gregoire Sego,312-973-5527,friend,100,11/9/2021
101,Stanton,Plows,40,splows2s@fotki.com,844,132,Human Resources,54292.13,10/30/2017,445-177-8275,47216 Blaine Circle,Pescara,Abruzzi,65129,746,Stanton Plows,361-421-6553,parent,101,2/6/2016
102,Lanni,Rivallant,42,lrivallant2t@dedecms.com,986,409,Engineering,90351.87,1/13/2022,334-722-2115,9866 Derek Lane,Pescara,Abruzzi,65129,476,Lanni Rivallant,431-993-8426,parent,102,1/12/2020
103,Delaney,Douglass,30,ddouglass2u@quantcast.com,445,5,Research and Development,110291.42,1/9/2012,246-675-5372,82406 Parkside Avenue,Pescara,Abruzzi,65129,971,Delaney Douglass,499-506-7235,friend,103,12/7/2013
104,Elliott,Zack,28,ezack2v@umn.edu,480,677,Business Development,88036.66,6/21/2014,299-265-9527,572 Anzinger Junction,Pescara,Abruzzi,65129,462,Elliott Zack,364-465-5330,sibling,104,7/18/2019
105,Norris,Simonetti,53,nsimonetti2w@hud.gov,37,384,Product Management,43451.23,5/31/2020,346-855-0465,3 Jay Avenue,Pescara,Abruzzi,65129,513,Norris Simonetti,658-132-3539,sibling,105,8/13/2019
106,Pen,Lammerding,51,plammerding2x@ihg.com,40,65,Legal,113764.91,10/18/2016,313-580-2984,1514 Coleman Place,Pescara,Abruzzi,65129,345,Pen Lammerding,316-723-3418,spouse,106,3/1/2014
107,Kalil,Fenwick,41,kfenwick2y@globo.com,167,702,Product Management,36362.18,9/16/2010,793-300-0471,7 Esker Way,Pescara,Abruzzi,65129,67,Kalil Fenwick,233-273-7707,sibling,107,1/25/2017
108,Bord,Knudsen,42,bknudsen2z@blinklist.com,338,454,Research and Development,69061.65,11/19/2012,765-442-7831,1 Mcbride Crossing,Pescara,Abruzzi,65129,477,Bord Knudsen,144-403-2694,friend,108,11/6/2021
109,Godfry,Pollastrino,39,gpollastrino30@newsvine.com,849,880,Human Resources,96124.38,11/12/2010,254-933-1561,96762 Beilfuss Avenue,Pescara,Abruzzi,65129,365,Godfry Pollastrino,683-897-7703,friend,109,7/1/2019
110,Kelwin,Harle,46,kharle31@chicagotribune.com,763,221,Sales,141211.1,12/6/2015,414-503-4469,9901 Fremont Hill,Pescara,Abruzzi,65129,256,Kelwin Harle,340-859-1711,friend,110,1/15/2014
111,Prudy,Ragdale,58,pragdale32@elegantthemes.com,11,923,Research and Development,141986.45,4/3/2014,774-539-4940,8 Rusk Hill,Pescara,Abruzzi,65129,762,Prudy Ragdale,835-134-0130,sibling,111,2/16/2020
112,Theodore,Gylle,61,tgylle33@cdc.gov,116,47,Product Management,68002.46,4/2/2021,400-958-8470,3865 Vidon Junction,Pescara,Abruzzi,65129,857,Theodore Gylle,195-604-6946,sibling,112,6/22/2018
113,Deina,Sauvage,40,dsauvage34@intel.com,139,720,Accounting,147479.61,10/8/2011,842-329-3431,89678 Homewood Trail,Pescara,Abruzzi,65129,611,Deina Sauvage,298-483-6396,parent,113,10/9/2013
114,Maureene,McBay,39,mmcbay35@dmoz.org,113,168,Product Management,141345.32,12/7/2020,615-919-1071,464 Warrior Parkway,Pescara,Abruzzi,65129,291,Maureene McBay,755-269-3404,friend,114,5/11/2022
115,Maury,Runacres,58,mrunacres36@seattletimes.com,419,102,Sales,134214.93,4/1/2019,149-610-5936,45 Mayfield Hill,Pescara,Abruzzi,65129,830,Maury Runacres,401-824-5218,parent,115,8/11/2012
116,Brook,Ridolfo,43,bridolfo37@washingtonpost.com,863,89,Research and Development,36833.55,4/7/2020,745-995-4891,4798 Ramsey Road,Pescara,Abruzzi,65129,920,Brook Ridolfo,820-455-8377,parent,116,10/18/2019
117,Hogan,Whylie,47,hwhylie38@google.com,142,167,Product Management,139266.71,2/2/2017,892-937-2690,64 Delladonna Lane,Pescara,Abruzzi,65129,199,Hogan Whylie,338-153-6927,friend,117,6/1/2015
118,Farrel,Capnerhurst,30,fcapnerhurst39@csmonitor.com,614,308,Engineering,36988.21,4/24/2018,359-395-8600,7 Gale Terrace,Pescara,Abruzzi,65129,131,Farrel Capnerhurst,592-344-2030,sibling,118,4/2/2018
119,Lani,Fancourt,62,lfancourt3a@a8.net,892,758,Sales,41728.15,12/8/2011,694-655-9392,42702 Bashford Alley,Pescara,Abruzzi,65129,964,Lani Fancourt,469-813-4585,sibling,119,6/5/2012
120,Rosemary,Orrah,62,rorrah3b@behance.net,274,632,Business Development,74643.59,1/5/2016,896-326-3326,37 Hauk Park,Pescara,Abruzzi,65129,210,Rosemary Orrah,297-981-9587,spouse,120,6/18/2020
121,Rasia,Bellison,53,rbellison3c@seattletimes.com,113,304,Business Development,41330.33,12/10/2011,271-411-4663,252 Sutherland Lane,Pescara,Abruzzi,65129,139,Rasia Bellison,714-175-4269,parent,121,12/28/2012
122,Celle,Tidball,59,ctidball3d@zimbio.com,163,913,Research and Development,76888.29,4/25/2013,360-840-8204,2178 Darwin Plaza,Pescara,Abruzzi,65129,253,Celle Tidball,442-256-1886,parent,122,2/19/2017
123,Jeromy,Ivetts,60,jivetts3e@intel.com,767,508,Accounting,41969.47,11/21/2018,140-129-4157,2 Eastlawn Place,Pescara,Abruzzi,65129,902,Jeromy Ivetts,836-893-5602,parent,123,12/13/2010
124,Rayner,Ibbetson,20,ribbetson3f@tamu.edu,983,683,Human Resources,116912.26,6/24/2014,388-125-9532,78021 Katie Junction,Pescara,Abruzzi,65129,20,Rayner Ibbetson,272-385-9545,friend,124,11/11/2022
125,Lindon,Rannigan,37,lrannigan3g@vistaprint.com,792,355,Legal,48416.52,9/8/2010,781-845-5688,75206 Dakota Plaza,Pescara,Abruzzi,65129,449,Lindon Rannigan,755-420-5868,friend,125,2/24/2015
126,Dana,Easson,41,deasson3h@google.co.jp,893,477,Support,146125.41,10/5/2015,747-311-2792,11728 Roxbury Park,Pescara,Abruzzi,65129,901,Dana Easson,396-768-3714,sibling,126,4/16/2016
127,Beltran,Hawksley,59,bhawksley3i@twitpic.com,129,118,Engineering,91337.11,4/27/2020,945-122-4895,34423 Cottonwood Avenue,Pescara,Abruzzi,65129,947,Beltran Hawksley,164-136-1100,spouse,127,6/2/2015
128,Giraud,Daily,18,gdaily3j@phpbb.com,759,163,Engineering,69467.88,12/20/2012,284-455-9745,7593 Carberry Hill,Pescara,Abruzzi,65129,613,Giraud Daily,974-568-4602,friend,128,8/31/2020
129,Lyndy,Pittendreigh,50,lpittendreigh3k@biglobe.ne.jp,137,951,Engineering,149283.88,4/1/2013,494-135-2817,87 East Trail,Pescara,Abruzzi,65129,318,Lyndy Pittendreigh,526-593-0073,friend,129,3/3/2021
130,Karel,MacAdie,33,kmacadie3l@timesonline.co.uk,768,305,Services,147757.23,2/22/2012,244-727-7920,1420 Lake View Pass,Pescara,Abruzzi,65129,418,Karel MacAdie,905-399-1501,friend,130,12/25/2011
131,Aggie,Margett,43,amargett3m@independent.co.uk,704,24,Research and Development,138740.39,8/4/2020,401-235-6647,792 Dorton Plaza,Pescara,Abruzzi,65129,44,Aggie Margett,625-617-6984,sibling,131,1/10/2021
132,Iorgo,Yokley,20,iyokley3n@guardian.co.uk,195,408,Research and Development,40703.06,4/22/2021,476-652-9711,7630 6th Crossing,Pescara,Abruzzi,65129,164,Iorgo Yokley,749-325-4879,spouse,132,1/16/2022
133,Albina,Lockie,51,alockie3o@wunderground.com,450,731,Research and Development,83603.87,1/2/2017,968-336-8163,5780 Holy Cross Center,Pescara,Abruzzi,65129,130,Albina Lockie,959-347-2712,parent,133,8/8/2018
134,Townie,Weekly,34,tweekly3p@imdb.com,920,208,Accounting,45330.37,2/5/2019,143-594-6165,4 Knutson Place,Pescara,Abruzzi,65129,796,Townie Weekly,540-995-0347,parent,134,8/17/2017
135,Dionis,Wharram,61,dwharram3q@cbsnews.com,709,742,Product Management,53875.83,10/22/2014,950-697-7267,06610 Grasskamp Avenue,Pescara,Abruzzi,65129,809,Dionis Wharram,671-962-2079,parent,135,11/26/2016
136,Koressa,Ateggart,39,kateggart3r@reuters.com,116,456,Business Development,69971.58,1/8/2010,907-341-9390,685 Sherman Way,Pescara,Abruzzi,65129,469,Koressa Ateggart,268-430-8573,parent,136,9/4/2014
137,Norene,Curro,28,ncurro3s@1und1.de,789,81,Research and Development,37318.74,2/26/2020,319-326-3061,231 Melrose Terrace,Pescara,Abruzzi,65129,618,Norene Curro,495-540-4703,friend,137,12/25/2021
138,Hewitt,Wigfall,38,hwigfall3t@devhub.com,406,81,Services,126609.17,11/20/2014,724-871-1220,36 Melody Trail,Pescara,Abruzzi,65129,304,Hewitt Wigfall,444-966-0107,spouse,138,7/29/2010
139,Vale,Bondley,64,vbondley3u@thetimes.co.uk,921,142,Business Development,30820.26,6/24/2019,323-798-4100,1 Carey Pass,Pescara,Abruzzi,65129,694,Vale Bondley,710-314-2042,spouse,139,7/12/2011
140,Angie,Gallyon,19,agallyon3v@networkadvertising.org,486,746,Product Management,60302.68,10/19/2021,641-980-9386,529 Summer Ridge Road,Pescara,Abruzzi,65129,689,Angie Gallyon,937-118-0510,sibling,140,9/30/2014
141,Florenza,Reisk,41,freisk3w@icq.com,471,647,Sales,107107.94,7/2/2020,667-680-5803,30 Roth Alley,Pescara,Abruzzi,65129,691,Florenza Reisk,309-296-1283,parent,141,12/1/2021
142,Allsun,Kertess,64,akertess3x@themeforest.net,407,514,Engineering,52659.32,3/10/2022,831-314-2479,84878 Knutson Park,Pescara,Abruzzi,65129,522,Allsun Kertess,985-918-8406,parent,142,3/2/2022
143,Brandie,Kells,29,bkells3y@japanpost.jp,972,488,Legal,83198.14,2/16/2010,180-934-3463,4 Florence Alley,Pescara,Abruzzi,65129,804,Brandie Kells,111-572-7596,sibling,143,12/26/2019
144,Ches,McCory,56,cmccory3z@fastcompany.com,712,451,Sales,122526.77,7/24/2010,810-520-7028,9387 Emmet Trail,Pescara,Abruzzi,65129,781,Ches McCory,936-386-5042,parent,144,10/16/2017
145,Elvin,Junkin,40,ejunkin40@163.com,131,322,Accounting,71169.94,7/27/2021,860-484-0454,1274 Weeping Birch Road,Pescara,Abruzzi,65129,701,Elvin Junkin,964-824-1947,spouse,145,5/23/2018
146,Baxy,Cawthera,28,bcawthera41@tumblr.com,934,696,Services,92627.43,3/19/2010,668-538-6217,3 Hoffman Circle,Pescara,Abruzzi,65129,429,Baxy Cawthera,206-964-3450,sibling,146,3/19/2011
147,Britte,Deny,58,bdeny42@miitbeian.gov.cn,933,760,Training,94800.3,12/14/2014,868-926-4119,93 Clarendon Crossing,Pescara,Abruzzi,65129,1000,Britte Deny,483-333-3981,parent,147,6/12/2011
148,Gerry,Terbruggen,19,gterbruggen43@vinaora.com,574,821,Sales,37764.09,11/1/2022,534-414-2702,9 Pennsylvania Point,Pescara,Abruzzi,65129,228,Gerry Terbruggen,485-158-0814,friend,148,10/13/2014
149,Washington,Mc Ilwrick,32,wmc44@soundcloud.com,218,334,Support,98315.76,4/16/2020,679-783-8271,6 Sachtjen Drive,Pescara,Abruzzi,65129,605,Washington Mc Ilwrick,587-311-2002,spouse,149,10/14/2021
150,Benedikta,Ceschelli,60,bceschelli45@redcross.org,6,350,Marketing,101850.66,1/27/2019,495-125-3065,93 Twin Pines Parkway,Pescara,Abruzzi,65129,465,Benedikta Ceschelli,695-612-1786,sibling,150,4/7/2012
151,Anatollo,Feeny,22,afeeny46@shareasale.com,944,497,Legal,130908.9,1/29/2013,995-459-3282,999 Lukken Terrace,Pescara,Abruzzi,65129,540,Anatollo Feeny,158-893-1190,sibling,151,5/10/2021
152,Rickey,Dunniom,46,rdunniom47@sitemeter.com,523,888,Training,111743.47,7/10/2010,857-731-1878,18853 Sullivan Point,Pescara,Abruzzi,65129,948,Rickey Dunniom,754-884-5683,spouse,152,11/26/2020
153,Helen-elizabeth,Norbury,25,hnorbury48@theatlantic.com,485,307,Sales,91884.59,8/5/2012,505-415-0138,0 Village Pass,Pescara,Abruzzi,65129,422,Helen-elizabeth Norbury,929-155-5723,parent,153,9/2/2019
154,Ambrosi,Antonnikov,30,aantonnikov49@sfgate.com,809,869,Marketing,143760.66,12/10/2011,295-466-8569,263 Forest Dale Point,Pescara,Abruzzi,65129,209,Ambrosi Antonnikov,445-900-2442,sibling,154,4/7/2019
155,Etti,Rapier,57,erapier4a@tinyurl.com,677,204,Services,93637.59,7/20/2019,107-143-5051,4 Manley Point,Pescara,Abruzzi,65129,304,Etti Rapier,598-480-1261,sibling,155,6/27/2013
156,Katherine,Frediani,35,kfrediani4b@redcross.org,977,553,Support,58062.06,10/11/2018,312-397-3144,47 Susan Plaza,Pescara,Abruzzi,65129,964,Katherine Frediani,443-982-2872,sibling,156,4/17/2022
157,Dasi,Clemas,54,dclemas4c@cpanel.net,575,429,Engineering,93661.15,3/20/2011,553-609-3258,6197 Coolidge Point,Pescara,Abruzzi,65129,996,Dasi Clemas,618-897-7022,sibling,157,7/23/2010
158,Gearard,Makinson,47,gmakinson4d@cpanel.net,495,748,Human Resources,138591.82,11/17/2014,986-955-1381,8574 Farwell Way,Pescara,Abruzzi,65129,733,Gearard Makinson,172-567-4940,parent,158,8/6/2015
159,Vasili,Butts,55,vbutts4e@unicef.org,149,394,Training,75501.37,1/19/2022,996-369-7494,5059 Red Cloud Avenue,Pescara,Abruzzi,65129,174,Vasili Butts,960-373-8114,sibling,159,12/1/2015
160,Francene,Halwell,25,fhalwell4f@wikia.com,349,547,Services,53879.75,7/23/2020,976-917-0391,75 Aberg Avenue,Pescara,Abruzzi,65129,924,Francene Halwell,995-586-5131,parent,160,4/15/2012
161,Shermie,Ffoulkes,50,sffoulkes4g@jalbum.net,200,422,Research and Development,48836.6,1/31/2013,711-402-0508,6 Briar Crest Court,Pescara,Abruzzi,65129,661,Shermie Ffoulkes,257-773-8889,parent,161,12/26/2016
162,Renard,Dudmarsh,60,rdudmarsh4h@tuttocitta.it,639,182,Engineering,104437.23,9/20/2014,667-339-5424,6 Hanover Trail,Pescara,Abruzzi,65129,566,Renard Dudmarsh,523-426-2798,parent,162,3/28/2011
163,Ailee,Gorman,52,agorman4i@drupal.org,314,288,Accounting,95509.22,4/7/2020,736-814-8874,9922 Stang Place,Pescara,Abruzzi,65129,343,Ailee Gorman,161-830-2979,parent,163,12/30/2016
164,Cacilie,Hamill,36,chamill4j@webnode.com,11,370,Business Development,41910.83,4/10/2012,132-157-7212,8250 Tomscot Road,Pescara,Abruzzi,65129,699,Cacilie Hamill,561-328-0832,spouse,164,9/6/2021
165,Renato,Shaylor,23,rshaylor4k@wunderground.com,60,969,Product Management,139488.45,12/13/2018,526-993-6834,8706 5th Pass,Pescara,Abruzzi,65129,462,Renato Shaylor,306-707-1952,sibling,165,3/8/2017
166,Clio,Karolovsky,27,ckarolovsky4l@360.cn,407,540,Marketing,100648.13,9/15/2011,564-414-2923,99031 Sugar Place,Pescara,Abruzzi,65129,172,Clio Karolovsky,982-267-4908,friend,166,1/15/2020
167,Idalina,Woolaston,44,iwoolaston4m@home.pl,700,562,Product Management,106666.38,3/23/2015,699-554-1624,42523 Debra Place,Pescara,Abruzzi,65129,395,Idalina Woolaston,719-165-9363,parent,167,12/12/2019
168,Bree,Benettolo,48,bbenettolo4n@pen.io,711,884,Business Development,118313.2,3/26/2020,606-825-4559,34322 Dunning Street,Pescara,Abruzzi,65129,48,Bree Benettolo,413-583-3017,parent,168,3/22/2014
169,Elbertine,Murkitt,19,emurkitt4o@thetimes.co.uk,11,483,Research and Development,142165.66,7/10/2012,514-760-3190,33 Portage Crossing,Pescara,Abruzzi,65129,432,Elbertine Murkitt,472-698-3935,spouse,169,10/26/2022
170,Junette,Jobin,45,jjobin4p@guardian.co.uk,102,259,Sales,65332.95,2/21/2015,810-588-9418,3648 Bayside Hill,Pescara,Abruzzi,65129,942,Junette Jobin,657-463-9469,spouse,170,7/26/2012
171,Sally,Snape,60,ssnape4q@forbes.com,706,944,Services,148348.54,5/20/2022,713-916-7115,89688 Roth Plaza,Pescara,Abruzzi,65129,579,Sally Snape,528-946-7376,parent,171,6/6/2015
172,Mureil,Hockey,48,mhockey4r@constantcontact.com,974,626,Business Development,114907.99,1/1/2015,953-263-7174,58 Swallow Point,Pescara,Abruzzi,65129,818,Mureil Hockey,277-326-9270,sibling,172,7/16/2017
173,Shena,Lightbourne,45,slightbourne4s@fda.gov,153,610,Legal,32188.23,11/9/2021,751-916-8425,32331 Shopko Hill,Pescara,Abruzzi,65129,14,Shena Lightbourne,907-498-2102,friend,173,11/17/2020
174,Karlis,Haggarty,44,khaggarty4t@berkeley.edu,713,435,Research and Development,77818.46,2/1/2015,651-840-1479,4851 Swallow Place,Pescara,Abruzzi,65129,542,Karlis Haggarty,766-339-4430,parent,174,1/2/2010
175,Tarrah,Bernholt,55,tbernholt4u@businesswire.com,587,21,Engineering,72806.73,12/4/2012,215-911-5338,3 Daystar Hill,Pescara,Abruzzi,65129,553,Tarrah Bernholt,160-938-9096,parent,175,3/25/2022
176,Palmer,Grannell,65,pgrannell4v@cyberchimps.com,546,591,Sales,41250.93,6/9/2010,947-740-0272,334 Prairie Rose Way,Pescara,Abruzzi,65129,2,Palmer Grannell,592-312-3418,spouse,176,5/20/2016
177,Corena,Perrington,21,cperrington4w@earthlink.net,574,89,Training,123205.78,10/24/2020,799-842-4031,82406 Hanson Plaza,Pescara,Abruzzi,65129,773,Corena Perrington,880-784-7378,sibling,177,11/5/2015
178,Gabriello,Roseby,59,groseby4x@mapy.cz,401,261,Training,38161.29,7/2/2022,414-821-9723,06709 Meadow Valley Place,Pescara,Abruzzi,65129,520,Gabriello Roseby,167-917-6868,parent,178,4/26/2016
179,Reynolds,Claessens,62,rclaessens4y@jimdo.com,680,109,Engineering,39835.88,9/17/2021,300-678-7579,6 Main Terrace,Pescara,Abruzzi,65129,493,Reynolds Claessens,335-573-4033,friend,179,2/1/2019
180,Willem,Peel,41,wpeel4z@upenn.edu,376,942,Business Development,90103.55,12/12/2012,540-867-2164,842 Kennedy Circle,Pescara,Abruzzi,65129,848,Willem Peel,662-457-8856,parent,180,1/27/2016
181,Katleen,Simmonds,24,ksimmonds50@wikispaces.com,745,633,Human Resources,133628.57,3/23/2011,185-137-4789,85 David Hill,Pescara,Abruzzi,65129,902,Katleen Simmonds,972-324-8711,parent,181,8/6/2012
182,Wat,Bonsale,44,wbonsale51@deliciousdays.com,765,962,Business Development,109379.49,11/25/2020,493-973-5988,3613 Tennessee Avenue,Pescara,Abruzzi,65129,993,Wat Bonsale,810-147-6428,spouse,182,8/5/2010
183,Marillin,Francescozzi,48,mfrancescozzi52@ca.gov,458,353,Engineering,51374.03,3/13/2020,427-469-1709,548 Mitchell Point,Pescara,Abruzzi,65129,125,Marillin Francescozzi,654-469-6300,friend,183,8/27/2017
184,Ainslie,MacLoughlin,62,amacloughlin53@fc2.com,213,707,Services,73961.95,10/29/2011,926-231-3699,1568 Comanche Junction,Pescara,Abruzzi,65129,737,Ainslie MacLoughlin,314-885-8604,spouse,184,3/15/2018
185,Ingar,Coleford,26,icoleford54@time.com,483,815,Sales,116284.18,11/22/2015,181-159-5315,2 Londonderry Trail,Pescara,Abruzzi,65129,642,Ingar Coleford,567-128-0337,friend,185,10/10/2019
186,Daven,Ferns,54,dferns55@zdnet.com,780,398,Product Management,35001.06,8/15/2019,956-283-7550,87 Melrose Pass,Pescara,Abruzzi,65129,733,Daven Ferns,627-217-0531,sibling,186,3/25/2014
187,Bryna,Eppson,49,beppson56@imdb.com,323,770,Sales,83465.15,7/11/2013,530-345-9909,76809 Londonderry Lane,Pescara,Abruzzi,65129,483,Bryna Eppson,823-202-2846,friend,187,7/30/2020
188,Ardene,Wanless,63,awanless57@youku.com,837,861,Legal,75551.06,5/25/2011,506-670-8334,3 Armistice Drive,Pescara,Abruzzi,65129,370,Ardene Wanless,474-400-5361,friend,188,1/9/2012
189,Jolynn,Hazeltine,57,jhazeltine58@abc.net.au,237,788,Support,72384.29,1/24/2020,322-957-0341,83838 Michigan Circle,Pescara,Abruzzi,65129,413,Jolynn Hazeltine,799-903-0070,sibling,189,5/24/2016
190,Phyllida,McKeever,48,pmckeever59@ted.com,129,967,Marketing,119374.68,7/16/2020,488-964-7153,1668 Schmedeman Park,Pescara,Abruzzi,65129,270,Phyllida McKeever,999-889-7579,parent,190,3/24/2021
191,Nickie,Maus,27,nmaus5a@furl.net,749,427,Support,38984.38,8/11/2015,847-690-5501,493 Schlimgen Crossing,Pescara,Abruzzi,65129,181,Nickie Maus,856-242-2472,sibling,191,1/10/2013
192,Orren,Stiven,53,ostiven5b@list-manage.com,393,246,Legal,66980.34,8/17/2020,961-439-3742,205 Starling Center,Pescara,Abruzzi,65129,339,Orren Stiven,655-192-2714,sibling,192,4/9/2019
193,Booth,Mansour,47,bmansour5c@stumbleupon.com,310,498,Marketing,63800.65,10/29/2013,482-294-9961,72684 Scofield Circle,Pescara,Abruzzi,65129,481,Booth Mansour,214-920-6921,sibling,193,4/9/2014
194,Steve,Donohue,65,sdonohue5d@usatoday.com,671,871,Business Development,100032.06,11/12/2010,809-260-4576,5 Sachs Avenue,Pescara,Abruzzi,65129,585,Steve Donohue,835-691-7390,friend,194,7/13/2018
195,Ashleigh,Muddimer,19,amuddimer5e@yolasite.com,564,435,Legal,110035.58,6/15/2011,390-953-6634,2 Waxwing Hill,Pescara,Abruzzi,65129,981,Ashleigh Muddimer,456-586-2944,sibling,195,12/13/2017
196,Valentino,Beaze,43,vbeaze5f@umn.edu,738,222,Services,58216.59,7/3/2021,393-865-1410,48 Hudson Lane,Pescara,Abruzzi,65129,736,Valentino Beaze,853-606-5435,parent,196,7/5/2019
197,Kelbee,Climance,27,kclimance5g@telegraph.co.uk,981,316,Research and Development,67792.48,3/31/2012,226-845-3787,41 Farragut Court,Pescara,Abruzzi,65129,407,Kelbee Climance,188-755-3054,spouse,197,7/21/2021
198,Darb,Coling,40,dcoling5h@nih.gov,125,367,Product Management,94367.31,10/8/2019,970-666-4595,745 Warbler Alley,Pescara,Abruzzi,65129,805,Darb Coling,760-438-9115,sibling,198,1/24/2010
199,Mireielle,Yearron,26,myearron5i@walmart.com,470,156,Product Management,145027.87,12/14/2022,392-916-9686,859 Amoth Way,Pescara,Abruzzi,65129,538,Mireielle Yearron,981-230-0647,friend,199,2/17/2022
200,Stacie,Whaley,35,swhaley5j@comsenz.com,217,860,Training,107654.27,1/29/2017,133-608-4725,42 Mcbride Crossing,Pescara,Abruzzi,65129,542,Stacie Whaley,266-433-8071,friend,200,7/30/2015
201,Iosep,Ivie,36,iivie5k@smugmug.com,496,747,Business Development,109330.33,4/9/2014,504-832-8485,62 Grim Hill,Pescara,Abruzzi,65129,334,Iosep Ivie,329-553-2577,parent,201,9/11/2018
202,Lira,Muston,21,lmuston5l@smugmug.com,975,638,Support,94734.01,6/3/2020,790-239-7289,87 Trailsway Avenue,Pescara,Abruzzi,65129,351,Lira Muston,695-396-0279,parent,202,4/17/2011
203,Sergent,Limpenny,31,slimpenny5m@yandex.ru,377,144,Business Development,93534.41,10/10/2021,174-706-9109,9 Laurel Terrace,Pescara,Abruzzi,65129,222,Sergent Limpenny,177-205-9122,friend,203,12/15/2012
204,Doloritas,Gosse,33,dgosse5n@nyu.edu,790,227,Research and Development,87717.35,6/30/2017,440-550-8687,6 5th Alley,Pescara,Abruzzi,65129,210,Doloritas Gosse,977-465-0748,friend,204,1/21/2017
205,Tomasine,Huggard,21,thuggard5o@ted.com,738,547,Product Management,92943.93,10/13/2019,632-281-9335,5 Kropf Parkway,Pescara,Abruzzi,65129,240,Tomasine Huggard,557-799-1098,friend,205,12/23/2016
206,Ethelbert,Tander,36,etander5p@cnet.com,291,430,Legal,59320.13,2/28/2012,152-881-4397,0 Summer Ridge Way,Pescara,Abruzzi,65129,647,Ethelbert Tander,938-375-6894,sibling,206,1/24/2010
207,Bartholomeus,Laidlow,63,blaidlow5q@wsj.com,202,300,Support,31843.97,3/26/2021,533-606-8118,91 Crescent Oaks Junction,Pescara,Abruzzi,65129,868,Bartholomeus Laidlow,112-649-1179,parent,207,10/2/2016
208,Mercie,Kinleyside,65,mkinleyside5r@home.pl,114,707,Sales,109972.5,1/26/2017,508-307-8474,0713 Paget Crossing,Pescara,Abruzzi,65129,856,Mercie Kinleyside,722-538-8929,friend,208,6/16/2018
209,Marcia,Dearnly,31,mdearnly5s@mapquest.com,807,641,Training,129024.29,9/15/2014,746-655-2399,0 Northview Court,Pescara,Abruzzi,65129,851,Marcia Dearnly,852-722-4849,parent,209,7/22/2019
210,Elvyn,Halburton,43,ehalburton5t@sitemeter.com,69,145,Accounting,62917.08,7/22/2017,882-360-1378,289 Riverside Circle,Pescara,Abruzzi,65129,246,Elvyn Halburton,689-394-1126,sibling,210,11/6/2021
211,Augy,Dilrew,29,adilrew5u@mtv.com,74,85,Product Management,45882.85,11/5/2019,780-807-3080,33 Merchant Alley,Pescara,Abruzzi,65129,94,Augy Dilrew,512-782-7310,spouse,211,2/20/2022
212,Aubine,Willerstone,44,awillerstone5v@sciencedaily.com,398,134,Product Management,94545.37,1/25/2014,950-816-1423,5644 Golf Course Circle,Pescara,Abruzzi,65129,94,Aubine Willerstone,338-473-2624,parent,212,3/10/2011
213,Brooke,Lovemore,63,blovemore5w@virginia.edu,978,39,Human Resources,77008.17,5/13/2013,340-447-0407,234 American Ash Trail,Pescara,Abruzzi,65129,925,Brooke Lovemore,833-367-2431,spouse,213,5/19/2013
214,Cassey,Haensel,61,chaensel5x@fotki.com,806,574,Sales,111122.09,11/20/2010,882-461-5958,07058 Macpherson Avenue,Pescara,Abruzzi,65129,326,Cassey Haensel,501-833-1479,spouse,214,6/4/2012
215,Tedmund,Keeves,45,tkeeves5y@dropbox.com,18,24,Sales,139785.08,12/29/2014,872-585-5370,3 Redwing Way,Pescara,Abruzzi,65129,301,Tedmund Keeves,348-682-7706,parent,215,2/8/2022
216,Thornton,O'Hoey,61,tohoey5z@paginegialle.it,572,266,Business Development,49205.29,1/7/2019,441-101-3819,85862 Gina Drive,Pescara,Abruzzi,65129,672,Thornton O'Hoey,259-810-3707,sibling,216,8/9/2013
217,Faydra,Valenta,18,fvalenta60@newyorker.com,406,553,Human Resources,52916.15,5/31/2011,829-602-3801,2681 Gina Court,Pescara,Abruzzi,65129,865,Faydra Valenta,394-229-7783,sibling,217,1/5/2014
218,Harriet,Tomeo,41,htomeo61@merriam-webster.com,6,888,Training,133846.87,5/23/2014,503-234-0873,6568 Gale Alley,Pescara,Abruzzi,65129,617,Harriet Tomeo,781-481-9987,spouse,218,9/13/2010
219,Robenia,Gullivan,61,rgullivan62@plala.or.jp,695,191,Human Resources,106467.21,11/25/2014,742-438-6660,1529 Miller Point,Pescara,Abruzzi,65129,973,Robenia Gullivan,603-824-4918,sibling,219,3/16/2018
220,Mike,Handy,24,mhandy63@ehow.com,650,438,Legal,149519.18,12/29/2019,952-459-3443,098 Sommers Drive,Pescara,Abruzzi,65129,475,Mike Handy,232-285-9878,sibling,220,9/20/2014
221,Papageno,Kosiada,28,pkosiada64@java.com,683,484,Business Development,144156.73,1/11/2016,724-627-7778,77938 Spohn Road,Pescara,Abruzzi,65129,286,Papageno Kosiada,911-761-3413,parent,221,8/29/2015
222,Karalee,Halloway,60,khalloway65@cocolog-nifty.com,388,36,Business Development,30056.36,8/3/2013,959-625-9799,19247 Talmadge Crossing,Pescara,Abruzzi,65129,823,Karalee Halloway,563-539-9527,sibling,222,12/13/2017
223,Alano,Stonebridge,40,astonebridge66@homestead.com,987,710,Engineering,46988.35,9/19/2015,474-624-4989,60792 Green Street,Pescara,Abruzzi,65129,332,Alano Stonebridge,265-767-0106,friend,223,12/16/2015
224,Ward,Preedy,53,wpreedy67@google.com.br,1,988,Support,138463.59,11/17/2016,478-698-7516,736 Sage Center,Pescara,Abruzzi,65129,655,Ward Preedy,207-676-2847,friend,224,10/9/2018
225,Nike,McComb,40,nmccomb68@nasa.gov,126,396,Support,38466.58,2/26/2022,337-111-7804,097 Brickson Park Park,Pescara,Abruzzi,65129,754,Nike McComb,619-187-3965,spouse,225,9/7/2022
226,Rozanna,Raise,31,rraise69@xrea.com,878,24,Support,51267.04,7/24/2019,405-984-3757,001 Parkside Avenue,Pescara,Abruzzi,65129,450,Rozanna Raise,464-515-1232,sibling,226,5/3/2022
227,Renelle,Keunemann,59,rkeunemann6a@hao123.com,737,168,Engineering,45243.7,6/30/2021,164-810-4538,074 Green Parkway,Pescara,Abruzzi,65129,658,Renelle Keunemann,219-112-8775,friend,227,2/19/2019
228,Ailee,Burnall,52,aburnall6b@csmonitor.com,769,626,Research and Development,129895.04,7/1/2018,621-697-5245,8 Dayton Parkway,Pescara,Abruzzi,65129,900,Ailee Burnall,401-306-1118,spouse,228,11/26/2018
229,Tandi,Hardes,46,thardes6c@thetimes.co.uk,532,140,Product Management,65962.99,7/21/2014,347-925-9733,4 Butternut Terrace,Pescara,Abruzzi,65129,368,Tandi Hardes,156-814-5149,parent,229,4/17/2021
230,Haleigh,Gwinnell,48,hgwinnell6d@slate.com,739,153,Product Management,87763.16,4/11/2020,271-871-2865,623 Drewry Circle,Pescara,Abruzzi,65129,204,Haleigh Gwinnell,537-309-6665,friend,230,10/17/2015
231,Buddie,Nevett,27,bnevett6e@cnet.com,733,790,Engineering,133837.49,3/28/2015,140-427-8058,24 Russell Circle,Pescara,Abruzzi,65129,155,Buddie Nevett,171-481-8730,parent,231,9/10/2016
232,Korrie,Endrizzi,38,kendrizzi6f@timesonline.co.uk,666,609,Sales,70329.14,12/6/2013,550-557-9777,0 Mandrake Park,Pescara,Abruzzi,65129,445,Korrie Endrizzi,830-209-2361,spouse,232,3/5/2013
233,Devy,Molfino,41,dmolfino6g@comsenz.com,885,458,Legal,145374.45,5/19/2015,546-214-9129,205 Arizona Circle,Pescara,Abruzzi,65129,894,Devy Molfino,492-211-6956,friend,233,1/29/2018
234,Jaquelyn,Ginnaly,64,jginnaly6h@reuters.com,285,16,Product Management,136002.72,2/15/2020,153-446-7341,81 Graedel Drive,Pescara,Abruzzi,65129,736,Jaquelyn Ginnaly,564-376-6625,spouse,234,9/26/2021
235,Melita,Ferreiro,59,mferreiro6i@posterous.com,556,236,Marketing,47239.47,9/12/2012,492-404-6147,85 Fordem Way,Pescara,Abruzzi,65129,396,Melita Ferreiro,192-807-7784,parent,235,6/22/2012
236,Holt,Leates,26,hleates6j@fema.gov,528,741,Product Management,62266.28,6/9/2015,221-575-0666,3 Paget Court,Pescara,Abruzzi,65129,65,Holt Leates,739-424-3203,friend,236,1/23/2014
237,Myer,Hansana,38,mhansana6k@usa.gov,658,571,Accounting,67582.45,11/21/2022,946-964-5770,0 Karstens Crossing,Pescara,Abruzzi,65129,399,Myer Hansana,865-402-2487,friend,237,1/25/2011
238,Albie,O'Sculley,43,aosculley6l@earthlink.net,144,605,Training,148040.49,9/17/2010,941-365-7025,3791 Caliangt Lane,Pescara,Abruzzi,65129,700,Albie O'Sculley,501-867-8787,sibling,238,8/10/2015
239,Niels,Guymer,53,nguymer6m@wufoo.com,386,364,Services,44581.59,3/27/2018,469-129-1912,562 Brown Plaza,Pescara,Abruzzi,65129,551,Niels Guymer,310-507-2494,spouse,239,9/30/2016
240,Doretta,Aldcorne,61,daldcorne6n@myspace.com,452,854,Sales,62794.1,10/9/2011,210-968-5392,9140 Reinke Hill,Pescara,Abruzzi,65129,363,Doretta Aldcorne,404-867-3908,parent,240,5/31/2017
241,Ulric,Campos,60,ucampos6o@elpais.com,298,633,Human Resources,127257.07,5/30/2022,234-726-4710,3 Cottonwood Plaza,Pescara,Abruzzi,65129,922,Ulric Campos,480-904-6968,parent,241,4/9/2019
242,Cristiano,Sanbroke,49,csanbroke6p@altervista.org,431,939,Research and Development,103079.74,12/4/2017,299-347-2121,4613 Graedel Drive,Pescara,Abruzzi,65129,180,Cristiano Sanbroke,957-971-2955,spouse,242,11/28/2020
243,Winna,Longhurst,21,wlonghurst6q@scribd.com,439,76,Accounting,102992.37,5/22/2011,715-233-6432,39 Kensington Way,Pescara,Abruzzi,65129,901,Winna Longhurst,316-585-8343,friend,243,12/20/2021
244,Bancroft,Trickey,53,btrickey6r@gov.uk,877,819,Research and Development,67192.44,3/8/2011,171-430-0634,59105 Buell Crossing,Pescara,Abruzzi,65129,104,Bancroft Trickey,882-797-0160,parent,244,12/14/2015
245,Ulrica,Grigoli,31,ugrigoli6s@ucla.edu,670,482,Business Development,99149.4,3/22/2013,832-283-1887,599 Bultman Court,Pescara,Abruzzi,65129,657,Ulrica Grigoli,590-997-0634,friend,245,8/1/2013
246,Jarrad,Padillo,33,jpadillo6t@hubpages.com,342,181,Business Development,90298.15,9/19/2011,471-240-4805,7669 Village Green Center,Pescara,Abruzzi,65129,324,Jarrad Padillo,913-975-9347,spouse,246,11/25/2022
247,Raff,Dominec,18,rdominec6u@salon.com,645,813,Sales,73128.33,12/11/2022,732-203-1319,41616 Starling Parkway,Pescara,Abruzzi,65129,246,Raff Dominec,669-791-2397,parent,247,5/14/2021
248,Cornie,Crosen,31,ccrosen6v@youtube.com,626,80,Services,134160.03,6/21/2010,247-859-6471,74513 Orin Trail,Pescara,Abruzzi,65129,271,Cornie Crosen,148-766-6885,sibling,248,8/28/2017
249,Patsy,D'Ugo,61,pdugo6w@harvard.edu,21,465,Research and Development,112233.76,4/22/2021,391-970-8184,171 Veith Road,Pescara,Abruzzi,65129,266,Patsy D'Ugo,670-119-1850,spouse,249,2/8/2020
250,Stesha,Fitzer,54,sfitzer6x@businesswire.com,248,966,Training,55145.8,10/10/2015,459-750-7982,953 Morning Road,Pescara,Abruzzi,65129,638,Stesha Fitzer,750-212-9049,friend,250,10/10/2019
251,Goran,Gravenell,35,ggravenell6y@jiathis.com,389,401,Engineering,139023.49,1/22/2015,220-511-1127,8033 Myrtle Parkway,Pescara,Abruzzi,65129,289,Goran Gravenell,419-565-6823,parent,251,3/31/2010
252,Ronald,Venables,30,rvenables6z@google.com.hk,462,42,Services,113918.78,4/12/2016,977-153-8219,82 Butterfield Lane,Pescara,Abruzzi,65129,252,Ronald Venables,403-553-8792,friend,252,8/10/2019
253,Saraann,Champkins,46,schampkins70@yandex.ru,146,6,Marketing,109583.43,6/17/2014,521-989-5017,47799 Amoth Terrace,Pescara,Abruzzi,65129,966,Saraann Champkins,125-813-5166,friend,253,1/20/2015
254,Kenneth,Degli Abbati,52,kdegli71@bluehost.com,987,509,Support,64723.98,1/18/2011,224-515-3202,24548 Maple Wood Terrace,Pescara,Abruzzi,65129,771,Kenneth Degli Abbati,729-881-3713,spouse,254,3/15/2018
255,Nara,Pillans,60,npillans72@google.es,942,816,Engineering,35477.1,8/29/2013,834-268-0976,01 West Pass,Pescara,Abruzzi,65129,903,Nara Pillans,844-697-1547,sibling,255,4/23/2021
256,Arielle,Hughes,53,ahughes73@hc360.com,640,141,Support,44062.27,5/13/2010,550-423-2544,5829 Swallow Parkway,Pescara,Abruzzi,65129,603,Arielle Hughes,719-730-8028,spouse,256,7/28/2018
257,Ulrike,Van Der Weedenburg,28,uvan74@unc.edu,172,61,Marketing,73091.62,11/10/2011,754-199-7287,58380 Mandrake Drive,Pescara,Abruzzi,65129,944,Ulrike Van Der Weedenburg,963-781-7644,parent,257,11/30/2016
258,Erhard,Sidnall,53,esidnall75@reference.com,133,729,Marketing,66619.67,1/10/2010,305-563-6572,1 American Ash Hill,Pescara,Abruzzi,65129,448,Erhard Sidnall,283-621-2411,friend,258,10/1/2018
259,Lanni,Nabarro,19,lnabarro76@paypal.com,452,612,Research and Development,32326.39,12/21/2021,868-909-4360,4964 Mayer Pass,Pescara,Abruzzi,65129,339,Lanni Nabarro,251-342-0579,parent,259,8/22/2016
260,Lorelei,Gallardo,65,lgallardo77@blogger.com,652,250,Marketing,72405.71,11/17/2013,494-112-5607,20 Hanson Court,Pescara,Abruzzi,65129,38,Lorelei Gallardo,546-677-3242,friend,260,6/3/2018
261,Almira,Blay,31,ablay78@elegantthemes.com,27,395,Product Management,63108.04,11/22/2016,312-221-2530,9 Hollow Ridge Crossing,Pescara,Abruzzi,65129,392,Almira Blay,499-115-9872,sibling,261,7/30/2011
262,Anatol,Obee,51,aobee79@google.co.uk,96,527,Services,145595.03,10/29/2021,454-622-1600,705 Morning Trail,Pescara,Abruzzi,65129,11,Anatol Obee,567-484-2749,spouse,262,2/16/2021
263,Allissa,Jenckes,39,ajenckes7a@networkadvertising.org,995,974,Training,71624.29,12/3/2011,833-296-9379,7 Bay Crossing,Pescara,Abruzzi,65129,73,Allissa Jenckes,237-958-4479,friend,263,5/11/2012
264,Haydon,Langer,24,hlanger7b@hostgator.com,789,446,Product Management,88828.9,4/18/2021,273-748-2790,4 Elmside Place,Pescara,Abruzzi,65129,286,Haydon Langer,799-345-1194,spouse,264,5/31/2018
265,Essy,Murfill,28,emurfill7c@psu.edu,541,35,Support,113182.72,9/8/2011,284-616-6243,2569 Bellgrove Crossing,Pescara,Abruzzi,65129,391,Essy Murfill,725-966-8173,parent,265,12/8/2020
266,Harv,Licquorish,53,hlicquorish7d@flickr.com,211,355,Research and Development,148517.42,1/30/2014,370-206-8231,53810 Porter Drive,Pescara,Abruzzi,65129,107,Harv Licquorish,168-245-1784,parent,266,4/19/2012
267,Ernst,Scardifeild,40,escardifeild7e@hibu.com,908,634,Legal,59625.5,10/19/2020,935-507-8848,0 Memorial Court,Pescara,Abruzzi,65129,541,Ernst Scardifeild,210-834-3850,spouse,267,7/21/2018
268,Kathryne,Rickards,53,krickards7f@dell.com,660,892,Research and Development,124680.53,5/19/2016,386-797-9259,881 Corben Junction,Pescara,Abruzzi,65129,743,Kathryne Rickards,252-492-4202,parent,268,8/8/2011
269,Raul,Riddler,32,rriddler7g@artisteer.com,82,128,Accounting,43384.49,6/30/2021,574-536-3748,75 Eggendart Parkway,Pescara,Abruzzi,65129,202,Raul Riddler,900-561-5743,friend,269,2/15/2015
270,Ailene,Stapleton,49,astapleton7h@dmoz.org,117,285,Services,81846.71,1/27/2016,892-823-4278,0537 Caliangt Pass,Pescara,Abruzzi,65129,316,Ailene Stapleton,567-557-3551,friend,270,8/10/2021
271,Minda,Benjamin,54,mbenjamin7i@comsenz.com,490,619,Services,112218.02,4/3/2010,354-652-9469,43518 Dryden Avenue,Pescara,Abruzzi,65129,830,Minda Benjamin,138-488-2338,parent,271,4/16/2012
272,Maximilien,Gowing,65,mgowing7j@pinterest.com,905,403,Product Management,109554.48,10/27/2018,556-533-6094,4 Dunning Avenue,Pescara,Abruzzi,65129,532,Maximilien Gowing,375-624-0917,spouse,272,11/4/2022
273,Berta,Soeiro,36,bsoeiro7k@ed.gov,728,606,Legal,30398.9,10/4/2017,136-219-0685,0 Northland Street,Pescara,Abruzzi,65129,562,Berta Soeiro,584-437-3568,spouse,273,7/3/2016
274,Mart,Hanlin,60,mhanlin7l@tuttocitta.it,988,928,Legal,91309.06,11/21/2016,653-223-6862,38 Basil Alley,Pescara,Abruzzi,65129,190,Mart Hanlin,352-720-5122,friend,274,11/14/2020
275,Stefan,Farquar,55,sfarquar7m@hostgator.com,661,900,Product Management,57458.76,1/22/2015,598-444-0739,206 Dunning Avenue,Pescara,Abruzzi,65129,979,Stefan Farquar,254-312-0706,friend,275,9/15/2016
276,Leola,Gavrielli,63,lgavrielli7n@telegraph.co.uk,327,639,Research and Development,71597.7,8/25/2017,491-914-5708,9 Katie Pass,Pescara,Abruzzi,65129,360,Leola Gavrielli,912-139-4519,sibling,276,3/21/2019
277,Mufi,Rawlyns,61,mrawlyns7o@creativecommons.org,795,825,Marketing,87040.13,2/11/2010,140-914-5039,4 Bobwhite Lane,Pescara,Abruzzi,65129,700,Mufi Rawlyns,249-464-3012,parent,277,5/7/2018
278,Myrlene,Milvarnie,60,mmilvarnie7p@loc.gov,603,770,Support,57375.75,1/15/2015,374-882-1512,554 Knutson Street,Pescara,Abruzzi,65129,254,Myrlene Milvarnie,779-422-9589,sibling,278,3/26/2016
279,Mikel,Cowan,63,mcowan7q@photobucket.com,151,435,Research and Development,102352.0,10/8/2016,118-258-0773,5 Oxford Parkway,Pescara,Abruzzi,65129,99,Mikel Cowan,287-641-8848,spouse,279,1/10/2021
280,Giulio,Potes,34,gpotes7r@chicagotribune.com,710,820,Product Management,123042.27,3/10/2014,695-296-4049,37 South Street,Pescara,Abruzzi,65129,955,Giulio Potes,652-663-8252,friend,280,5/27/2022
281,Oralee,Tzuker,23,otzuker7s@vimeo.com,162,347,Engineering,135548.43,8/1/2019,296-495-2258,58 Sutteridge Street,Pescara,Abruzzi,65129,831,Oralee Tzuker,638-848-1013,spouse,281,12/23/2010
282,Hoebart,Stronghill,32,hstronghill7t@nydailynews.com,4,643,Product Management,48779.87,8/6/2014,424-543-9097,892 Sycamore Avenue,Pescara,Abruzzi,65129,795,Hoebart Stronghill,750-224-0300,friend,282,10/7/2014
283,Cosimo,Hayen,61,chayen7u@youtube.com,74,485,Training,66732.65,6/16/2015,744-649-2843,7849 Comanche Way,Pescara,Abruzzi,65129,943,Cosimo Hayen,176-758-7959,spouse,283,3/19/2010
284,Bill,Longworth,32,blongworth7v@etsy.com,785,275,Marketing,127753.83,9/1/2017,656-588-9119,09988 Mayer Crossing,Pescara,Abruzzi,65129,546,Bill Longworth,874-623-6228,spouse,284,8/6/2010
285,Ruggiero,Nagle,41,rnagle7w@comcast.net,830,24,Training,110487.97,11/1/2011,573-221-6743,41 Clove Avenue,Pescara,Abruzzi,65129,870,Ruggiero Nagle,876-717-9301,spouse,285,7/9/2011
286,Janeczka,Kester,59,jkester7x@eventbrite.com,812,786,Training,118629.24,3/24/2022,355-149-1065,6095 Dapin Lane,Pescara,Abruzzi,65129,454,Janeczka Kester,266-809-1806,spouse,286,9/19/2014
287,Eirena,Hender,46,ehender7y@baidu.com,538,330,Legal,81283.59,1/15/2014,607-689-4462,3 Eagan Circle,Pescara,Abruzzi,65129,159,Eirena Hender,464-825-4492,parent,287,12/22/2018
288,Reynard,Bareford,36,rbareford7z@liveinternet.ru,442,102,Sales,131467.02,10/26/2012,339-769-7388,538 Pennsylvania Street,Pescara,Abruzzi,65129,193,Reynard Bareford,577-251-8338,friend,288,4/8/2016
289,Fayre,Walework,23,fwalework80@wired.com,306,171,Marketing,77388.53,12/17/2013,308-892-9579,95 American Circle,Pescara,Abruzzi,65129,529,Fayre Walework,299-510-6486,parent,289,7/17/2014
290,Nolly,Rame,55,nrame81@lulu.com,367,323,Services,136825.33,12/16/2013,574-322-3111,1 Lakewood Gardens Pass,Pescara,Abruzzi,65129,243,Nolly Rame,240-427-0471,parent,290,7/7/2011
291,Wake,Bakesef,42,wbakesef82@imageshack.us,466,455,Human Resources,84858.99,9/18/2011,495-518-8289,54177 Warbler Street,Pescara,Abruzzi,65129,449,Wake Bakesef,408-668-6996,friend,291,6/21/2015
292,Nikolos,Umpleby,64,numpleby83@chronoengine.com,37,95,Research and Development,103466.39,7/2/2020,312-198-5432,67 Claremont Alley,Pescara,Abruzzi,65129,356,Nikolos Umpleby,289-394-8982,sibling,292,12/11/2021
293,Odelle,Saffin,40,osaffin84@ibm.com,391,329,Human Resources,118039.71,6/3/2021,643-942-8187,888 Graedel Avenue,Pescara,Abruzzi,65129,351,Odelle Saffin,670-273-9204,sibling,293,8/17/2022
294,Ozzy,O'Collopy,18,oocollopy85@imageshack.us,402,622,Engineering,137797.5,3/17/2020,718-735-7313,7279 Dorton Plaza,Pescara,Abruzzi,65129,924,Ozzy O'Collopy,635-361-5453,parent,294,8/10/2019
295,Will,Rowland,24,wrowland86@amazon.co.uk,342,290,Marketing,131013.16,10/13/2019,722-681-3201,58 Manley Crossing,Pescara,Abruzzi,65129,542,Will Rowland,113-193-1743,parent,295,2/9/2019
296,Zebulen,Daveridge,25,zdaveridge87@comcast.net,142,411,Sales,96642.32,2/20/2010,684-615-2590,65 New Castle Drive,Pescara,Abruzzi,65129,853,Zebulen Daveridge,689-538-4972,friend,296,5/10/2014
297,Alain,Olfert,50,aolfert88@sun.com,455,467,Support,118425.52,12/13/2014,734-736-0528,94 Thierer Crossing,Pescara,Abruzzi,65129,91,Alain Olfert,698-575-2112,friend,297,1/7/2020
298,Inigo,Greggs,31,igreggs89@hp.com,804,132,Engineering,119587.07,3/11/2013,952-719-2644,8657 5th Circle,Pescara,Abruzzi,65129,704,Inigo Greggs,535-815-0090,parent,298,2/21/2015
299,Johnny,Jentgens,18,jjentgens8a@sciencedirect.com,368,575,Training,104388.23,4/14/2016,302-395-0722,25864 Kings Pass,Pescara,Abruzzi,65129,643,Johnny Jentgens,280-451-6604,sibling,299,10/14/2011
300,Gaspard,Dauber,64,gdauber8b@loc.gov,890,712,Sales,143233.7,10/30/2021,124-303-4074,0881 Beilfuss Crossing,Pescara,Abruzzi,65129,739,Gaspard Dauber,113-114-6230,friend,300,2/19/2016
301,Elmira,Makiver,56,emakiver8c@chronoengine.com,865,809,Research and Development,57198.18,1/15/2010,625-946-6022,49 John Wall Road,Pescara,Abruzzi,65129,573,Elmira Makiver,332-797-9616,sibling,301,11/6/2022
302,Janaye,Taw,25,jtaw8d@chicagotribune.com,200,906,Business Development,41293.69,3/29/2013,397-176-7093,67206 Orin Plaza,Pescara,Abruzzi,65129,631,Janaye Taw,256-569-9291,friend,302,5/3/2011
303,Lynett,Simkovitz,63,lsimkovitz8e@dropbox.com,358,974,Human Resources,93374.6,3/21/2022,870-828-7588,32867 Maryland Hill,Pescara,Abruzzi,65129,498,Lynett Simkovitz,751-266-5722,sibling,303,11/6/2016
304,Buddie,Lanchbury,52,blanchbury8f@wikia.com,918,20,Marketing,132848.7,5/21/2014,794-254-6791,60 Merrick Terrace,Pescara,Abruzzi,65129,504,Buddie Lanchbury,532-621-1193,spouse,304,7/15/2016
305,Rozalie,MacClay,34,rmacclay8g@webeden.co.uk,554,487,Sales,52174.66,6/21/2022,142-780-7165,2 David Park,Pescara,Abruzzi,65129,360,Rozalie MacClay,259-446-5632,sibling,305,3/7/2016
306,Nannie,Sutliff,50,nsutliff8h@photobucket.com,599,993,Accounting,78733.92,11/2/2022,797-175-5543,8 Summerview Drive,Pescara,Abruzzi,65129,881,Nannie Sutliff,996-604-8062,parent,306,1/28/2022
307,Woodman,Ongin,21,wongin8i@pagesperso-orange.fr,392,84,Services,39201.4,8/17/2014,178-369-4206,29311 Luster Pass,Pescara,Abruzzi,65129,485,Woodman Ongin,190-110-1734,parent,307,11/30/2022
308,Caspar,McNamee,59,cmcnamee8j@digg.com,534,679,Human Resources,109203.65,3/9/2021,920-603-7439,2 Barby Alley,Pescara,Abruzzi,65129,467,Caspar McNamee,517-479-5000,friend,308,3/26/2020
309,Seymour,Prazer,50,sprazer8k@timesonline.co.uk,982,60,Business Development,126075.0,11/1/2017,964-228-1997,3688 Loeprich Plaza,Pescara,Abruzzi,65129,894,Seymour Prazer,801-573-3326,parent,309,7/20/2021
310,Waiter,Gandley,38,wgandley8l@netlog.com,379,362,Engineering,97183.68,4/12/2015,761-854-4600,2847 Oriole Hill,Pescara,Abruzzi,65129,681,Waiter Gandley,916-740-5647,sibling,310,12/16/2015
311,Natalie,Devo,21,ndevo8m@joomla.org,103,986,Engineering,112893.01,8/28/2010,849-183-1547,52347 Meadow Ridge Court,Pescara,Abruzzi,65129,987,Natalie Devo,871-160-1766,spouse,311,5/29/2014
312,Mil,Burghall,19,mburghall8n@dmoz.org,16,65,Research and Development,107403.11,4/2/2013,290-735-2168,7099 Mitchell Road,Pescara,Abruzzi,65129,753,Mil Burghall,911-677-2443,spouse,312,8/30/2019
313,Berty,Wheelan,48,bwheelan8o@walmart.com,742,129,Human Resources,77569.77,1/1/2020,795-145-6802,557 Basil Park,Pescara,Abruzzi,65129,438,Berty Wheelan,134-763-6189,sibling,313,7/3/2010
314,Noel,Springthorpe,37,nspringthorpe8p@amazon.de,74,381,Services,45979.33,8/1/2022,797-270-9353,588 Beilfuss Drive,Pescara,Abruzzi,65129,522,Noel Springthorpe,500-544-5258,parent,314,1/16/2014
315,Patty,Gealle,29,pgealle8q@hexun.com,967,931,Product Management,127265.42,5/14/2012,615-989-3412,5251 Crescent Oaks Street,Pescara,Abruzzi,65129,403,Patty Gealle,214-971-1345,sibling,315,6/29/2012
316,Miguelita,McConway,26,mmcconway8r@unesco.org,329,549,Support,63945.84,2/16/2011,737-648-1669,899 Michigan Parkway,Pescara,Abruzzi,65129,158,Miguelita McConway,854-885-4548,parent,316,4/21/2013
317,Tildie,Stairmand,26,tstairmand8s@lulu.com,699,389,Accounting,75606.94,5/7/2016,409-275-2789,4737 Prairie Rose Avenue,Pescara,Abruzzi,65129,763,Tildie Stairmand,841-129-5081,friend,317,11/8/2015
318,Niven,Doche,62,ndoche8t@list-manage.com,837,15,Human Resources,45684.19,4/11/2020,147-248-6418,02201 Novick Center,Pescara,Abruzzi,65129,397,Niven Doche,827-776-9563,sibling,318,7/24/2010
319,Karlens,Kembley,26,kkembley8u@sbwire.com,943,455,Research and Development,65397.62,3/1/2013,970-323-5875,92 Mifflin Terrace,Pescara,Abruzzi,65129,263,Karlens Kembley,957-509-9685,spouse,319,10/18/2021
320,Virge,Eustes,36,veustes8v@liveinternet.ru,176,787,Human Resources,30608.7,1/6/2016,430-719-5517,985 Messerschmidt Hill,Pescara,Abruzzi,65129,664,Virge Eustes,560-971-0119,spouse,320,6/3/2014
321,Friederike,Shyres,42,fshyres8w@yolasite.com,255,280,Services,73210.22,1/16/2014,103-993-0456,70808 Buell Parkway,Pescara,Abruzzi,65129,479,Friederike Shyres,627-949-9394,parent,321,1/18/2010
322,Garret,de Vaen,62,gde8x@wsj.com,941,458,Research and Development,102425.94,5/29/2020,425-248-9471,676 Loomis Plaza,Pescara,Abruzzi,65129,357,Garret de Vaen,357-964-2652,parent,322,6/10/2015
323,Amabelle,La Wille,44,ala8y@cnbc.com,209,726,Marketing,38608.69,5/4/2018,591-839-5012,6912 Algoma Lane,Pescara,Abruzzi,65129,131,Amabelle La Wille,133-163-5463,friend,323,9/17/2014
324,Kurtis,Kindon,41,kkindon8z@domainmarket.com,656,665,Research and Development,116055.21,6/2/2021,286-958-1268,9808 Hoard Plaza,Pescara,Abruzzi,65129,966,Kurtis Kindon,724-705-2127,parent,324,3/2/2015
325,Helge,Cluley,42,hcluley90@cyberchimps.com,755,129,Accounting,143182.29,4/29/2010,706-705-0223,6494 Loomis Circle,Pescara,Abruzzi,65129,54,Helge Cluley,968-463-5611,spouse,325,10/25/2021
326,Lorens,Spiers,26,lspiers91@adobe.com,259,854,Accounting,80116.14,12/30/2015,492-665-9740,7 Vera Place,Pescara,Abruzzi,65129,885,Lorens Spiers,704-224-3285,friend,326,4/13/2022
327,Bogart,Baldock,59,bbaldock92@fc2.com,803,776,Services,148398.57,8/11/2011,285-806-7667,1800 Fairview Way,Pescara,Abruzzi,65129,712,Bogart Baldock,127-850-1800,spouse,327,4/17/2021
328,Claiborne,Stanex,56,cstanex93@jimdo.com,17,554,Accounting,97427.95,12/20/2015,816-998-7572,0 Portage Circle,Pescara,Abruzzi,65129,878,Claiborne Stanex,348-188-4249,parent,328,1/3/2012
329,Katrinka,Duchart,56,kduchart94@tuttocitta.it,829,212,Services,114203.74,5/3/2014,260-918-3310,36377 Magdeline Way,Pescara,Abruzzi,65129,394,Katrinka Duchart,439-206-8681,friend,329,4/30/2015
330,Leigh,Carswell,65,lcarswell95@bigcartel.com,513,584,Product Management,85304.38,1/29/2011,267-330-5768,8626 Crowley Point,Pescara,Abruzzi,65129,109,Leigh Carswell,604-677-1999,friend,330,3/14/2010
331,Zared,Bisp,47,zbisp96@hatena.ne.jp,685,833,Accounting,57731.8,8/5/2020,324-198-4917,341 Mcguire Court,Pescara,Abruzzi,65129,987,Zared Bisp,149-413-3405,sibling,331,7/27/2010
332,Jo ann,Reynault,35,jann97@sfgate.com,519,655,Human Resources,67289.0,10/9/2022,404-528-3753,17 Banding Parkway,Pescara,Abruzzi,65129,852,Jo ann Reynault,328-127-8097,parent,332,1/24/2018
333,Jacintha,Sekulla,49,jsekulla98@jigsy.com,22,95,Support,136539.21,2/8/2020,940-951-6946,97 Laurel Park,Pescara,Abruzzi,65129,820,Jacintha Sekulla,631-462-9257,friend,333,9/30/2016
334,Trisha,Melmore,28,tmelmore99@jiathis.com,575,988,Legal,138923.48,8/24/2016,758-490-4900,9632 Cambridge Terrace,Pescara,Abruzzi,65129,131,Trisha Melmore,167-585-0423,sibling,334,3/19/2013
335,Artemis,Cossons,19,acossons9a@bizjournals.com,658,303,Accounting,129988.88,5/30/2016,224-567-9658,2 Bonner Road,Pescara,Abruzzi,65129,652,Artemis Cossons,470-216-8788,friend,335,8/18/2015
336,Kaja,Cumine,21,kcumine9b@smugmug.com,714,44,Human Resources,95211.53,11/4/2010,305-318-1149,607 Larry Circle,Pescara,Abruzzi,65129,197,Kaja Cumine,634-986-8782,spouse,336,5/29/2016
337,Kellen,Worsom,59,kworsom9c@moonfruit.com,540,540,Support,139535.74,8/21/2014,601-787-2017,30652 Independence Terrace,Pescara,Abruzzi,65129,477,Kellen Worsom,421-581-3104,parent,337,12/22/2017
338,Kissie,Ebbings,59,kebbings9d@webs.com,224,764,Support,94637.92,11/21/2016,665-788-4389,98814 Eastlawn Terrace,Pescara,Abruzzi,65129,771,Kissie Ebbings,584-889-7735,sibling,338,12/24/2018
339,Brucie,Carreck,50,bcarreck9e@i2i.jp,810,353,Marketing,107618.58,11/10/2011,180-425-4910,09312 School Trail,Pescara,Abruzzi,65129,999,Brucie Carreck,338-612-5612,spouse,339,11/2/2012
340,Karin,Coney,36,kconey9f@army.mil,73,378,Engineering,121074.37,7/7/2011,401-577-8934,42354 Merchant Avenue,Pescara,Abruzzi,65129,98,Karin Coney,608-623-3393,parent,340,5/14/2020
341,Niki,Grover,22,ngrover9g@facebook.com,864,674,Support,143028.97,7/3/2017,191-912-7432,8 Veith Crossing,Pescara,Abruzzi,65129,529,Niki Grover,734-287-1615,friend,341,11/28/2010
342,Gerianne,Paddington,59,gpaddington9h@google.de,381,926,Marketing,90556.19,4/30/2013,478-296-1918,90702 Fordem Place,Pescara,Abruzzi,65129,49,Gerianne Paddington,396-143-6666,parent,342,2/19/2018
343,Storm,Endrighi,20,sendrighi9i@marriott.com,615,181,Engineering,100441.05,11/30/2018,279-554-1151,9 Manley Junction,Pescara,Abruzzi,65129,636,Storm Endrighi,178-280-1113,friend,343,4/30/2010
344,Alwyn,Pretorius,30,apretorius9j@networksolutions.com,456,46,Engineering,130603.7,6/17/2011,308-560-1606,696 Kinsman Junction,Pescara,Abruzzi,65129,982,Alwyn Pretorius,742-760-9645,friend,344,12/6/2019
345,Barty,Verlinde,44,bverlinde9k@opensource.org,991,129,Research and Development,67910.23,1/5/2020,391-111-7941,04 Arizona Court,Pescara,Abruzzi,65129,623,Barty Verlinde,534-657-9800,spouse,345,4/14/2017
346,Tallie,Caveney,33,tcaveney9l@sciencedirect.com,491,583,Business Development,61690.27,12/26/2021,187-269-4101,4915 Tomscot Park,Pescara,Abruzzi,65129,324,Tallie Caveney,733-585-5482,parent,346,5/14/2013
347,Sallie,Rubanenko,58,srubanenko9m@shutterfly.com,714,888,Services,121690.75,6/25/2021,458-633-0447,0 Cardinal Parkway,Pescara,Abruzzi,65129,664,Sallie Rubanenko,163-475-3726,parent,347,4/9/2015
348,Rosette,Garvey,53,rgarvey9n@trellian.com,748,4,Business Development,99136.93,4/5/2017,454-780-1338,940 Monterey Avenue,Pescara,Abruzzi,65129,592,Rosette Garvey,510-345-3835,spouse,348,11/19/2017
349,Ulysses,Lepoidevin,23,ulepoidevin9o@zimbio.com,260,725,Product Management,110453.01,11/16/2012,637-206-2011,242 Tennyson Park,Pescara,Abruzzi,65129,499,Ulysses Lepoidevin,140-988-2144,friend,349,9/7/2019
350,Christos,Brunelleschi,58,cbrunelleschi9p@sina.com.cn,421,230,Training,124494.35,6/27/2018,463-971-8980,14999 Bunting Place,Pescara,Abruzzi,65129,30,Christos Brunelleschi,342-167-8014,sibling,350,8/17/2020
351,Enrica,Belitz,56,ebelitz9q@issuu.com,802,619,Services,134046.14,1/14/2020,298-205-3340,75572 Leroy Road,Pescara,Abruzzi,65129,634,Enrica Belitz,601-882-8142,friend,351,3/7/2012
352,Bridgette,Braycotton,54,bbraycotton9r@cloudflare.com,413,995,Training,32171.91,4/25/2017,265-563-0216,402 Ridge Oak Point,Pescara,Abruzzi,65129,272,Bridgette Braycotton,941-755-3430,sibling,352,8/2/2010
353,Tisha,Kauble,26,tkauble9s@epa.gov,875,233,Business Development,59358.3,7/14/2013,813-314-1276,7194 Prairie Rose Place,Pescara,Abruzzi,65129,982,Tisha Kauble,993-198-4735,sibling,353,2/20/2014
354,Joey,Caulkett,24,jcaulkett9t@sfgate.com,671,822,Support,146684.49,11/1/2019,952-416-5032,68514 Trailsway Place,Pescara,Abruzzi,65129,501,Joey Caulkett,822-342-1996,parent,354,9/28/2017
355,Lesly,Blunden,28,lblunden9u@odnoklassniki.ru,315,963,Legal,125989.43,2/18/2018,888-160-0915,9540 Mosinee Junction,Pescara,Abruzzi,65129,922,Lesly Blunden,284-853-0518,spouse,355,6/22/2014
356,Piotr,Briffett,53,pbriffett9v@4shared.com,667,745,Marketing,99282.8,6/22/2013,184-253-8663,705 South Junction,Pescara,Abruzzi,65129,745,Piotr Briffett,158-548-4717,sibling,356,2/27/2019
357,Vincenz,Sewart,41,vsewart9w@ox.ac.uk,51,571,Research and Development,93206.1,11/2/2022,524-403-3622,44521 Oriole Parkway,Pescara,Abruzzi,65129,403,Vincenz Sewart,697-615-8801,parent,357,3/9/2010
358,Mariquilla,Wloch,20,mwloch9x@discuz.net,21,603,Accounting,141329.67,12/1/2022,538-623-4630,66304 Sycamore Court,Pescara,Abruzzi,65129,939,Mariquilla Wloch,481-549-1146,parent,358,2/24/2010
359,Livia,Lammers,41,llammers9y@chronoengine.com,190,584,Accounting,102762.16,4/21/2014,530-684-0871,697 Norway Maple Court,Pescara,Abruzzi,65129,251,Livia Lammers,967-815-6989,parent,359,7/12/2012
360,Douglas,Heintsch,43,dheintsch9z@multiply.com,569,1,Sales,95284.23,6/14/2019,537-388-4766,69 Browning Court,Pescara,Abruzzi,65129,156,Douglas Heintsch,152-813-4163,parent,360,3/17/2012
361,Margot,Matuschek,45,mmatuscheka0@alexa.com,520,963,Services,76488.82,11/29/2012,344-854-5409,712 Fair Oaks Hill,Pescara,Abruzzi,65129,41,Margot Matuschek,425-923-6800,spouse,361,8/16/2014
362,Esther,Wathen,60,ewathena1@mozilla.org,846,789,Support,57654.07,9/2/2018,218-575-0442,3 5th Drive,Pescara,Abruzzi,65129,357,Esther Wathen,503-273-7553,parent,362,3/13/2013
363,Karyl,Eschalotte,49,keschalottea2@issuu.com,824,2,Engineering,97333.01,10/31/2010,236-790-8256,7016 Grover Crossing,Pescara,Abruzzi,65129,32,Karyl Eschalotte,483-209-6821,spouse,363,9/7/2010
364,Melania,Shoppee,55,mshoppeea3@huffingtonpost.com,161,405,Engineering,58608.0,2/13/2010,449-765-0364,3063 Hazelcrest Avenue,Pescara,Abruzzi,65129,430,Melania Shoppee,532-449-9168,sibling,364,12/21/2013
365,Sal,Keirle,24,skeirlea4@tripod.com,552,418,Services,54957.11,1/14/2022,381-979-9943,32 High Crossing Trail,Pescara,Abruzzi,65129,792,Sal Keirle,302-921-7662,sibling,365,7/19/2021
366,Lemmy,Shout,54,lshouta5@wikispaces.com,978,337,Legal,35785.13,3/31/2022,239-328-0533,0 Hansons Terrace,Pescara,Abruzzi,65129,672,Lemmy Shout,787-146-3909,parent,366,1/28/2014
367,Lauren,Le Frank,52,llea6@sina.com.cn,887,410,Marketing,115291.32,8/11/2020,241-185-2058,4069 Mccormick Parkway,Pescara,Abruzzi,65129,896,Lauren Le Frank,302-612-2822,sibling,367,5/1/2015
368,Faustina,Stillman,21,fstillmana7@time.com,426,798,Marketing,66302.26,12/7/2019,588-929-7103,9230 Coleman Parkway,Pescara,Abruzzi,65129,213,Faustina Stillman,515-997-9155,sibling,368,9/20/2021
369,Roberta,Andreichik,48,randreichika8@examiner.com,127,122,Training,135111.98,12/3/2013,919-962-6165,89021 Dahle Street,Pescara,Abruzzi,65129,998,Roberta Andreichik,863-846-0607,friend,369,3/19/2017
370,Dniren,Choulerton,22,dchoulertona9@storify.com,3,434,Engineering,99628.5,11/4/2014,775-621-7967,0723 Melby Circle,Pescara,Abruzzi,65129,522,Dniren Choulerton,512-878-9794,parent,370,5/17/2016
371,Minnnie,Katz,31,mkatzaa@java.com,29,53,Product Management,128263.76,4/16/2014,903-177-5469,263 Old Gate Court,Pescara,Abruzzi,65129,758,Minnnie Katz,476-620-2119,spouse,371,10/23/2022
372,Matilde,Linkie,29,mlinkieab@wufoo.com,124,542,Product Management,74069.24,7/9/2014,910-540-0284,580 Michigan Park,Pescara,Abruzzi,65129,892,Matilde Linkie,442-435-5391,spouse,372,2/21/2015
373,Rani,Bartrop,22,rbartropac@free.fr,592,173,Legal,39509.6,5/20/2015,880-394-4235,7654 Sommers Drive,Pescara,Abruzzi,65129,670,Rani Bartrop,396-129-5536,friend,373,7/15/2012
374,Madison,Huyhton,23,mhuyhtonad@fotki.com,360,38,Human Resources,73034.17,10/14/2011,510-982-0998,427 Cambridge Road,Pescara,Abruzzi,65129,434,Madison Huyhton,522-371-5751,spouse,374,5/25/2020
375,Bruis,Pawlicki,55,bpawlickiae@sina.com.cn,237,726,Engineering,68577.43,8/21/2019,339-659-8654,12038 Thackeray Center,Pescara,Abruzzi,65129,71,Bruis Pawlicki,451-942-4856,sibling,375,8/25/2013
376,Serena,Fransman,63,sfransmanaf@samsung.com,123,478,Marketing,79790.17,2/10/2014,673-497-8410,4 Granby Drive,Pescara,Abruzzi,65129,597,Serena Fransman,528-235-0645,sibling,376,8/10/2011
377,Tandy,Croneen,30,tcroneenag@answers.com,127,250,Accounting,98114.23,7/7/2017,541-715-1869,967 Darwin Street,Pescara,Abruzzi,65129,248,Tandy Croneen,916-877-8283,sibling,377,10/25/2015
378,Deborah,Gadsden,53,dgadsdenah@constantcontact.com,916,789,Services,101512.66,2/19/2016,974-541-5259,434 Esch Circle,Pescara,Abruzzi,65129,994,Deborah Gadsden,161-644-8076,spouse,378,11/27/2016
379,Nicolas,Murton,29,nmurtonai@cornell.edu,889,97,Sales,52629.96,2/1/2011,398-293-8647,9 Chive Pass,Pescara,Abruzzi,65129,685,Nicolas Murton,278-794-3575,spouse,379,11/24/2015
380,Vale,Couchman,64,vcouchmanaj@facebook.com,168,265,Services,97056.12,9/30/2017,239-181-3763,4 Monica Terrace,Pescara,Abruzzi,65129,810,Vale Couchman,876-950-5431,sibling,380,10/27/2010
381,Ettore,Cockley,49,ecockleyak@illinois.edu,82,563,Research and Development,73609.39,12/9/2011,863-246-5813,2222 Old Shore Hill,Pescara,Abruzzi,65129,42,Ettore Cockley,452-691-9768,parent,381,12/9/2019
382,Cullen,Stodart,37,cstodartal@symantec.com,874,836,Marketing,39424.14,9/26/2014,333-148-1252,0290 Reindahl Trail,Pescara,Abruzzi,65129,113,Cullen Stodart,633-597-9531,parent,382,9/18/2016
383,Rubia,Veque,43,rvequeam@reuters.com,208,837,Engineering,52462.58,2/24/2010,507-791-0626,3 Golf View Parkway,Pescara,Abruzzi,65129,311,Rubia Veque,987-601-0507,parent,383,10/14/2013
384,Mehetabel,Enevold,45,menevoldan@smugmug.com,102,567,Marketing,114424.03,9/13/2013,437-920-3296,43083 Dapin Terrace,Pescara,Abruzzi,65129,544,Mehetabel Enevold,674-684-4999,parent,384,12/1/2018
385,Xylia,Di Biagio,60,xdiao@studiopress.com,696,650,Support,146637.87,2/16/2022,977-823-1676,7352 Mendota Hill,Pescara,Abruzzi,65129,163,Xylia Di Biagio,956-495-9697,friend,385,11/9/2016
386,Blane,MacCarrick,41,bmaccarrickap@bloglines.com,535,3,Product Management,57185.94,6/17/2016,284-845-9541,81437 Meadow Vale Court,Pescara,Abruzzi,65129,687,Blane MacCarrick,580-738-8592,spouse,386,11/9/2013
387,Reiko,Casbourne,28,rcasbourneaq@bbb.org,259,109,Training,46360.94,7/5/2017,853-305-3644,7417 Shoshone Hill,Pescara,Abruzzi,65129,914,Reiko Casbourne,281-264-3926,sibling,387,5/24/2017
388,Genny,Arnout,42,garnoutar@theglobeandmail.com,148,23,Research and Development,118266.76,11/29/2012,227-737-7414,7148 Corben Court,Pescara,Abruzzi,65129,788,Genny Arnout,524-894-2508,parent,388,3/19/2018
389,Dyana,Tour,45,dtouras@scribd.com,379,840,Sales,115321.96,11/6/2013,234-168-7396,859 7th Avenue,Pescara,Abruzzi,65129,83,Dyana Tour,373-172-1515,parent,389,2/8/2015
390,Roosevelt,Gunby,63,rgunbyat@cdc.gov,691,815,Human Resources,57907.0,11/8/2010,308-351-6034,4 Transport Circle,Pescara,Abruzzi,65129,63,Roosevelt Gunby,746-780-4112,parent,390,1/31/2021
391,Jenn,Del Dello,56,jdelau@google.com.au,757,827,Support,116065.57,2/11/2019,934-530-5065,1 Twin Pines Way,Pescara,Abruzzi,65129,45,Jenn Del Dello,322-197-9280,sibling,391,4/25/2021
392,Jeff,Fidelli,27,jfidelliav@comsenz.com,868,715,Accounting,113033.16,2/11/2011,751-150-2348,355 Cordelia Avenue,Pescara,Abruzzi,65129,817,Jeff Fidelli,735-825-7381,spouse,392,11/30/2011
393,Berta,De Stoop,57,bdeaw@stumbleupon.com,613,26,Training,89856.13,12/23/2019,964-446-5313,96887 Amoth Court,Pescara,Abruzzi,65129,631,Berta De Stoop,204-246-5112,spouse,393,6/8/2018
394,Kati,Grice,43,kgriceax@moonfruit.com,365,419,Training,68293.27,5/2/2011,602-408-6262,95 Loeprich Way,Pescara,Abruzzi,65129,460,Kati Grice,682-983-7301,parent,394,5/15/2019
395,Sherwin,Tyers,65,styersay@washington.edu,989,195,Marketing,59432.23,5/30/2014,217-117-1542,20716 Declaration Road,Pescara,Abruzzi,65129,924,Sherwin Tyers,887-117-9348,friend,395,1/2/2015
396,Bettine,Scorey,34,bscoreyaz@xing.com,259,990,Engineering,118152.73,2/1/2021,863-664-1398,32708 Kings Way,Pescara,Abruzzi,65129,374,Bettine Scorey,760-834-1436,spouse,396,10/31/2011
397,Rori,O'Driscole,58,rodriscoleb0@usnews.com,924,850,Marketing,46921.18,6/28/2017,240-658-8243,7827 Southridge Trail,Pescara,Abruzzi,65129,560,Rori O'Driscole,997-621-4968,sibling,397,2/5/2013
398,Isaak,Schonfelder,53,ischonfelderb1@prnewswire.com,387,800,Legal,129389.46,3/25/2014,679-451-9742,74815 Fair Oaks Alley,Pescara,Abruzzi,65129,913,Isaak Schonfelder,535-873-5901,friend,398,12/19/2013
399,Celestine,Goodbarr,51,cgoodbarrb2@ezinearticles.com,932,121,Research and Development,60619.28,11/4/2012,823-339-1234,82 Moose Alley,Pescara,Abruzzi,65129,451,Celestine Goodbarr,434-819-1997,sibling,399,6/25/2017
400,Tamma,McKague,43,tmckagueb3@cloudflare.com,736,951,Product Management,84403.09,10/26/2010,181-377-0426,2 Monterey Court,Pescara,Abruzzi,65129,732,Tamma McKague,203-403-4899,friend,400,11/24/2018
401,Sherline,Dalling,19,sdallingb4@networksolutions.com,310,690,Training,141725.87,5/25/2022,153-334-8745,01533 Washington Plaza,Pescara,Abruzzi,65129,571,Sherline Dalling,811-568-0403,spouse,401,12/12/2011
402,Sharla,Fyers,39,sfyersb5@samsung.com,572,626,Human Resources,39707.57,10/19/2020,862-278-0830,61 Shelley Parkway,Pescara,Abruzzi,65129,4,Sharla Fyers,768-914-5847,spouse,402,9/9/2019
403,Jeffy,Haldenby,34,jhaldenbyb6@wunderground.com,566,204,Engineering,39595.06,11/12/2017,626-890-7596,74 Westerfield Alley,Pescara,Abruzzi,65129,839,Jeffy Haldenby,173-385-3153,friend,403,9/25/2016
404,Diannne,Blastock,39,dblastockb7@latimes.com,208,896,Research and Development,131524.12,3/31/2012,667-491-2764,95 Sundown Terrace,Pescara,Abruzzi,65129,390,Diannne Blastock,294-197-6038,spouse,404,9/19/2017
405,Anstice,Horstead,62,ahorsteadb8@ocn.ne.jp,211,124,Marketing,33723.02,1/23/2015,715-500-9929,130 Washington Pass,Pescara,Abruzzi,65129,947,Anstice Horstead,205-757-1117,parent,405,7/8/2021
406,Claiborne,Cornewell,44,ccornewellb9@addtoany.com,415,545,Accounting,95278.32,1/25/2010,661-157-2521,48791 Kenwood Junction,Pescara,Abruzzi,65129,464,Claiborne Cornewell,775-578-1455,friend,406,12/10/2010
407,Poppy,Halbord,26,phalbordba@amazon.co.jp,603,686,Accounting,58380.01,11/13/2017,717-247-4095,812 Lotheville Center,Pescara,Abruzzi,65129,690,Poppy Halbord,309-192-2542,friend,407,1/14/2015
408,Heather,Beadman,62,hbeadmanbb@soup.io,10,719,Research and Development,87651.45,6/26/2011,462-647-7222,49 Ilene Crossing,Pescara,Abruzzi,65129,932,Heather Beadman,464-186-3931,spouse,408,3/12/2021
409,Maridel,Nice,19,mnicebc@utexas.edu,324,942,Services,113186.14,2/3/2017,315-502-1439,1346 Washington Alley,Pescara,Abruzzi,65129,688,Maridel Nice,504-556-2149,parent,409,7/8/2010
410,Pincus,Rau,31,praubd@mayoclinic.com,976,541,Marketing,137561.81,11/2/2016,143-687-2537,820 Larry Place,Pescara,Abruzzi,65129,778,Pincus Rau,574-759-2249,sibling,410,12/2/2012
411,Tom,Colbeck,49,tcolbeckbe@state.gov,450,641,Legal,46488.78,4/27/2011,650-801-5925,866 Norway Maple Crossing,Pescara,Abruzzi,65129,803,Tom Colbeck,100-325-7522,spouse,411,5/15/2011
412,Lonna,Cholerton,47,lcholertonbf@google.de,170,129,Accounting,82375.1,12/16/2013,109-234-2185,961 Twin Pines Point,Pescara,Abruzzi,65129,176,Lonna Cholerton,371-388-5488,spouse,412,8/11/2014
413,Carlie,Elizabeth,65,celizabethbg@ifeng.com,624,563,Product Management,105109.39,7/1/2016,453-348-3262,9 Hoard Lane,Pescara,Abruzzi,65129,905,Carlie Elizabeth,776-220-0151,spouse,413,1/6/2022
414,Aundrea,Ludy,54,aludybh@moonfruit.com,399,271,Legal,60458.78,3/15/2018,341-577-1583,17 Sullivan Place,Pescara,Abruzzi,65129,818,Aundrea Ludy,200-276-6758,sibling,414,5/10/2018
415,Renae,Bickerdyke,61,rbickerdykebi@state.tx.us,645,21,Support,119308.31,4/11/2021,859-602-8639,846 Mitchell Drive,Pescara,Abruzzi,65129,470,Renae Bickerdyke,849-868-7344,spouse,415,9/15/2020
416,Tine,Alliker,42,tallikerbj@cafepress.com,96,313,Engineering,125441.85,1/9/2018,503-220-9087,2 Towne Street,Pescara,Abruzzi,65129,409,Tine Alliker,469-541-4221,friend,416,11/16/2013
417,Haley,Brinded,27,hbrindedbk@home.pl,778,779,Support,88567.71,7/18/2016,392-636-9341,557 Meadow Valley Place,Pescara,Abruzzi,65129,520,Haley Brinded,868-606-5203,parent,417,4/8/2013
418,Bent,Ensley,52,bensleybl@bbb.org,813,619,Support,111696.01,12/15/2020,661-541-3625,38751 Briar Crest Street,Pescara,Abruzzi,65129,645,Bent Ensley,975-697-5783,sibling,418,10/1/2017
419,Torrin,Christie,63,tchristiebm@photobucket.com,344,733,Accounting,50811.78,2/11/2010,725-825-9283,768 East Court,Pescara,Abruzzi,65129,83,Torrin Christie,594-675-5124,friend,419,12/5/2020
420,Vincents,Delmonti,28,vdelmontibn@washingtonpost.com,585,897,Sales,31549.69,5/9/2014,480-725-4521,32324 Gulseth Point,Pescara,Abruzzi,65129,316,Vincents Delmonti,974-729-1863,sibling,420,3/16/2020
421,Magdaia,Cleator,19,mcleatorbo@imageshack.us,95,886,Accounting,51253.02,10/11/2010,646-236-2301,07070 Green Ridge Court,Pescara,Abruzzi,65129,234,Magdaia Cleator,729-797-3696,sibling,421,3/7/2013
422,Rance,Nineham,41,rninehambp@rakuten.co.jp,343,647,Business Development,123172.89,1/23/2018,195-823-9365,54269 Bowman Street,Pescara,Abruzzi,65129,322,Rance Nineham,774-674-1472,friend,422,10/6/2012
423,Walker,Votier,57,wvotierbq@amazon.co.jp,876,905,Research and Development,72597.38,1/5/2015,124-691-6441,4578 Kingsford Alley,Pescara,Abruzzi,65129,967,Walker Votier,206-730-1631,friend,423,10/6/2011
424,Marena,Thouless,31,mthoulessbr@merriam-webster.com,905,973,Support,75331.41,5/2/2022,642-244-9052,90 Onsgard Plaza,Pescara,Abruzzi,65129,343,Marena Thouless,822-315-3264,friend,424,1/5/2014
425,Neill,D'orsay,28,ndorsaybs@va.gov,391,731,Sales,131902.0,5/31/2010,137-331-5448,7950 Fieldstone Place,Pescara,Abruzzi,65129,96,Neill D'orsay,654-701-4761,parent,425,1/6/2019
426,Chrissie,Jindra,49,cjindrabt@ftc.gov,751,768,Human Resources,110801.39,1/18/2022,443-362-0703,6026 Elka Lane,Pescara,Abruzzi,65129,927,Chrissie Jindra,772-972-4062,friend,426,1/10/2013
427,Reynold,O'Duilleain,21,roduilleainbu@reference.com,289,87,Human Resources,90062.85,9/25/2020,145-267-0623,59880 Rowland Point,Pescara,Abruzzi,65129,544,Reynold O'Duilleain,198-796-5922,spouse,427,3/28/2014
428,Skip,Wimbury,36,swimburybv@newsvine.com,628,199,Research and Development,79261.96,6/15/2021,296-629-9051,15 Vidon Way,Pescara,Abruzzi,65129,39,Skip Wimbury,245-880-0010,sibling,428,11/3/2018
429,Nert,Pietesch,64,npieteschbw@freewebs.com,85,28,Product Management,39447.37,11/18/2014,295-211-6085,55 Longview Hill,Pescara,Abruzzi,65129,567,Nert Pietesch,885-730-4625,sibling,429,2/27/2012
430,Ado,Tondeur,45,atondeurbx@cbslocal.com,651,599,Training,65271.98,9/19/2010,473-756-0744,29 West Drive,Pescara,Abruzzi,65129,853,Ado Tondeur,532-488-5177,spouse,430,4/14/2011
431,Ricard,Hew,59,rhewby@patch.com,38,901,Research and Development,116200.27,2/19/2020,248-840-2027,98242 Hermina Way,Pescara,Abruzzi,65129,596,Ricard Hew,825-342-1789,spouse,431,12/28/2012
432,Harbert,O'Lennachain,49,holennachainbz@kickstarter.com,26,536,Human Resources,105058.31,10/10/2012,573-926-7010,79 Scott Court,Pescara,Abruzzi,65129,575,Harbert O'Lennachain,572-690-8568,parent,432,11/26/2012
433,Tina,Haworth,60,thaworthc0@pcworld.com,554,405,Sales,56654.76,6/24/2022,102-535-6070,38293 Swallow Point,Pescara,Abruzzi,65129,872,Tina Haworth,755-365-1618,parent,433,2/14/2013
434,Karim,Deacock,46,kdeacockc1@cnbc.com,404,973,Marketing,133950.54,7/3/2018,399-390-1716,963 Veith Trail,Pescara,Abruzzi,65129,396,Karim Deacock,643-490-0925,friend,434,12/5/2011
435,Leonardo,Rostron,44,lrostronc2@webeden.co.uk,197,908,Legal,70229.08,1/3/2014,427-663-1878,57 Prentice Trail,Pescara,Abruzzi,65129,64,Leonardo Rostron,507-974-6818,parent,435,11/3/2022
436,Homer,Tulk,49,htulkc3@china.com.cn,500,614,Support,63669.71,4/29/2013,337-253-0786,864 Corscot Court,Pescara,Abruzzi,65129,505,Homer Tulk,376-874-5881,friend,436,12/30/2018
437,Carin,Ayree,65,cayreec4@lycos.com,826,589,Human Resources,149319.9,6/14/2013,811-552-6846,466 Nelson Alley,Pescara,Abruzzi,65129,823,Carin Ayree,329-340-5330,spouse,437,8/31/2021
438,Sheffie,Menure,58,smenurec5@independent.co.uk,342,557,Services,96925.36,9/25/2022,600-656-8518,82 Sugar Alley,Pescara,Abruzzi,65129,936,Sheffie Menure,311-726-5802,friend,438,1/26/2021
439,Marshal,Bemrose,57,mbemrosec6@cnbc.com,49,169,Research and Development,61231.25,12/31/2013,545-950-1127,49784 Emmet Point,Pescara,Abruzzi,65129,461,Marshal Bemrose,611-362-0855,spouse,439,5/30/2019
440,Patrizia,M'Quhan,53,pmquhanc7@last.fm,121,87,Human Resources,59804.84,1/25/2022,581-335-9437,2 Sunnyside Junction,Pescara,Abruzzi,65129,726,Patrizia M'Quhan,220-383-7140,spouse,440,8/20/2010
441,Lyell,Bygrove,37,lbygrovec8@mac.com,517,335,Sales,42850.89,1/5/2014,869-895-2018,40465 Arapahoe Point,Pescara,Abruzzi,65129,857,Lyell Bygrove,245-934-0252,parent,441,11/19/2019
442,Milzie,Brelsford,35,mbrelsfordc9@icio.us,399,287,Business Development,69604.86,2/21/2014,225-727-5746,33 Carioca Hill,Pescara,Abruzzi,65129,901,Milzie Brelsford,766-551-9414,spouse,442,3/20/2021
443,Humfrey,Beaven,27,hbeavenca@wired.com,567,191,Accounting,112890.62,11/16/2019,462-123-7595,8 Carpenter Place,Pescara,Abruzzi,65129,557,Humfrey Beaven,254-209-6729,sibling,443,4/30/2014
444,Jacquie,Mayer,36,jmayercb@webmd.com,617,105,Sales,99994.23,5/4/2013,922-747-7153,72 Fordem Alley,Pescara,Abruzzi,65129,993,Jacquie Mayer,305-434-6993,sibling,444,12/5/2021
445,Noach,Snepp,39,nsneppcc@independent.co.uk,621,363,Services,66446.78,1/11/2011,337-329-2584,75 Division Crossing,Pescara,Abruzzi,65129,170,Noach Snepp,157-532-4795,spouse,445,12/29/2012
446,Agatha,Shepherd,56,ashepherdcd@woothemes.com,304,123,Product Management,32071.99,10/9/2017,286-427-7051,4 Derek Pass,Pescara,Abruzzi,65129,951,Agatha Shepherd,683-771-7455,parent,446,11/18/2015
447,Aryn,Sowte,56,asowtece@ted.com,232,746,Accounting,141990.08,4/1/2010,459-327-2292,5 Summerview Plaza,Pescara,Abruzzi,65129,252,Aryn Sowte,805-861-8133,parent,447,11/28/2020
448,Norton,Buttwell,59,nbuttwellcf@stanford.edu,929,270,Product Management,109053.48,10/11/2011,291-549-8956,580 Gulseth Parkway,Pescara,Abruzzi,65129,581,Norton Buttwell,444-844-5571,spouse,448,7/18/2010
449,Menard,Ormond,24,mormondcg@storify.com,808,940,Sales,80438.93,4/30/2013,416-401-1466,61 Rutledge Trail,Pescara,Abruzzi,65129,230,Menard Ormond,310-368-0435,parent,449,7/15/2014
450,Charley,Norfolk,28,cnorfolkch@businessinsider.com,388,807,Product Management,136886.39,6/22/2016,916-457-1218,8053 Crownhardt Drive,Pescara,Abruzzi,65129,860,Charley Norfolk,626-263-2582,friend,450,11/3/2020
451,Ernestus,Lesurf,36,elesurfci@eepurl.com,678,193,Accounting,48688.1,3/6/2011,930-140-1872,52 Northridge Hill,Pescara,Abruzzi,65129,560,Ernestus Lesurf,187-483-4165,parent,451,6/3/2014
452,Lucio,Fantonetti,52,lfantonetticj@blog.com,590,806,Research and Development,133632.31,11/17/2019,346-824-7127,53 Cambridge Way,Pescara,Abruzzi,65129,350,Lucio Fantonetti,197-663-3622,sibling,452,3/2/2018
453,Mirabelle,Wilacot,35,mwilacotck@skype.com,563,430,Business Development,131127.8,3/28/2019,570-963-1146,7 Bartillon Avenue,Pescara,Abruzzi,65129,36,Mirabelle Wilacot,744-563-0614,sibling,453,3/17/2015
454,Bert,Alster,61,balstercl@businessweek.com,306,347,Engineering,119292.88,12/13/2015,875-934-6794,297 Jenna Junction,Pescara,Abruzzi,65129,394,Bert Alster,427-493-6877,parent,454,2/29/2016
455,Baron,McCard,56,bmccardcm@xinhuanet.com,116,738,Legal,125287.5,9/9/2019,333-156-6671,6409 Prentice Way,Pescara,Abruzzi,65129,278,Baron McCard,110-232-5806,parent,455,12/8/2010
456,Che,Gallally,36,cgallallycn@opera.com,905,847,Engineering,136920.41,8/4/2021,638-116-2412,1 Raven Point,Pescara,Abruzzi,65129,117,Che Gallally,978-501-9868,friend,456,10/29/2014
457,Carmon,Mandal,39,cmandalco@cornell.edu,247,5,Training,144697.92,4/7/2016,637-709-3448,7384 Brentwood Terrace,Pescara,Abruzzi,65129,500,Carmon Mandal,614-551-5151,parent,457,7/13/2021
458,Stanwood,Grisenthwaite,20,sgrisenthwaitecp@issuu.com,114,262,Services,128718.03,7/15/2019,938-318-3974,1470 Kenwood Trail,Pescara,Abruzzi,65129,592,Stanwood Grisenthwaite,813-980-5019,friend,458,8/10/2011
459,Dorothy,Laraway,18,dlarawaycq@imageshack.us,274,22,Accounting,68297.31,7/1/2016,360-508-6074,8 Vera Alley,Pescara,Abruzzi,65129,443,Dorothy Laraway,518-175-3224,parent,459,11/7/2011
460,Marleah,Gisborne,31,mgisbornecr@cam.ac.uk,142,918,Sales,95527.53,2/2/2010,884-190-0868,5284 Anthes Point,Pescara,Abruzzi,65129,687,Marleah Gisborne,355-425-2911,sibling,460,11/12/2019
461,Quinn,Morais,22,qmoraiscs@discuz.net,191,69,Engineering,137447.23,12/12/2018,954-882-0525,5915 Beilfuss Way,Pescara,Abruzzi,65129,505,Quinn Morais,721-535-7674,friend,461,8/7/2010
462,Tybalt,Alliot,37,talliotct@reuters.com,563,975,Engineering,36171.05,7/18/2016,326-554-6292,86 Manitowish Drive,Pescara,Abruzzi,65129,378,Tybalt Alliot,365-362-3999,spouse,462,5/21/2021
463,Rollo,Kramer,47,rkramercu@about.me,998,352,Accounting,38460.63,11/19/2014,217-411-9782,3 Saint Paul Avenue,Pescara,Abruzzi,65129,853,Rollo Kramer,544-833-1497,sibling,463,3/20/2012
464,Mirabelle,Boshers,26,mbosherscv@go.com,341,713,Support,88393.43,7/28/2013,400-535-1545,88 Hauk Plaza,Pescara,Abruzzi,65129,83,Mirabelle Boshers,482-396-2157,parent,464,4/2/2011
465,Pier,Rubra,30,prubracw@nydailynews.com,70,406,Marketing,42244.49,2/21/2019,850-284-7210,78076 Tennessee Way,Pescara,Abruzzi,65129,574,Pier Rubra,801-312-1744,friend,465,12/27/2015
466,Britteny,De Marchi,25,bdecx@a8.net,944,669,Marketing,127435.92,1/29/2010,701-601-6620,52860 Paget Junction,Pescara,Abruzzi,65129,116,Britteny De Marchi,264-164-2500,sibling,466,1/11/2011
467,Jobye,Wedgwood,33,jwedgwoodcy@msu.edu,370,352,Legal,143252.19,5/24/2018,736-455-1181,98774 Brentwood Circle,Pescara,Abruzzi,65129,581,Jobye Wedgwood,933-100-0138,spouse,467,1/21/2016
468,Cale,Learmont,60,clearmontcz@engadget.com,290,998,Accounting,143650.65,5/29/2012,428-581-0418,5 Mcbride Junction,Pescara,Abruzzi,65129,775,Cale Learmont,244-666-7181,sibling,468,3/4/2021
469,Rahal,Bordes,51,rbordesd0@dailymotion.com,444,338,Human Resources,94207.74,8/5/2021,232-965-0292,45619 Pepper Wood Avenue,Pescara,Abruzzi,65129,542,Rahal Bordes,358-688-0767,friend,469,5/5/2010
470,Angelita,Ambresin,57,aambresind1@pcworld.com,429,564,Sales,62517.41,6/30/2015,770-493-0306,7025 Hauk Street,Pescara,Abruzzi,65129,227,Angelita Ambresin,726-633-3151,friend,470,8/4/2022
471,Issie,Winear,29,iwineard2@guardian.co.uk,951,823,Training,43510.1,9/7/2014,117-977-5668,13659 Starling Pass,Pescara,Abruzzi,65129,122,Issie Winear,809-752-3689,friend,471,8/25/2012
472,Alanah,Esley,53,aesleyd3@businessinsider.com,308,48,Accounting,63176.03,1/24/2015,834-652-3868,89 Division Court,Pescara,Abruzzi,65129,393,Alanah Esley,880-273-3276,friend,472,6/7/2016
473,Elenore,Jozef,19,ejozefd4@usnews.com,864,123,Training,110691.16,12/18/2010,977-891-4090,4923 Bultman Circle,Pescara,Abruzzi,65129,364,Elenore Jozef,912-579-6420,friend,473,5/15/2022
474,Darcie,Brizell,30,dbrizelld5@ocn.ne.jp,533,692,Marketing,61503.15,11/11/2013,291-568-8719,0910 Riverside Avenue,Pescara,Abruzzi,65129,513,Darcie Brizell,136-127-6574,sibling,474,10/21/2011
475,Elsie,Mazonowicz,48,emazonowiczd6@surveymonkey.com,202,250,Marketing,81477.98,7/30/2014,218-637-0632,69 Daystar Alley,Pescara,Abruzzi,65129,738,Elsie Mazonowicz,882-480-5486,spouse,475,11/20/2010
476,Yetta,Giocannoni,63,ygiocannonid7@umich.edu,487,893,Engineering,79859.28,12/19/2020,887-756-9003,153 Golf View Hill,Pescara,Abruzzi,65129,278,Yetta Giocannoni,138-572-9597,friend,476,11/19/2012
477,Alexander,Buyers,63,abuyersd8@wsj.com,259,195,Training,54101.19,11/12/2016,711-468-5191,3366 Burning Wood Point,Pescara,Abruzzi,65129,488,Alexander Buyers,537-548-5933,parent,477,6/6/2020
478,Chelsae,Caramuscia,29,ccaramusciad9@upenn.edu,257,645,Product Management,138116.23,12/3/2019,728-986-6124,2 Starling Way,Pescara,Abruzzi,65129,507,Chelsae Caramuscia,161-947-9460,spouse,478,12/15/2017
479,Ermengarde,De La Hay,50,ededa@cdc.gov,573,687,Accounting,55036.88,4/23/2017,302-456-7700,62766 Tony Center,Pescara,Abruzzi,65129,565,Ermengarde De La Hay,337-635-9825,friend,479,5/3/2016
480,Durand,Ledgeway,19,dledgewaydb@pagesperso-orange.fr,702,89,Accounting,86889.82,5/7/2015,427-279-3387,5 Bobwhite Avenue,Pescara,Abruzzi,65129,637,Durand Ledgeway,701-493-6637,parent,480,5/11/2012
481,Sibley,Mohammad,47,smohammaddc@reference.com,449,987,Accounting,138580.59,8/30/2021,879-780-0269,6 Packers Pass,Pescara,Abruzzi,65129,854,Sibley Mohammad,711-841-1992,friend,481,10/12/2018
482,Sam,Carletto,47,scarlettodd@nymag.com,968,561,Research and Development,85108.64,3/15/2022,323-769-7691,264 Sherman Pass,Pescara,Abruzzi,65129,880,Sam Carletto,947-967-2478,parent,482,1/22/2022
483,Clerkclaude,Wipper,64,cwipperde@toplist.cz,645,424,Human Resources,63835.53,7/5/2022,439-185-9189,40315 Orin Lane,Pescara,Abruzzi,65129,992,Clerkclaude Wipper,237-975-0336,parent,483,1/19/2013
484,Burr,Broadhead,60,bbroadheaddf@wsj.com,719,1000,Support,47766.28,2/11/2019,724-466-9626,4477 Eastwood Avenue,Pescara,Abruzzi,65129,520,Burr Broadhead,998-935-1042,parent,484,9/29/2018
485,Sibby,Tadlow,46,stadlowdg@slate.com,689,368,Research and Development,95662.54,3/31/2022,385-894-2973,109 Troy Hill,Pescara,Abruzzi,65129,240,Sibby Tadlow,903-105-2355,friend,485,3/4/2022
486,Sebastian,Grunbaum,28,sgrunbaumdh@wired.com,788,648,Support,33791.06,12/29/2013,133-598-8263,8 Russell Crossing,Pescara,Abruzzi,65129,416,Sebastian Grunbaum,540-600-3158,friend,486,10/30/2021
487,Lowell,Chase,48,lchasedi@sun.com,383,725,Business Development,43429.78,10/21/2019,400-168-2194,8172 Northwestern Street,Pescara,Abruzzi,65129,249,Lowell Chase,651-426-3651,sibling,487,10/9/2020
488,Lynn,Jurczak,55,ljurczakdj@tumblr.com,530,735,Legal,60055.08,12/24/2022,184-914-4547,4 Lawn Place,Pescara,Abruzzi,65129,757,Lynn Jurczak,610-863-2543,spouse,488,5/21/2014
489,Agnola,Vasiljevic,53,avasiljevicdk@example.com,730,416,Sales,127210.13,11/8/2016,272-191-7103,5066 Northfield Drive,Pescara,Abruzzi,65129,320,Agnola Vasiljevic,839-516-6746,parent,489,3/1/2015
490,Catlaina,Laxen,65,claxendl@wisc.edu,891,91,Engineering,144303.29,4/20/2017,544-269-8194,57 Rusk Terrace,Pescara,Abruzzi,65129,621,Catlaina Laxen,824-195-5186,parent,490,6/6/2018
491,Giana,Bolingbroke,26,gbolingbrokedm@ifeng.com,685,491,Marketing,79588.41,3/22/2011,670-579-2451,265 Iowa Lane,Pescara,Abruzzi,65129,6,Giana Bolingbroke,823-547-9682,sibling,491,5/3/2015
492,Cyndy,Fatscher,62,cfatscherdn@boston.com,294,497,Training,55620.4,8/17/2019,769-476-0583,065 Mcguire Road,Pescara,Abruzzi,65129,178,Cyndy Fatscher,474-427-2069,spouse,492,6/10/2011
493,Marys,Hazeldene,55,mhazeldenedo@china.com.cn,670,729,Services,102912.43,12/5/2022,347-459-5473,27 Bluestem Street,Pescara,Abruzzi,65129,329,Marys Hazeldene,946-467-4080,friend,493,12/22/2011
494,Reynolds,Avery,24,raverydp@economist.com,560,953,Legal,65055.88,6/24/2017,581-885-7844,0 Lakewood Gardens Way,Pescara,Abruzzi,65129,136,Reynolds Avery,893-551-8994,parent,494,2/23/2010
495,Eva,Braley,29,ebraleydq@senate.gov,79,995,Accounting,95216.58,2/2/2019,332-701-8529,1629 High Crossing Parkway,Pescara,Abruzzi,65129,799,Eva Braley,952-133-8050,friend,495,5/27/2022
496,Moss,Petera,55,mpeteradr@alexa.com,193,771,Services,92131.25,9/19/2018,804-732-1746,2 Sage Court,Pescara,Abruzzi,65129,374,Moss Petera,794-790-6220,parent,496,1/8/2015
497,Eleanore,Meddows,21,emeddowsds@oakley.com,395,183,Sales,108239.0,11/6/2017,845-628-3359,83 Derek Plaza,Pescara,Abruzzi,65129,511,Eleanore Meddows,564-759-6616,sibling,497,9/6/2020
498,Wilbur,Smittoune,33,wsmittounedt@about.me,143,369,Human Resources,145228.26,2/11/2012,784-106-5845,5 Eagan Drive,Pescara,Abruzzi,65129,114,Wilbur Smittoune,666-248-5072,parent,498,6/2/2017
499,Corrie,McVity,57,cmcvitydu@wiley.com,527,176,Sales,37368.6,2/13/2011,294-876-7734,4449 Stang Trail,Pescara,Abruzzi,65129,864,Corrie McVity,882-471-2002,spouse,499,6/2/2017
500,Fabe,Comoletti,21,fcomolettidv@comsenz.com,645,145,Support,85590.92,4/3/2016,342-403-9781,3 Milwaukee Road,Pescara,Abruzzi,65129,1000,Fabe Comoletti,349-555-1071,parent,500,3/26/2018
501,Tate,Whittlesee,42,twhittleseedw@ocn.ne.jp,554,73,Legal,130656.34,8/14/2019,417-279-9398,65054 Crowley Lane,Pescara,Abruzzi,65129,106,Tate Whittlesee,711-979-1001,sibling,501,6/5/2018
502,Lexis,Boynes,34,lboynesdx@bbc.co.uk,389,777,Legal,123297.45,4/8/2012,519-659-4265,2679 North Street,Pescara,Abruzzi,65129,804,Lexis Boynes,171-939-6640,spouse,502,9/25/2015
503,Seana,Shrigley,22,sshrigleydy@spiegel.de,248,594,Training,37619.63,2/19/2020,948-761-6607,9221 Sunfield Terrace,Pescara,Abruzzi,65129,213,Seana Shrigley,913-252-1174,parent,503,12/7/2010
504,Gisele,Hazelby,23,ghazelbydz@mac.com,959,912,Business Development,106630.71,10/6/2014,835-898-9960,4847 Crowley Street,Pescara,Abruzzi,65129,188,Gisele Hazelby,988-918-5201,spouse,504,10/25/2015
505,Melamie,Attlee,29,mattleee0@wordpress.com,96,527,Engineering,60795.73,7/30/2015,862-235-4440,79857 Drewry Court,Pescara,Abruzzi,65129,153,Melamie Attlee,424-127-5115,sibling,505,5/17/2019
506,Emerson,Ible,61,eiblee1@unicef.org,122,43,Accounting,144903.87,10/26/2019,598-327-8996,2610 Dexter Terrace,Pescara,Abruzzi,65129,55,Emerson Ible,734-848-4897,sibling,506,12/13/2011
507,Chrissy,Gerriessen,25,cgerriessene2@usda.gov,849,419,Engineering,34295.99,6/19/2013,529-120-9598,97 Kim Crossing,Pescara,Abruzzi,65129,541,Chrissy Gerriessen,809-902-2345,spouse,507,4/11/2013
508,Alexine,Dounbare,19,adounbaree3@latimes.com,508,724,Business Development,134085.33,10/30/2022,934-901-2950,6426 Carey Plaza,Pescara,Abruzzi,65129,762,Alexine Dounbare,368-267-5019,spouse,508,4/21/2017
509,Keefe,Pole,36,kpolee4@scientificamerican.com,197,258,Business Development,40093.84,5/14/2016,873-349-1724,506 Anzinger Avenue,Pescara,Abruzzi,65129,96,Keefe Pole,333-669-0109,spouse,509,12/18/2020
510,Care,Santori,34,csantorie5@wikia.com,550,755,Support,30013.06,3/6/2022,587-913-8016,4 Fisk Point,Pescara,Abruzzi,65129,798,Care Santori,543-987-3922,sibling,510,1/23/2017
511,Regan,Brydell,56,rbrydelle6@google.pl,744,656,Human Resources,137205.55,1/18/2015,299-493-1817,348 Surrey Point,Pescara,Abruzzi,65129,468,Regan Brydell,515-761-5106,friend,511,9/23/2018
512,Mellie,Giraldon,22,mgiraldone7@naver.com,232,933,Accounting,61544.69,3/24/2011,389-228-2502,4256 Merry Park,Pescara,Abruzzi,65129,767,Mellie Giraldon,985-853-7158,friend,512,10/22/2022
513,Deedee,Bockmann,41,dbockmanne8@topsy.com,575,894,Engineering,145643.33,11/25/2022,579-580-6629,78587 Stoughton Point,Pescara,Abruzzi,65129,340,Deedee Bockmann,640-477-7889,sibling,513,8/30/2017
514,Twila,Orris,34,torrise9@timesonline.co.uk,859,780,Legal,72142.51,3/2/2019,458-133-6117,13531 Aberg Place,Pescara,Abruzzi,65129,529,Twila Orris,756-523-2676,sibling,514,8/20/2016
515,Vincent,Edward,19,vedwardea@yellowbook.com,798,169,Business Development,63871.86,12/26/2010,785-332-8647,56 Birchwood Circle,Pescara,Abruzzi,65129,278,Vincent Edward,616-767-1246,sibling,515,12/27/2013
516,Guido,Pladen,36,gpladeneb@usa.gov,746,184,Human Resources,138587.17,6/28/2012,623-727-7384,9313 Rieder Street,Pescara,Abruzzi,65129,696,Guido Pladen,220-806-8854,friend,516,1/7/2010
517,Kennedy,Symonds,55,ksymondsec@statcounter.com,876,852,Services,107610.49,5/27/2022,994-578-7858,037 John Wall Hill,Pescara,Abruzzi,65129,16,Kennedy Symonds,284-250-6045,spouse,517,4/6/2014
518,Gael,Marten,23,gmartened@uiuc.edu,779,176,Engineering,132351.44,4/21/2017,268-805-7699,04 Hallows Point,Pescara,Abruzzi,65129,149,Gael Marten,591-533-8852,parent,518,12/12/2020
519,Aubry,Carlens,51,acarlensee@wikia.com,105,447,Accounting,142945.33,9/29/2010,780-863-7972,43304 Hudson Drive,Pescara,Abruzzi,65129,988,Aubry Carlens,423-379-9937,spouse,519,10/12/2012
520,Meyer,Woolveridge,51,mwoolveridgeef@barnesandnoble.com,600,881,Research and Development,54945.77,4/2/2012,304-633-2088,5901 Waxwing Avenue,Pescara,Abruzzi,65129,169,Meyer Woolveridge,719-339-6278,parent,520,4/20/2018
521,Tybi,Easter,30,teastereg@spiegel.de,535,632,Marketing,36162.32,1/31/2020,725-969-8914,99 Judy Junction,Pescara,Abruzzi,65129,677,Tybi Easter,772-878-9274,friend,521,4/1/2013
522,Ina,Philcott,22,iphilcotteh@trellian.com,212,722,Research and Development,108449.94,4/25/2015,663-458-6404,265 Lyons Street,Pescara,Abruzzi,65129,670,Ina Philcott,464-310-9451,friend,522,8/18/2016
523,Mic,Castellan,20,mcastellanei@unicef.org,169,597,Human Resources,51116.74,6/1/2013,540-746-2807,2371 Barby Drive,Pescara,Abruzzi,65129,553,Mic Castellan,525-329-4408,friend,523,3/16/2022
524,Gail,Lief,55,gliefej@economist.com,708,135,Training,47296.61,7/3/2016,539-955-4564,2 Superior Park,Pescara,Abruzzi,65129,516,Gail Lief,538-720-3732,sibling,524,2/21/2013
525,Alicea,Plane,45,aplaneek@yahoo.com,469,858,Support,58609.01,8/6/2021,585-177-0336,68 Spohn Terrace,Pescara,Abruzzi,65129,250,Alicea Plane,326-486-1505,spouse,525,12/14/2018
526,Karyl,Legerwood,57,klegerwoodel@msn.com,619,185,Product Management,30457.95,8/31/2020,515-858-6435,56 Del Mar Drive,Pescara,Abruzzi,65129,4,Karyl Legerwood,924-591-2858,friend,526,8/21/2016
527,Dion,Swatridge,24,dswatridgeem@ucsd.edu,667,61,Services,59845.45,11/16/2019,402-310-9597,28546 Del Mar Terrace,Pescara,Abruzzi,65129,358,Dion Swatridge,614-535-2199,spouse,527,12/12/2014
528,Ashlie,Verbrugghen,42,averbrugghenen@google.co.jp,692,366,Sales,91150.99,5/11/2019,823-426-6716,48 Main Terrace,Pescara,Abruzzi,65129,101,Ashlie Verbrugghen,258-209-3431,spouse,528,2/20/2021
529,Dennison,Iacomi,32,diacomieo@liveinternet.ru,190,602,Engineering,147906.53,11/11/2014,800-649-7826,74907 Crownhardt Junction,Pescara,Abruzzi,65129,102,Dennison Iacomi,266-556-8820,parent,529,2/14/2011
530,Nappie,Greest,31,ngreestep@examiner.com,879,292,Research and Development,71300.9,9/19/2018,920-330-9529,43 Hanson Plaza,Pescara,Abruzzi,65129,477,Nappie Greest,607-657-2004,spouse,530,3/19/2011
531,Dredi,Orable,47,dorableeq@si.edu,550,846,Support,85026.99,4/4/2019,151-139-1027,9 Morning Street,Pescara,Abruzzi,65129,881,Dredi Orable,127-744-9641,parent,531,3/4/2016
532,Lin,Drayson,54,ldraysoner@mysql.com,941,252,Engineering,146537.74,2/9/2016,383-666-6370,3722 Barnett Parkway,Pescara,Abruzzi,65129,552,Lin Drayson,874-759-9606,sibling,532,10/20/2017
533,Drud,Raith,54,draithes@jimdo.com,904,510,Product Management,113352.45,4/8/2018,229-191-8552,63884 Memorial Court,Pescara,Abruzzi,65129,608,Drud Raith,197-880-6414,spouse,533,2/1/2013
534,Horatio,Friedlos,60,hfriedloset@washington.edu,357,317,Support,107902.48,8/8/2021,787-840-0463,9 Homewood Park,Pescara,Abruzzi,65129,362,Horatio Friedlos,150-226-9665,sibling,534,8/1/2011
535,Tessie,Bernadon,29,tbernadoneu@timesonline.co.uk,329,643,Legal,111048.17,7/21/2015,943-591-1106,22 Sauthoff Terrace,Pescara,Abruzzi,65129,890,Tessie Bernadon,210-804-3040,sibling,535,1/4/2016
536,Augusto,Clemot,47,aclemotev@bloomberg.com,805,652,Product Management,148078.51,8/20/2011,454-534-8458,1 Buell Point,Pescara,Abruzzi,65129,181,Augusto Clemot,476-745-0683,spouse,536,7/27/2022
537,Rollins,Christoffels,52,rchristoffelsew@goo.ne.jp,272,282,Engineering,43655.61,10/8/2022,252-495-1064,47839 Judy Plaza,Pescara,Abruzzi,65129,442,Rollins Christoffels,682-734-1734,parent,537,4/15/2021
538,Marys,Dominguez,32,mdominguezex@dyndns.org,777,573,Sales,108178.65,9/16/2022,677-814-7262,428 Sugar Court,Pescara,Abruzzi,65129,789,Marys Dominguez,865-238-0371,parent,538,3/8/2021
539,Benjamen,Luna,26,blunaey@shutterfly.com,511,728,Engineering,36313.33,9/25/2019,854-385-0390,022 Butterfield Place,Pescara,Abruzzi,65129,80,Benjamen Luna,265-568-9269,friend,539,7/23/2015
540,Jan,Charrette,44,jcharretteez@mit.edu,647,932,Training,84194.19,8/4/2010,717-313-6011,43 Anhalt Park,Pescara,Abruzzi,65129,210,Jan Charrette,155-530-5582,spouse,540,1/25/2015
541,Rockwell,Edmonds,53,redmondsf0@elpais.com,787,860,Legal,99177.46,3/6/2011,648-432-3469,5487 Starling Street,Pescara,Abruzzi,65129,746,Rockwell Edmonds,280-192-8908,sibling,541,7/15/2022
542,Desirae,Kastel,58,dkastelf1@hugedomains.com,623,476,Accounting,83990.04,4/23/2012,455-673-0445,3627 Lillian Point,Pescara,Abruzzi,65129,769,Desirae Kastel,367-900-2134,parent,542,12/25/2021
543,Isac,Lowes,19,ilowesf2@elpais.com,60,635,Sales,91114.13,1/5/2010,322-388-7898,2643 Hooker Drive,Pescara,Abruzzi,65129,940,Isac Lowes,191-948-2343,spouse,543,1/23/2020
544,Quincy,Glanville,23,qglanvillef3@google.es,758,270,Sales,140469.81,2/20/2014,736-304-5290,013 Gale Trail,Pescara,Abruzzi,65129,269,Quincy Glanville,979-281-6647,spouse,544,1/1/2013
545,Sol,Springtorpe,63,sspringtorpef4@blogtalkradio.com,770,661,Product Management,61431.14,5/20/2018,784-549-7004,43514 Northview Lane,Pescara,Abruzzi,65129,978,Sol Springtorpe,705-196-0344,sibling,545,2/2/2015
546,Iggy,Navan,38,inavanf5@army.mil,761,188,Legal,48306.71,1/12/2022,441-432-9424,72805 International Point,Pescara,Abruzzi,65129,745,Iggy Navan,957-329-9416,sibling,546,10/19/2014
547,Jilly,Battleson,26,jbattlesonf6@sfgate.com,733,347,Product Management,43241.29,6/26/2020,428-834-1846,123 Gateway Pass,Pescara,Abruzzi,65129,273,Jilly Battleson,672-847-0721,spouse,547,5/12/2011
548,Elfreda,Colhoun,61,ecolhounf7@vistaprint.com,784,3,Support,65083.4,8/16/2011,206-808-1623,807 Hoffman Street,Pescara,Abruzzi,65129,711,Elfreda Colhoun,836-346-4857,parent,548,3/26/2013
549,Abey,Hugle,56,ahuglef8@cnbc.com,467,752,Accounting,94289.14,6/5/2016,751-747-7838,742 Kensington Center,Pescara,Abruzzi,65129,446,Abey Hugle,470-409-8767,parent,549,4/27/2010
550,Annora,Pepon,60,apeponf9@technorati.com,567,994,Legal,90838.88,3/10/2016,914-586-3024,49 Shelley Plaza,Pescara,Abruzzi,65129,154,Annora Pepon,164-818-7703,parent,550,8/14/2015
551,Arlyn,Long,41,alongfa@yahoo.co.jp,96,187,Services,100152.52,8/26/2016,602-442-1103,4 Badeau Avenue,Pescara,Abruzzi,65129,817,Arlyn Long,426-607-3773,friend,551,11/4/2022
552,Rudd,Ord,43,rordfb@mail.ru,154,128,Business Development,91460.12,6/12/2015,790-793-0606,4 Crownhardt Terrace,Pescara,Abruzzi,65129,830,Rudd Ord,316-168-3809,spouse,552,5/19/2011
553,Melinde,Woodwind,48,mwoodwindfc@ted.com,361,435,Marketing,44298.32,7/6/2021,450-657-6877,4 Sunnyside Road,Pescara,Abruzzi,65129,830,Melinde Woodwind,972-647-7661,spouse,553,4/6/2017
554,Blayne,Neave,32,bneavefd@washingtonpost.com,344,402,Support,77002.46,4/13/2018,279-171-3445,92 Killdeer Avenue,Pescara,Abruzzi,65129,435,Blayne Neave,624-872-9439,friend,554,12/2/2021
555,Jefferey,Edbrooke,56,jedbrookefe@51.la,424,174,Legal,97582.16,4/15/2016,632-708-8287,9 Emmet Pass,Pescara,Abruzzi,65129,891,Jefferey Edbrooke,804-675-6454,sibling,555,4/7/2017
556,Doralin,Snasdell,49,dsnasdellff@webnode.com,967,580,Human Resources,56755.29,8/3/2014,343-960-1365,2 Karstens Road,Pescara,Abruzzi,65129,825,Doralin Snasdell,883-179-2141,spouse,556,4/16/2015
557,Hattie,Sidry,19,hsidryfg@example.com,919,311,Services,119408.21,1/3/2013,279-763-2380,9 Upham Park,Pescara,Abruzzi,65129,70,Hattie Sidry,233-126-3941,friend,557,11/28/2012
558,Trip,Crann,48,tcrannfh@opensource.org,635,953,Services,116478.67,10/13/2020,865-768-4642,67 Judy Drive,Pescara,Abruzzi,65129,505,Trip Crann,780-621-1028,spouse,558,5/16/2013
559,Paula,MacGorman,40,pmacgormanfi@omniture.com,457,95,Research and Development,99430.12,7/25/2011,131-804-4900,30 Morning Trail,Pescara,Abruzzi,65129,662,Paula MacGorman,191-529-4423,parent,559,12/30/2015
560,Rodge,Munnery,20,rmunneryfj@lycos.com,709,489,Research and Development,49963.98,7/8/2012,965-802-8263,1 Colorado Center,Pescara,Abruzzi,65129,599,Rodge Munnery,749-899-5669,parent,560,12/11/2019
561,Edlin,Penwell,29,epenwellfk@samsung.com,944,919,Legal,133216.24,5/8/2014,922-614-0734,9370 Grover Plaza,Pescara,Abruzzi,65129,476,Edlin Penwell,682-451-9201,spouse,561,11/13/2017
562,Darnall,Scarth,34,dscarthfl@linkedin.com,567,142,Business Development,42799.82,11/18/2015,525-689-8332,94 Bellgrove Court,Pescara,Abruzzi,65129,789,Darnall Scarth,405-811-9834,parent,562,11/18/2016
563,Zedekiah,Miranda,30,zmirandafm@simplemachines.org,795,415,Services,145385.98,4/23/2022,587-495-7196,1 Myrtle Alley,Pescara,Abruzzi,65129,406,Zedekiah Miranda,254-302-0793,spouse,563,9/9/2017
564,Nathanael,Karlicek,43,nkarlicekfn@chicagotribune.com,257,409,Training,91466.11,11/15/2010,643-334-3034,64853 Manitowish Center,Pescara,Abruzzi,65129,323,Nathanael Karlicek,405-113-5846,friend,564,5/21/2011
565,Gordan,Burchess,18,gburchessfo@cnet.com,121,669,Product Management,135936.83,1/18/2019,618-439-9284,2636 2nd Point,Pescara,Abruzzi,65129,119,Gordan Burchess,991-546-1203,parent,565,5/13/2022
566,Yanaton,Keeney,60,ykeeneyfp@topsy.com,914,812,Research and Development,63119.0,2/2/2016,515-206-5943,8795 Glacier Hill Crossing,Pescara,Abruzzi,65129,861,Yanaton Keeney,221-344-7242,spouse,566,3/25/2012
567,Brita,De Cruce,50,bdefq@alexa.com,80,845,Services,36104.9,6/28/2022,778-622-8080,62149 Kenwood Crossing,Pescara,Abruzzi,65129,566,Brita De Cruce,257-522-8418,friend,567,6/6/2019
568,Cassandry,Playden,18,cplaydenfr@loc.gov,436,528,Accounting,83927.06,10/5/2019,519-846-3411,34 Vernon Road,Pescara,Abruzzi,65129,135,Cassandry Playden,674-452-1854,parent,568,3/13/2020
569,Ignatius,de Grey,18,idefs@globo.com,129,109,Services,143145.22,12/16/2022,904-474-6780,4891 Lakewood Court,Pescara,Abruzzi,65129,535,Ignatius de Grey,228-187-6109,parent,569,10/31/2015
570,Sammie,Dethloff,45,sdethloffft@phpbb.com,862,159,Product Management,133998.44,5/31/2012,469-369-4085,78 Heffernan Junction,Pescara,Abruzzi,65129,866,Sammie Dethloff,352-803-8632,spouse,570,9/25/2012
571,Gerald,Waulker,25,gwaulkerfu@google.com.au,409,834,Product Management,142318.38,11/15/2016,966-679-2797,1 Northridge Avenue,Pescara,Abruzzi,65129,151,Gerald Waulker,202-468-2886,parent,571,5/7/2010
572,Othelia,Kalkhoven,63,okalkhovenfv@europa.eu,879,230,Product Management,59801.77,10/14/2016,525-637-3709,3 Charing Cross Drive,Pescara,Abruzzi,65129,890,Othelia Kalkhoven,421-771-1510,friend,572,8/28/2011
573,Lauryn,Strange,25,lstrangefw@discovery.com,652,363,Support,135467.51,12/30/2016,789-551-8303,48 Arrowood Pass,Pescara,Abruzzi,65129,600,Lauryn Strange,360-776-8041,spouse,573,9/10/2022
574,Imogen,Dorrity,29,idorrityfx@imageshack.us,549,30,Legal,104802.12,4/16/2014,845-446-4355,138 Melody Avenue,Pescara,Abruzzi,65129,189,Imogen Dorrity,417-678-2729,parent,574,9/29/2019
575,Piotr,Quinby,30,pquinbyfy@home.pl,943,767,Accounting,63185.52,4/4/2018,809-923-1518,0234 Lakewood Lane,Pescara,Abruzzi,65129,741,Piotr Quinby,127-235-6937,sibling,575,2/24/2019
576,Englebert,Kubacek,27,ekubacekfz@dot.gov,617,57,Services,68857.7,6/6/2021,746-233-0304,330 Elgar Trail,Pescara,Abruzzi,65129,319,Englebert Kubacek,672-110-9354,spouse,576,10/26/2014
577,Tremaine,Haverson,39,thaversong0@dailymail.co.uk,729,404,Business Development,46151.93,4/26/2013,540-795-2886,377 Beilfuss Hill,Pescara,Abruzzi,65129,459,Tremaine Haverson,395-365-7096,parent,577,6/19/2011
578,Mervin,Tomaszewicz,55,mtomaszewiczg1@lycos.com,827,735,Business Development,131860.29,2/23/2014,279-433-9877,078 East Lane,Pescara,Abruzzi,65129,696,Mervin Tomaszewicz,969-803-8100,friend,578,3/31/2017
579,Mead,Simcoe,63,msimcoeg2@blogspot.com,618,835,Marketing,120983.96,11/19/2015,702-274-9598,08 Little Fleur Plaza,Pescara,Abruzzi,65129,561,Mead Simcoe,936-250-4706,spouse,579,1/29/2019
580,Danna,Naile,34,dnaileg3@photobucket.com,801,85,Marketing,48531.62,5/10/2016,908-123-9079,08 Crescent Oaks Crossing,Pescara,Abruzzi,65129,654,Danna Naile,584-889-8303,friend,580,10/29/2019
581,Tiphany,Delacroux,18,tdelacrouxg4@com.com,56,668,Engineering,75832.68,1/28/2021,495-611-0893,6128 Kedzie Court,Pescara,Abruzzi,65129,752,Tiphany Delacroux,507-203-4201,friend,581,1/24/2011
582,Thomasine,Reolfo,38,treolfog5@parallels.com,891,911,Sales,96506.82,1/9/2011,768-648-8379,158 Alpine Trail,Pescara,Abruzzi,65129,994,Thomasine Reolfo,801-839-7999,spouse,582,9/4/2022
583,Fifi,Moylan,34,fmoylang6@livejournal.com,606,400,Research and Development,93965.01,11/12/2012,358-587-7517,64 Hanson Street,Pescara,Abruzzi,65129,681,Fifi Moylan,534-142-8188,friend,583,10/5/2019
584,Paddie,Kuhne,60,pkuhneg7@123-reg.co.uk,874,794,Accounting,115430.16,5/10/2012,803-263-7382,1870 Sycamore Circle,Pescara,Abruzzi,65129,21,Paddie Kuhne,214-478-7003,spouse,584,4/10/2016
585,Boycie,Gouge,44,bgougeg8@tripod.com,179,270,Legal,102765.56,1/15/2017,151-148-1312,502 Elgar Hill,Pescara,Abruzzi,65129,672,Boycie Gouge,731-760-5681,spouse,585,9/13/2022
586,Dermot,Stearn,33,dstearng9@ted.com,913,478,Research and Development,48762.19,12/20/2016,540-236-2173,7005 Summerview Avenue,Pescara,Abruzzi,65129,284,Dermot Stearn,364-456-7336,sibling,586,12/17/2015
587,Flin,Gobel,44,fgobelga@arstechnica.com,592,383,Research and Development,42651.33,4/24/2012,494-725-0624,90733 Pennsylvania Drive,Pescara,Abruzzi,65129,499,Flin Gobel,742-583-8532,friend,587,7/4/2016
588,Hetty,Weale,54,hwealegb@freewebs.com,367,197,Research and Development,127279.72,11/27/2022,410-310-2836,294 Del Mar Center,Pescara,Abruzzi,65129,391,Hetty Weale,342-913-5305,sibling,588,9/3/2015
589,Brodie,Titcombe,26,btitcombegc@webmd.com,13,972,Business Development,117099.18,8/6/2019,127-493-9420,8501 Basil Terrace,Pescara,Abruzzi,65129,580,Brodie Titcombe,548-434-4885,sibling,589,4/29/2018
590,Katharyn,Hexam,53,khexamgd@nytimes.com,84,807,Human Resources,56253.6,9/27/2014,137-467-7627,88 Fisk Alley,Pescara,Abruzzi,65129,682,Katharyn Hexam,394-162-5699,parent,590,4/25/2018
591,Misty,Ferencz,34,mferenczge@hp.com,416,208,Legal,55906.94,5/20/2020,579-256-9278,745 Moose Trail,Pescara,Abruzzi,65129,349,Misty Ferencz,592-972-5622,parent,591,1/19/2011
592,Reynolds,Nunn,19,rnunngf@mapy.cz,937,748,Product Management,63405.57,7/24/2019,407-135-4471,3245 Truax Alley,Pescara,Abruzzi,65129,153,Reynolds Nunn,286-622-4355,sibling,592,4/13/2017
593,Gianni,Castel,48,gcastelgg@scientificamerican.com,229,536,Sales,105533.92,11/1/2013,632-741-6891,5586 Oneill Point,Pescara,Abruzzi,65129,24,Gianni Castel,899-710-0863,parent,593,3/16/2022
594,Margaret,Moodie,47,mmoodiegh@360.cn,380,988,Legal,38370.68,2/10/2015,608-438-1964,023 Onsgard Center,Pescara,Abruzzi,65129,845,Margaret Moodie,345-884-8703,friend,594,4/17/2016
595,Vida,Chasteney,58,vchasteneygi@sina.com.cn,282,196,Accounting,93644.32,8/23/2016,941-500-0586,5729 Northfield Lane,Pescara,Abruzzi,65129,863,Vida Chasteney,879-878-0407,parent,595,5/21/2020
596,Erica,Pippin,18,epippingj@umn.edu,757,625,Support,35924.58,3/10/2016,319-457-4261,3 Roth Place,Pescara,Abruzzi,65129,763,Erica Pippin,824-378-0416,parent,596,8/27/2019
597,Genevieve,Hembling,36,ghemblinggk@unesco.org,443,309,Marketing,146218.26,9/10/2013,791-574-6652,333 Hazelcrest Junction,Pescara,Abruzzi,65129,538,Genevieve Hembling,921-786-7023,spouse,597,8/17/2012
598,Fee,MacGinlay,34,fmacginlaygl@amazonaws.com,76,578,Product Management,92832.39,6/29/2020,591-996-7770,748 Hagan Street,Pescara,Abruzzi,65129,197,Fee MacGinlay,527-148-4662,parent,598,5/9/2013
599,Leanora,Strahan,32,lstrahangm@cbslocal.com,139,648,Training,144593.14,3/31/2022,310-767-5688,09971 David Avenue,Pescara,Abruzzi,65129,11,Leanora Strahan,587-378-7775,parent,599,8/22/2011
600,Winifield,Ramelot,65,wramelotgn@so-net.ne.jp,42,126,Product Management,144202.27,6/30/2016,812-967-4149,758 Porter Terrace,Pescara,Abruzzi,65129,149,Winifield Ramelot,557-231-7115,parent,600,7/18/2013
601,Anni,Gallymore,43,agallymorego@fc2.com,617,570,Sales,70389.7,4/7/2014,889-754-6106,96 Eliot Lane,Pescara,Abruzzi,65129,238,Anni Gallymore,281-465-9443,sibling,601,3/19/2020
602,Man,Schoolcroft,32,mschoolcroftgp@admin.ch,125,158,Accounting,148340.19,4/20/2017,913-627-9382,59799 Spenser Terrace,Pescara,Abruzzi,65129,116,Man Schoolcroft,565-120-9104,friend,602,5/4/2014
603,Maurie,Joseff,36,mjoseffgq@bandcamp.com,823,162,Accounting,103945.9,2/5/2012,980-721-5778,94 Merrick Drive,Pescara,Abruzzi,65129,389,Maurie Joseff,960-320-8024,spouse,603,8/4/2010
604,Cinda,Garretts,31,cgarrettsgr@qq.com,723,473,Training,120767.67,5/15/2020,425-887-6714,035 Cambridge Way,Pescara,Abruzzi,65129,324,Cinda Garretts,572-983-3169,friend,604,10/29/2012
605,Woodrow,Tuckerman,53,wtuckermangs@geocities.com,444,493,Business Development,149307.42,8/12/2017,415-909-8025,55 Fieldstone Court,Pescara,Abruzzi,65129,228,Woodrow Tuckerman,307-950-2265,spouse,605,10/17/2010
606,Latrena,Stive,61,lstivegt@princeton.edu,18,95,Business Development,131395.1,4/12/2015,619-467-2635,34513 Heath Hill,Pescara,Abruzzi,65129,618,Latrena Stive,850-860-1253,sibling,606,10/13/2010
607,Liv,Lackham,64,llackhamgu@washington.edu,645,73,Engineering,105651.67,12/11/2020,775-719-9391,40716 Lotheville Point,Pescara,Abruzzi,65129,655,Liv Lackham,120-106-7870,sibling,607,8/18/2021
608,Wolfgang,Leftley,54,wleftleygv@pinterest.com,874,988,Research and Development,124534.06,11/3/2011,798-930-9985,5638 Merry Street,Pescara,Abruzzi,65129,986,Wolfgang Leftley,916-501-7670,friend,608,2/29/2012
609,Brande,Aspin,19,baspingw@biblegateway.com,976,96,Product Management,149338.09,2/24/2012,247-351-7886,8468 Erie Avenue,Pescara,Abruzzi,65129,39,Brande Aspin,573-137-1148,sibling,609,11/16/2014
610,Patric,Minshaw,43,pminshawgx@wisc.edu,302,923,Engineering,142661.73,4/27/2012,239-134-2300,41 Independence Alley,Pescara,Abruzzi,65129,621,Patric Minshaw,307-366-3713,spouse,610,8/29/2018
611,Monique,Bridgland,56,mbridglandgy@wikimedia.org,640,978,Product Management,60612.31,4/13/2022,767-786-4488,1521 Spenser Junction,Pescara,Abruzzi,65129,276,Monique Bridgland,701-551-3323,parent,611,10/4/2012
612,Elaina,Johnstone,59,ejohnstonegz@ameblo.jp,784,794,Training,49846.53,12/21/2020,945-445-6086,64 Kensington Circle,Pescara,Abruzzi,65129,707,Elaina Johnstone,900-351-2675,friend,612,6/22/2021
613,Amby,Boswell,29,aboswellh0@mail.ru,505,221,Support,100611.88,1/6/2021,865-827-2434,64693 Morningstar Parkway,Pescara,Abruzzi,65129,21,Amby Boswell,780-627-0569,spouse,613,2/25/2022
614,Raychel,Yven,60,ryvenh1@sourceforge.net,214,692,Research and Development,130857.98,12/4/2015,288-406-3103,22855 Tomscot Parkway,Pescara,Abruzzi,65129,125,Raychel Yven,483-969-1356,spouse,614,2/20/2015
615,Jasper,Bennike,20,jbennikeh2@princeton.edu,61,577,Legal,149674.98,1/22/2022,606-717-6071,27 Village Green Parkway,Pescara,Abruzzi,65129,337,Jasper Bennike,421-996-0090,sibling,615,9/22/2014
616,Sarita,Orehead,54,soreheadh3@shareasale.com,173,422,Business Development,68257.62,12/5/2014,861-272-9426,0 Golf Avenue,Pescara,Abruzzi,65129,923,Sarita Orehead,702-361-9227,friend,616,8/4/2018
617,Sayer,Rosendorf,34,srosendorfh4@netscape.com,232,181,Marketing,69639.82,8/18/2020,758-577-4948,77 Emmet Parkway,Pescara,Abruzzi,65129,763,Sayer Rosendorf,980-889-4543,spouse,617,11/11/2021
618,Ynes,Giovanitti,35,ygiovanittih5@netvibes.com,512,84,Business Development,105803.32,9/14/2020,127-127-6218,9 Esch Circle,Pescara,Abruzzi,65129,580,Ynes Giovanitti,489-215-8169,parent,618,9/23/2017
619,Sherie,Spender,57,sspenderh6@booking.com,974,950,Support,67498.64,3/6/2019,741-470-8820,979 Dayton Way,Pescara,Abruzzi,65129,459,Sherie Spender,665-600-0944,parent,619,11/12/2014
620,Teirtza,Twinberrow,57,ttwinberrowh7@slideshare.net,16,692,Services,98648.39,7/13/2016,721-659-5817,31 Dennis Center,Pescara,Abruzzi,65129,978,Teirtza Twinberrow,774-978-7733,spouse,620,12/10/2012
621,Kizzee,Village,37,kvillageh8@hp.com,332,631,Services,115667.02,8/15/2020,521-493-4537,56493 6th Junction,Pescara,Abruzzi,65129,608,Kizzee Village,102-301-5891,sibling,621,11/21/2019
622,Barth,Yoxall,27,byoxallh9@princeton.edu,824,659,Legal,137083.72,9/8/2020,699-781-8042,68 Maywood Court,Pescara,Abruzzi,65129,552,Barth Yoxall,482-575-9569,parent,622,4/16/2011
623,Sheff,Souster,20,ssousterha@wufoo.com,789,947,Marketing,49204.04,1/22/2013,630-801-0465,8282 Porter Alley,Pescara,Abruzzi,65129,952,Sheff Souster,272-100-2328,parent,623,9/4/2017
624,Hollie,Cobbin,60,hcobbinhb@eepurl.com,78,621,Marketing,96532.85,4/12/2016,321-481-1932,12806 Red Cloud Alley,Pescara,Abruzzi,65129,103,Hollie Cobbin,198-557-4347,parent,624,12/23/2017
625,Sonni,Stuer,45,sstuerhc@economist.com,490,105,Legal,82203.2,10/11/2011,271-295-8330,102 Truax Parkway,Pescara,Abruzzi,65129,785,Sonni Stuer,554-820-5451,parent,625,9/3/2021
626,Gregoire,Mundie,49,gmundiehd@google.com.hk,810,242,Services,138448.43,8/11/2021,377-142-7190,34309 Sutteridge Road,Pescara,Abruzzi,65129,282,Gregoire Mundie,279-765-7022,sibling,626,12/5/2021
627,Arther,O' Molan,20,aohe@taobao.com,906,143,Accounting,80267.8,9/22/2013,473-870-7989,3 Canary Circle,Pescara,Abruzzi,65129,672,Arther O' Molan,266-703-8893,friend,627,10/10/2014
628,Ninon,Bogace,52,nbogacehf@spiegel.de,830,155,Research and Development,61237.62,8/24/2014,257-502-3165,449 Hermina Street,Pescara,Abruzzi,65129,681,Ninon Bogace,843-173-2696,parent,628,6/3/2013
629,Sutton,Hansbury,51,shansburyhg@yahoo.co.jp,599,551,Accounting,114361.69,9/16/2020,703-741-5030,804 Mifflin Street,Pescara,Abruzzi,65129,93,Sutton Hansbury,263-639-9822,spouse,629,6/30/2020
630,Genni,Drewery,56,gdreweryhh@unesco.org,274,676,Sales,132729.57,1/19/2021,238-558-9659,99306 8th Crossing,Pescara,Abruzzi,65129,642,Genni Drewery,960-977-9110,spouse,630,5/13/2022
631,Gail,Rosenstiel,58,grosenstielhi@nasa.gov,476,182,Business Development,102569.07,5/22/2013,210-176-0490,1287 Mayer Court,Pescara,Abruzzi,65129,521,Gail Rosenstiel,466-988-5841,spouse,631,9/28/2013
632,Robbie,Ratke,59,rratkehj@trellian.com,790,996,Marketing,66797.82,4/26/2015,571-827-6053,667 Russell Road,Pescara,Abruzzi,65129,615,Robbie Ratke,548-624-7085,spouse,632,12/27/2020
633,Kingsley,Imesson,58,kimessonhk@tinypic.com,946,45,Accounting,107158.28,12/12/2018,909-954-3678,935 Memorial Park,Pescara,Abruzzi,65129,720,Kingsley Imesson,846-190-8658,parent,633,6/6/2020
634,Agnola,Methley,48,amethleyhl@paypal.com,557,713,Engineering,86030.79,4/2/2017,849-484-3930,93 Ohio Crossing,Pescara,Abruzzi,65129,29,Agnola Methley,854-133-8004,friend,634,1/10/2022
635,Shoshanna,Mandres,45,smandreshm@etsy.com,665,773,Human Resources,115356.47,10/8/2017,937-226-8508,8 Talmadge Junction,Pescara,Abruzzi,65129,83,Shoshanna Mandres,807-626-1799,sibling,635,10/29/2011
636,Cecilius,Medlicott,25,cmedlicotthn@google.com,884,886,Product Management,59556.38,9/4/2021,309-562-7429,60 Jackson Crossing,Pescara,Abruzzi,65129,793,Cecilius Medlicott,489-806-3744,friend,636,3/29/2020
637,Gorden,Minero,46,gmineroho@disqus.com,140,256,Human Resources,39816.92,1/1/2021,809-279-6610,964 Briar Crest Crossing,Pescara,Abruzzi,65129,6,Gorden Minero,703-696-1797,friend,637,12/18/2019
638,Tiphani,Paris,36,tparishp@nih.gov,109,305,Services,50281.41,12/6/2017,113-664-5662,22 Eagan Place,Pescara,Abruzzi,65129,485,Tiphani Paris,198-445-4153,sibling,638,12/6/2011
639,Mandi,Ruperto,64,mrupertohq@pcworld.com,734,198,Engineering,116123.5,7/27/2022,933-879-8907,667 Dorton Junction,Pescara,Abruzzi,65129,210,Mandi Ruperto,974-412-9745,parent,639,2/21/2010
640,Mar,Jaquiss,34,mjaquisshr@ucla.edu,49,898,Accounting,88416.39,3/11/2014,629-784-1190,541 Monterey Parkway,Pescara,Abruzzi,65129,371,Mar Jaquiss,423-718-0525,sibling,640,2/15/2022
641,Afton,Camplen,21,acamplenhs@irs.gov,497,505,Human Resources,70125.56,8/25/2015,385-779-0236,0 Boyd Road,Pescara,Abruzzi,65129,648,Afton Camplen,375-355-8780,sibling,641,5/10/2013
642,Phylis,Czadla,53,pczadlaht@flickr.com,915,458,Human Resources,75118.67,4/1/2016,676-647-0801,06969 Arizona Circle,Pescara,Abruzzi,65129,182,Phylis Czadla,169-833-5421,sibling,642,9/11/2021
643,Filia,de Courcey,36,fdehu@diigo.com,553,776,Business Development,100948.33,6/26/2018,376-389-3888,00398 Summerview Trail,Pescara,Abruzzi,65129,806,Filia de Courcey,257-626-0367,sibling,643,8/12/2019
644,Lincoln,Dusting,30,ldustinghv@ucla.edu,99,325,Business Development,140742.51,12/17/2010,687-155-7201,952 Amoth Junction,Pescara,Abruzzi,65129,453,Lincoln Dusting,275-694-6684,sibling,644,2/5/2011
645,Frasco,Poynter,63,fpoynterhw@163.com,326,432,Training,38080.36,5/1/2020,425-771-2542,19 Rockefeller Court,Pescara,Abruzzi,65129,566,Frasco Poynter,777-183-5979,sibling,645,12/8/2021
646,Franklyn,Venny,26,fvennyhx@xing.com,892,498,Sales,32423.13,12/17/2018,951-721-7010,4737 Bonner Place,Pescara,Abruzzi,65129,905,Franklyn Venny,867-858-2055,spouse,646,4/12/2013
647,Mary,Delahunt,57,mdelahunthy@amazon.de,202,304,Engineering,89902.59,4/27/2019,720-253-5603,8898 Meadow Ridge Way,Pescara,Abruzzi,65129,826,Mary Delahunt,982-940-3674,sibling,647,12/14/2014
648,Wynn,MacDougal,59,wmacdougalhz@php.net,709,234,Engineering,127759.05,8/24/2010,995-609-8179,5830 Fieldstone Road,Pescara,Abruzzi,65129,877,Wynn MacDougal,999-902-8693,friend,648,1/25/2011
649,Stephenie,Sporton,38,ssportoni0@ucsd.edu,852,552,Legal,105134.82,9/18/2015,645-523-5236,7707 Bowman Hill,Pescara,Abruzzi,65129,973,Stephenie Sporton,978-457-5731,sibling,649,10/13/2017
650,Harlen,Giacaponi,47,hgiacaponii1@printfriendly.com,537,522,Sales,70781.16,6/24/2016,505-410-8510,692 Monica Plaza,Pescara,Abruzzi,65129,663,Harlen Giacaponi,603-237-6312,friend,650,11/22/2021
651,Sindee,Roels,43,sroelsi2@newyorker.com,87,493,Legal,42682.71,12/30/2018,511-312-8342,37 Erie Avenue,Pescara,Abruzzi,65129,478,Sindee Roels,956-383-7037,spouse,651,3/31/2015
652,Evan,Duck,40,educki3@theglobeandmail.com,503,990,Legal,30480.24,6/28/2021,168-130-7284,19 Granby Center,Pescara,Abruzzi,65129,342,Evan Duck,411-599-8440,parent,652,3/3/2013
653,Lil,Francomb,62,lfrancombi4@jigsy.com,641,442,Marketing,83577.7,3/7/2015,104-665-6141,9933 Susan Point,Pescara,Abruzzi,65129,514,Lil Francomb,298-122-3964,parent,653,12/17/2021
654,Mil,Minillo,44,mminilloi5@epa.gov,438,637,Human Resources,54472.33,9/10/2016,450-266-9574,733 Thackeray Place,Pescara,Abruzzi,65129,23,Mil Minillo,901-764-6691,parent,654,10/25/2016
655,Fredra,Bein,19,fbeini6@accuweather.com,407,787,Product Management,133160.54,8/29/2021,769-292-1532,4984 Summerview Road,Pescara,Abruzzi,65129,557,Fredra Bein,557-131-4578,friend,655,6/5/2019
656,Sonja,Spirit,18,sspiriti7@chron.com,939,328,Services,75100.14,4/5/2022,134-484-5034,39393 Maywood Place,Pescara,Abruzzi,65129,247,Sonja Spirit,834-184-1299,spouse,656,7/25/2021
657,Damian,Semken,26,dsemkeni8@berkeley.edu,108,111,Engineering,86641.11,2/3/2014,767-491-4625,524 Harper Junction,Pescara,Abruzzi,65129,143,Damian Semken,590-791-0793,friend,657,6/30/2020
658,Gretta,O'Hoey,44,gohoeyi9@ycombinator.com,465,568,Engineering,46494.13,9/13/2012,192-949-9669,4227 Macpherson Point,Pescara,Abruzzi,65129,76,Gretta O'Hoey,699-448-0817,sibling,658,1/2/2016
659,Daloris,Argontt,42,dargonttia@whitehouse.gov,757,130,Business Development,93298.32,6/9/2010,663-159-1834,7826 Clyde Gallagher Pass,Pescara,Abruzzi,65129,944,Daloris Argontt,637-416-5154,sibling,659,5/1/2012
660,Hally,Pabel,61,hpabelib@paginegialle.it,720,659,Services,135215.28,4/4/2016,925-393-0263,6 Beilfuss Way,Pescara,Abruzzi,65129,271,Hally Pabel,296-409-7093,sibling,660,6/26/2013
661,Law,Grzesiewicz,27,lgrzesiewiczic@nsw.gov.au,75,149,Product Management,123939.01,4/26/2016,743-831-8336,47 Almo Center,Pescara,Abruzzi,65129,969,Law Grzesiewicz,995-397-6268,friend,661,11/1/2022
662,Alfreda,Ehlerding,19,aehlerdingid@globo.com,136,606,Training,67689.85,2/5/2012,255-353-6215,8 Oneill Avenue,Pescara,Abruzzi,65129,904,Alfreda Ehlerding,189-890-5036,spouse,662,8/3/2020
663,Marlene,Crossdale,37,mcrossdaleie@mtv.com,330,833,Accounting,83288.67,3/29/2017,639-538-3406,9112 Valley Edge Pass,Pescara,Abruzzi,65129,451,Marlene Crossdale,183-369-3747,parent,663,2/8/2015
664,Osbourne,Nelligan,24,onelliganif@senate.gov,793,342,Legal,116035.85,1/7/2022,369-934-9253,3 Golden Leaf Parkway,Pescara,Abruzzi,65129,441,Osbourne Nelligan,830-142-2878,friend,664,8/17/2017
665,Zora,Cuffe,39,zcuffeig@deviantart.com,433,896,Support,73268.73,10/14/2021,257-101-1154,44 Gerald Road,Pescara,Abruzzi,65129,320,Zora Cuffe,367-460-0518,spouse,665,4/19/2011
666,Gennifer,Norcott,41,gnorcottih@vkontakte.ru,190,445,Training,49943.98,2/29/2020,539-436-1535,4 Lukken Drive,Pescara,Abruzzi,65129,435,Gennifer Norcott,519-279-7757,friend,666,9/5/2022
667,Imogene,Kyles,55,ikylesii@ibm.com,248,834,Product Management,72449.96,7/9/2010,340-496-8338,331 Sommers Terrace,Pescara,Abruzzi,65129,436,Imogene Kyles,979-880-5802,spouse,667,11/13/2011
668,Ula,Lillico,36,ulillicoij@twitpic.com,994,990,Legal,134534.05,7/3/2020,194-531-6813,4 Northwestern Street,Pescara,Abruzzi,65129,908,Ula Lillico,196-351-2128,parent,668,5/21/2019
669,Hillyer,Padson,38,hpadsonik@msu.edu,840,176,Support,67074.18,9/7/2018,676-437-5777,39397 Lakewood Gardens Park,Pescara,Abruzzi,65129,963,Hillyer Padson,172-726-8479,parent,669,7/11/2013
670,Forrest,Dursley,33,fdursleyil@guardian.co.uk,449,263,Support,119205.03,8/15/2021,174-862-5118,306 Northland Road,Pescara,Abruzzi,65129,99,Forrest Dursley,161-554-7406,spouse,670,11/11/2010
671,Hana,Antonomolii,21,hantonomoliiim@hp.com,512,462,Product Management,33665.37,8/31/2019,176-286-5746,4 Erie Alley,Pescara,Abruzzi,65129,340,Hana Antonomolii,972-907-3599,friend,671,8/16/2016
672,Kariotta,Vowden,65,kvowdenin@t-online.de,515,720,Business Development,41448.77,10/4/2019,978-179-8996,25 East Junction,Pescara,Abruzzi,65129,865,Kariotta Vowden,138-139-3761,parent,672,5/7/2019
673,Doralyn,Dallow,42,ddallowio@so-net.ne.jp,878,450,Support,124794.29,11/28/2011,437-779-2808,92009 Duke Lane,Pescara,Abruzzi,65129,534,Doralyn Dallow,286-388-0744,sibling,673,10/3/2014
674,Gasparo,Blundel,57,gblundelip@webnode.com,958,242,Business Development,104171.99,6/20/2017,245-504-9852,71800 Debra Drive,Pescara,Abruzzi,65129,583,Gasparo Blundel,960-943-3946,sibling,674,9/5/2010
675,Giana,Prevost,26,gprevostiq@simplemachines.org,366,381,Business Development,77448.62,7/2/2013,595-389-6636,479 Vermont Junction,Pescara,Abruzzi,65129,909,Giana Prevost,269-192-4554,parent,675,2/17/2021
676,Colver,Carayol,38,ccarayolir@reddit.com,428,731,Product Management,96560.02,1/9/2017,147-320-8126,9519 Sage Plaza,Pescara,Abruzzi,65129,857,Colver Carayol,838-602-8405,friend,676,6/19/2012
677,Christen,Tellenbrook,40,ctellenbrookis@redcross.org,837,367,Human Resources,108582.68,1/12/2016,471-810-0538,0 Ridgeway Avenue,Pescara,Abruzzi,65129,521,Christen Tellenbrook,179-480-2519,spouse,677,8/30/2015
678,Kristen,Redparth,21,kredparthit@loc.gov,110,640,Engineering,144368.24,6/4/2015,723-910-5537,171 Lawn Alley,Pescara,Abruzzi,65129,728,Kristen Redparth,761-555-6731,parent,678,4/12/2012
679,Vinnie,Matthiesen,21,vmatthieseniu@state.gov,836,916,Product Management,70666.53,2/18/2012,384-494-8869,33 Park Meadow Parkway,Pescara,Abruzzi,65129,736,Vinnie Matthiesen,238-238-3667,spouse,679,9/19/2022
680,Jolie,Sansum,33,jsansumiv@baidu.com,572,935,Human Resources,30490.6,7/21/2020,338-377-6689,8 Jenifer Place,Pescara,Abruzzi,65129,921,Jolie Sansum,856-759-8933,friend,680,4/12/2019
681,Flossie,Sterke,48,fsterkeiw@walmart.com,843,358,Business Development,139261.67,4/22/2015,719-316-4860,8392 Carpenter Avenue,Pescara,Abruzzi,65129,187,Flossie Sterke,546-900-5985,friend,681,6/11/2012
682,Kyla,Waterfall,41,kwaterfallix@fema.gov,582,354,Support,32721.56,6/21/2018,273-165-5039,00136 Bowman Court,Pescara,Abruzzi,65129,672,Kyla Waterfall,290-126-2608,sibling,682,2/11/2010
683,Esme,Tousey,38,etouseyiy@wikia.com,204,326,Human Resources,50023.3,10/14/2014,867-404-9559,0 Hayes Circle,Pescara,Abruzzi,65129,902,Esme Tousey,790-866-1613,sibling,683,10/22/2019
684,Thaxter,Alexandrescu,23,talexandrescuiz@twitpic.com,999,881,Marketing,94049.5,8/21/2015,692-521-9726,07085 Dennis Center,Pescara,Abruzzi,65129,753,Thaxter Alexandrescu,357-469-7887,parent,684,11/14/2022
685,Nolana,Rentilll,64,nrentilllj0@icq.com,176,936,Sales,99236.43,7/22/2019,829-821-1388,6166 Oxford Parkway,Pescara,Abruzzi,65129,340,Nolana Rentilll,539-449-4834,spouse,685,3/5/2018
686,Pauli,Accum,21,paccumj1@boston.com,962,945,Product Management,107515.56,2/5/2017,356-603-5637,4 Schiller Plaza,Pescara,Abruzzi,65129,118,Pauli Accum,412-231-6100,spouse,686,6/2/2019
687,Juliana,Aimson,55,jaimsonj2@paypal.com,218,556,Research and Development,120630.7,9/24/2017,375-745-4862,00654 Annamark Junction,Pescara,Abruzzi,65129,838,Juliana Aimson,982-542-4224,friend,687,8/17/2014
688,Tamma,Spadazzi,54,tspadazzij3@youtu.be,571,405,Research and Development,140234.01,8/5/2021,814-774-0279,279 Summerview Parkway,Pescara,Abruzzi,65129,85,Tamma Spadazzi,796-155-9462,sibling,688,9/9/2018
689,Ricca,Vigrass,57,rvigrassj4@webmd.com,153,576,Support,83137.95,1/14/2012,860-492-9587,320 Sauthoff Point,Pescara,Abruzzi,65129,237,Ricca Vigrass,659-468-8355,parent,689,5/13/2010
690,Wenona,Jaquin,40,wjaquinj5@xinhuanet.com,965,680,Accounting,62998.82,4/28/2013,617-564-8351,4355 Sage Road,Pescara,Abruzzi,65129,880,Wenona Jaquin,359-434-4640,parent,690,2/11/2011
691,Fanni,Aitken,28,faitkenj6@miitbeian.gov.cn,153,384,Support,134783.24,1/26/2018,187-278-3150,97747 Bunting Place,Pescara,Abruzzi,65129,926,Fanni Aitken,318-626-1882,spouse,691,12/4/2017
692,Minni,Vassie,30,mvassiej7@intel.com,601,216,Sales,53587.3,5/20/2022,738-344-4628,39561 Lerdahl Place,Pescara,Abruzzi,65129,936,Minni Vassie,664-498-1721,friend,692,3/2/2015
693,Maurise,Willatts,51,mwillattsj8@wikipedia.org,736,760,Research and Development,135675.79,11/22/2011,456-395-5374,969 Graedel Point,Pescara,Abruzzi,65129,452,Maurise Willatts,979-383-6887,spouse,693,5/30/2019
694,Rosmunda,Kezor,56,rkezorj9@usa.gov,874,410,Accounting,132312.06,7/2/2012,333-337-9191,2579 4th Avenue,Pescara,Abruzzi,65129,900,Rosmunda Kezor,491-532-1191,parent,694,2/2/2020
695,Darcey,Searston,40,dsearstonja@ebay.com,42,904,Business Development,40531.36,8/26/2021,772-678-9299,41861 Prairie Rose Lane,Pescara,Abruzzi,65129,802,Darcey Searston,805-852-5061,sibling,695,2/21/2012
696,Aeriel,Roscher,54,aroscherjb@reverbnation.com,691,467,Human Resources,105555.08,7/3/2013,176-789-1350,88 Maple Wood Crossing,Pescara,Abruzzi,65129,290,Aeriel Roscher,845-645-6994,parent,696,12/12/2019
697,Noland,Blaze,45,nblazejc@cdc.gov,885,893,Training,93821.8,12/6/2011,352-148-6818,544 Kennedy Lane,Pescara,Abruzzi,65129,446,Noland Blaze,700-592-5442,friend,697,6/1/2016
698,Katey,Klein,54,kkleinjd@friendfeed.com,764,240,Research and Development,121091.38,10/28/2011,816-146-0011,6858 Bonner Junction,Pescara,Abruzzi,65129,551,Katey Klein,917-412-9613,spouse,698,12/15/2012
699,Trudy,Panchin,29,tpanchinje@ucoz.ru,336,564,Business Development,102433.85,5/27/2022,798-317-3578,3510 Derek Parkway,Pescara,Abruzzi,65129,990,Trudy Panchin,271-456-0827,spouse,699,4/5/2021
700,Darius,Grieveson,47,dgrievesonjf@photobucket.com,216,325,Accounting,114867.24,10/2/2014,791-935-5193,069 5th Hill,Pescara,Abruzzi,65129,18,Darius Grieveson,132-270-3919,sibling,700,9/14/2015
701,Everett,Wisedale,61,ewisedalejg@aboutads.info,866,434,Business Development,34193.63,7/14/2015,332-328-6310,29945 Clove Terrace,Pescara,Abruzzi,65129,815,Everett Wisedale,891-817-4966,spouse,701,5/1/2017
702,Sloane,Manilow,39,smanilowjh@ameblo.jp,146,653,Legal,46682.83,1/9/2017,761-394-5489,5318 Rigney Parkway,Pescara,Abruzzi,65129,428,Sloane Manilow,594-244-8638,sibling,702,11/12/2017
703,Christiano,Aylesbury,42,caylesburyji@ft.com,43,679,Product Management,125843.82,2/18/2015,166-673-6143,0985 Cascade Terrace,Pescara,Abruzzi,65129,752,Christiano Aylesbury,660-685-6846,spouse,703,4/9/2016
704,Clari,Duns,57,cdunsjj@ebay.com,23,225,Product Management,132699.04,12/30/2020,458-540-7005,27041 Weeping Birch Center,Pescara,Abruzzi,65129,258,Clari Duns,509-361-0277,friend,704,6/6/2017
705,Andreana,Axton,22,aaxtonjk@parallels.com,283,670,Product Management,78711.0,5/25/2013,829-526-0068,1625 Comanche Parkway,Pescara,Abruzzi,65129,740,Andreana Axton,312-923-9458,parent,705,5/10/2020
706,Tine,Murrhaupt,44,tmurrhauptjl@etsy.com,991,584,Human Resources,133295.76,8/15/2012,573-308-8894,27006 Tomscot Pass,Pescara,Abruzzi,65129,318,Tine Murrhaupt,294-590-6902,spouse,706,9/23/2014
707,Bekki,Armor,53,barmorjm@t-online.de,272,846,Research and Development,116934.32,11/14/2022,277-875-3551,47350 Aberg Road,Pescara,Abruzzi,65129,290,Bekki Armor,435-633-6189,sibling,707,1/16/2013
708,Alli,Bouch,23,abouchjn@stanford.edu,842,732,Engineering,37471.73,8/6/2018,541-745-2833,2 Magdeline Terrace,Pescara,Abruzzi,65129,646,Alli Bouch,248-238-9474,friend,708,7/6/2011
709,Lyn,Dmtrovic,34,ldmtrovicjo@slashdot.org,853,941,Sales,70291.64,7/11/2018,158-689-1812,144 Ridgeview Lane,Pescara,Abruzzi,65129,549,Lyn Dmtrovic,180-852-5117,spouse,709,8/12/2018
710,Ali,Shovelton,35,ashoveltonjp@redcross.org,279,16,Sales,40406.09,7/11/2010,206-419-7426,32 Washington Place,Pescara,Abruzzi,65129,70,Ali Shovelton,438-247-2903,sibling,710,3/5/2022
711,Olia,Head,45,oheadjq@myspace.com,172,322,Human Resources,124685.4,7/8/2019,562-272-8580,32 Banding Point,Pescara,Abruzzi,65129,372,Olia Head,459-238-9414,sibling,711,8/30/2021
712,Cairistiona,Baitson,29,cbaitsonjr@home.pl,900,856,Business Development,79860.79,12/14/2021,227-580-0579,340 Almo Junction,Pescara,Abruzzi,65129,301,Cairistiona Baitson,440-865-8270,parent,712,8/10/2015
713,Sax,Loffill,39,sloffilljs@boston.com,442,721,Support,60463.89,11/17/2015,334-384-8441,29527 Scoville Center,Pescara,Abruzzi,65129,922,Sax Loffill,806-947-7197,friend,713,12/12/2022
714,Lorette,Knaggs,27,lknaggsjt@networksolutions.com,909,669,Human Resources,97673.23,5/9/2021,206-405-9304,9 Cody Circle,Pescara,Abruzzi,65129,533,Lorette Knaggs,756-760-0679,sibling,714,1/9/2015
715,Fionnula,Roback,24,frobackju@sourceforge.net,377,475,Training,36444.77,1/26/2012,158-437-3065,27 Killdeer Point,Pescara,Abruzzi,65129,221,Fionnula Roback,955-274-6111,spouse,715,2/7/2021
716,Des,Wilde,61,dwildejv@java.com,554,177,Support,138137.03,7/24/2016,383-405-5304,6036 Utah Avenue,Pescara,Abruzzi,65129,1,Des Wilde,704-766-7955,friend,716,9/23/2014
717,Fowler,Jakoubek,38,fjakoubekjw@alibaba.com,955,308,Services,34764.42,11/7/2012,293-718-2725,98 Lukken Parkway,Pescara,Abruzzi,65129,291,Fowler Jakoubek,344-852-3245,spouse,717,12/26/2017
718,Beryl,Spary,53,bsparyjx@ocn.ne.jp,108,815,Legal,144902.13,1/17/2013,404-786-0635,032 Hallows Lane,Pescara,Abruzzi,65129,914,Beryl Spary,937-561-2185,parent,718,8/20/2011
719,Nesta,Ferrara,36,nferrarajy@cnn.com,849,154,Product Management,99861.39,2/8/2019,329-709-8626,03470 Blue Bill Park Place,Pescara,Abruzzi,65129,369,Nesta Ferrara,502-630-0078,spouse,719,4/18/2012
720,Norris,Martinyuk,49,nmartinyukjz@paginegialle.it,823,393,Marketing,41691.89,9/28/2019,635-893-5952,2 Homewood Avenue,Pescara,Abruzzi,65129,611,Norris Martinyuk,286-725-7380,parent,720,10/13/2012
721,Gerri,Ingray,24,gingrayk0@reference.com,559,490,Marketing,105801.09,7/12/2017,648-284-7264,49997 Manitowish Park,Pescara,Abruzzi,65129,470,Gerri Ingray,846-207-2526,spouse,721,3/3/2015
722,Merissa,Cosgry,55,mcosgryk1@google.com.au,142,707,Business Development,88086.34,1/30/2010,549-638-1665,259 Loomis Court,Pescara,Abruzzi,65129,187,Merissa Cosgry,556-725-9487,parent,722,6/9/2021
723,Phyllida,Matschek,45,pmatschekk2@mapquest.com,23,879,Legal,130551.18,10/17/2011,427-417-3686,63 Calypso Point,Pescara,Abruzzi,65129,939,Phyllida Matschek,694-919-8250,spouse,723,8/30/2010
724,Nealy,Erington,58,neringtonk3@mashable.com,447,957,Marketing,50913.2,5/15/2020,719-234-4275,1953 Mccormick Circle,Pescara,Abruzzi,65129,680,Nealy Erington,298-975-8834,friend,724,9/6/2014
725,Kathleen,Shreve,36,kshrevek4@cnn.com,68,460,Sales,78779.43,5/10/2022,396-611-2915,9 Manitowish Road,Pescara,Abruzzi,65129,446,Kathleen Shreve,771-882-1708,friend,725,11/3/2013
726,Beverly,Macallam,20,bmacallamk5@histats.com,284,405,Services,119795.67,9/3/2019,213-500-9113,804 Pond Plaza,Pescara,Abruzzi,65129,249,Beverly Macallam,644-381-7115,sibling,726,4/16/2012
727,Shannan,Lomansey,21,slomanseyk6@newsvine.com,264,689,Sales,89327.78,2/16/2022,632-426-2950,4 Oriole Court,Pescara,Abruzzi,65129,5,Shannan Lomansey,215-254-9635,parent,727,3/15/2015
728,Carina,Twinbourne,38,ctwinbournek7@forbes.com,687,741,Support,118072.57,4/21/2019,462-288-2087,443 Crowley Alley,Pescara,Abruzzi,65129,235,Carina Twinbourne,857-268-1336,spouse,728,7/3/2019
729,Sari,Traynor,33,straynork8@tamu.edu,826,532,Training,48696.81,1/10/2014,284-677-5226,20642 Kenwood Road,Pescara,Abruzzi,65129,357,Sari Traynor,751-156-6331,sibling,729,7/9/2012
730,Dennison,Loreit,48,dloreitk9@newsvine.com,612,299,Accounting,81929.94,9/30/2017,141-198-7719,7686 Fair Oaks Way,Pescara,Abruzzi,65129,132,Dennison Loreit,443-628-0634,friend,730,9/29/2016
731,Shayla,Penrith,20,spenrithka@miibeian.gov.cn,236,806,Human Resources,144736.38,10/7/2018,299-431-6281,9 Vahlen Crossing,Pescara,Abruzzi,65129,98,Shayla Penrith,699-946-7354,sibling,731,8/13/2012
732,Thatcher,Howling,49,thowlingkb@amazon.co.uk,373,532,Business Development,72973.07,7/1/2012,133-671-2830,13752 Spaight Circle,Pescara,Abruzzi,65129,263,Thatcher Howling,189-941-1743,friend,732,1/7/2019
733,Filippa,Benzi,54,fbenzikc@cbc.ca,919,374,Sales,60397.1,8/21/2018,150-501-5288,981 Norway Maple Place,Pescara,Abruzzi,65129,804,Filippa Benzi,694-757-7880,friend,733,12/11/2013
734,Mort,Pittet,54,mpittetkd@parallels.com,476,860,Legal,115803.21,10/12/2016,385-754-8473,531 Esker Point,Pescara,Abruzzi,65129,875,Mort Pittet,443-333-1292,parent,734,11/10/2012
735,Dorris,O' Markey,64,doke@census.gov,214,857,Legal,95575.99,4/6/2020,218-910-8460,91 Sunnyside Circle,Pescara,Abruzzi,65129,363,Dorris O' Markey,975-357-5859,spouse,735,10/7/2022
736,Asher,Motto,61,amottokf@npr.org,582,205,Support,145093.52,7/18/2022,470-438-3762,05041 Meadow Valley Trail,Pescara,Abruzzi,65129,848,Asher Motto,490-463-2398,friend,736,3/18/2017
737,Kiele,Wolseley,31,kwolseleykg@infoseek.co.jp,60,328,Support,39418.28,12/7/2019,106-919-1229,16 Bowman Plaza,Pescara,Abruzzi,65129,85,Kiele Wolseley,814-815-7676,friend,737,1/18/2014
738,Kirbie,Scothron,41,kscothronkh@epa.gov,745,790,Services,51575.38,12/24/2018,398-370-4545,54459 Hoard Trail,Pescara,Abruzzi,65129,240,Kirbie Scothron,224-574-3894,friend,738,1/14/2010
739,Rora,Hatry,37,rhatryki@skyrock.com,967,187,Marketing,136825.14,3/29/2011,493-219-6049,7472 Sage Lane,Pescara,Abruzzi,65129,463,Rora Hatry,753-452-1298,sibling,739,9/9/2017
740,Fanny,deKnevet,30,fdeknevetkj@gizmodo.com,981,373,Sales,118867.34,8/3/2019,974-216-8701,2 Pine View Drive,Pescara,Abruzzi,65129,44,Fanny deKnevet,989-250-3456,friend,740,11/25/2012
741,Meriel,Laval,39,mlavalkk@skype.com,324,30,Engineering,41636.06,2/15/2012,751-766-3850,829 Little Fleur Plaza,Pescara,Abruzzi,65129,194,Meriel Laval,674-681-8518,parent,741,4/3/2020
742,Alic,Mantione,65,amantionekl@marketwatch.com,164,310,Services,32750.9,8/8/2016,546-409-6429,3 Veith Point,Pescara,Abruzzi,65129,530,Alic Mantione,280-486-8905,spouse,742,1/9/2021
743,Elihu,Bruggeman,59,ebruggemankm@senate.gov,609,946,Accounting,40858.96,6/22/2022,164-801-4001,2261 Mandrake Crossing,Pescara,Abruzzi,65129,563,Elihu Bruggeman,275-974-1445,friend,743,1/26/2010
744,Cathleen,Jiras,50,cjiraskn@berkeley.edu,272,47,Legal,40384.5,10/8/2021,927-525-7019,764 Dottie Junction,Pescara,Abruzzi,65129,451,Cathleen Jiras,651-421-3348,sibling,744,12/7/2012
745,Leoline,Scare,57,lscareko@mayoclinic.com,991,227,Human Resources,84785.57,3/31/2011,513-952-3361,7304 Brickson Park Point,Pescara,Abruzzi,65129,912,Leoline Scare,721-456-4929,parent,745,12/8/2019
746,Griz,Shirland,27,gshirlandkp@deliciousdays.com,611,189,Training,66883.49,1/10/2012,334-910-7356,50 Oriole Pass,Pescara,Abruzzi,65129,969,Griz Shirland,953-442-4012,sibling,746,8/14/2016
747,Noelani,Jeayes,24,njeayeskq@buzzfeed.com,177,46,Research and Development,93063.87,8/12/2022,183-666-3215,58515 Crowley Street,Pescara,Abruzzi,65129,629,Noelani Jeayes,328-831-9426,friend,747,8/17/2022
748,Nichole,Balleine,19,nballeinekr@theglobeandmail.com,335,127,Human Resources,117970.79,1/5/2011,152-401-1519,44253 Kinsman Avenue,Pescara,Abruzzi,65129,707,Nichole Balleine,346-221-2037,parent,748,6/9/2020
749,Krisha,Manzell,44,kmanzellks@infoseek.co.jp,74,980,Product Management,34906.54,3/6/2017,249-708-9046,8 Reindahl Trail,Pescara,Abruzzi,65129,542,Krisha Manzell,968-664-2040,friend,749,8/15/2013
750,Guss,Adamiak,20,gadamiakkt@soup.io,454,785,Accounting,111108.86,3/7/2018,938-821-5565,02 Quincy Hill,Pescara,Abruzzi,65129,145,Guss Adamiak,258-660-5954,sibling,750,6/2/2019
751,Rory,Matic,64,rmaticku@nhs.uk,383,472,Human Resources,85322.94,9/30/2022,278-411-6094,7612 Susan Way,Pescara,Abruzzi,65129,503,Rory Matic,334-913-6022,sibling,751,8/29/2021
752,Millicent,Luxon,35,mluxonkv@hc360.com,915,312,Engineering,68785.7,9/5/2017,305-234-6301,39 Bartillon Avenue,Pescara,Abruzzi,65129,507,Millicent Luxon,951-680-2382,friend,752,3/25/2020
753,Melania,Joly,50,mjolykw@meetup.com,256,822,Support,117722.85,8/27/2017,133-107-8541,390 Prairie Rose Trail,Pescara,Abruzzi,65129,46,Melania Joly,767-458-1666,parent,753,10/31/2019
754,Daniele,Kittredge,49,dkittredgekx@java.com,887,717,Training,146860.68,8/26/2015,615-244-7332,9 Kinsman Park,Pescara,Abruzzi,65129,831,Daniele Kittredge,903-179-3021,parent,754,8/22/2019
755,Putnam,Treneman,56,ptrenemanky@mail.ru,29,498,Business Development,115475.52,12/18/2012,302-590-0751,2 Northport Avenue,Pescara,Abruzzi,65129,902,Putnam Treneman,408-557-8241,sibling,755,4/3/2011
756,Sigvard,Hanshawe,47,shanshawekz@go.com,876,33,Product Management,107095.22,10/2/2018,756-719-2714,100 Bay Park,Pescara,Abruzzi,65129,440,Sigvard Hanshawe,102-868-2320,sibling,756,10/24/2016
757,Norrie,Lovewell,52,nlovewelll0@flavors.me,13,80,Training,117366.33,11/18/2020,354-850-6298,3 Acker Parkway,Pescara,Abruzzi,65129,499,Norrie Lovewell,245-908-4268,friend,757,1/26/2017
758,Leanora,O'Curran,21,locurranl1@technorati.com,825,775,Research and Development,63553.16,12/9/2021,716-300-7810,02 Brentwood Parkway,Pescara,Abruzzi,65129,390,Leanora O'Curran,881-457-8065,spouse,758,8/18/2015
759,Ogden,Trubshaw,40,otrubshawl2@ow.ly,970,84,Human Resources,140955.12,5/25/2017,681-687-7546,3 Summer Ridge Street,Pescara,Abruzzi,65129,101,Ogden Trubshaw,734-508-4012,spouse,759,6/11/2019
760,Ermina,Honnicott,26,ehonnicottl3@narod.ru,316,67,Support,111893.15,1/16/2016,737-359-0147,68078 Crescent Oaks Drive,Pescara,Abruzzi,65129,302,Ermina Honnicott,125-404-2191,parent,760,9/5/2010
761,Marney,Durning,42,mdurningl4@japanpost.jp,182,51,Business Development,36529.16,11/13/2010,773-130-2371,67 Hoffman Circle,Pescara,Abruzzi,65129,347,Marney Durning,265-596-3596,friend,761,5/7/2020
762,Arlene,Cranson,32,acransonl5@wordpress.com,554,375,Human Resources,54693.97,7/13/2019,768-666-1890,325 Elka Plaza,Pescara,Abruzzi,65129,755,Arlene Cranson,951-617-0636,friend,762,1/17/2010
763,Mitchel,Farncomb,60,mfarncombl6@comsenz.com,62,109,Product Management,40277.41,3/9/2018,736-157-2774,45 Gina Circle,Pescara,Abruzzi,65129,857,Mitchel Farncomb,330-855-7779,spouse,763,7/24/2020
764,Franni,Le Blond,47,flel7@google.com.au,156,362,Support,114727.77,10/26/2017,967-954-5914,876 Hansons Drive,Pescara,Abruzzi,65129,492,Franni Le Blond,147-464-2077,sibling,764,5/31/2021
765,Roana,Assandri,60,rassandril8@wisc.edu,940,943,Product Management,87083.36,11/26/2010,248-360-3147,75 Service Circle,Pescara,Abruzzi,65129,693,Roana Assandri,527-698-0175,friend,765,10/4/2022
766,Marcella,Gamon,49,mgamonl9@chicagotribune.com,247,71,Research and Development,127554.55,3/16/2021,626-983-5447,33 Delaware Circle,Pescara,Abruzzi,65129,46,Marcella Gamon,516-923-3081,parent,766,7/16/2019
767,Judi,Cowpland,54,jcowplandla@usatoday.com,919,758,Marketing,94965.79,8/2/2019,637-545-4803,32610 Garrison Crossing,Pescara,Abruzzi,65129,116,Judi Cowpland,633-803-9313,sibling,767,2/10/2020
768,Marcelle,Peake,25,mpeakelb@hc360.com,524,289,Support,33817.52,4/15/2021,141-257-5409,85 Golf View Parkway,Pescara,Abruzzi,65129,990,Marcelle Peake,166-843-0890,sibling,768,4/16/2018
769,Smith,Sainsbury,30,ssainsburylc@de.vu,341,26,Human Resources,49680.71,8/22/2018,550-828-5050,736 Dexter Crossing,Pescara,Abruzzi,65129,27,Smith Sainsbury,730-738-2686,sibling,769,6/28/2022
770,Rand,Di Giorgio,62,rdild@google.pl,725,950,Business Development,117717.55,11/19/2013,455-559-7852,68738 Sullivan Park,Pescara,Abruzzi,65129,962,Rand Di Giorgio,835-800-3984,sibling,770,7/14/2019
771,Tiena,Suarez,62,tsuarezle@unesco.org,465,201,Human Resources,75692.83,9/11/2011,363-684-3636,28129 Milwaukee Alley,Pescara,Abruzzi,65129,877,Tiena Suarez,350-153-7981,spouse,771,7/1/2021
772,Loralee,Crosher,60,lcrosherlf@ft.com,3,298,Engineering,87260.8,4/5/2019,129-417-3263,80907 Miller Center,Pescara,Abruzzi,65129,726,Loralee Crosher,945-135-2407,spouse,772,11/11/2020
773,Rois,Chilcotte,42,rchilcottelg@last.fm,686,742,Legal,124049.09,11/2/2014,918-609-4690,89 Eastwood Crossing,Pescara,Abruzzi,65129,243,Rois Chilcotte,397-339-7009,friend,773,9/19/2011
774,Katuscha,Wondraschek,28,kwondrascheklh@storify.com,51,674,Support,60692.98,2/3/2014,797-520-2184,12 Merrick Junction,Pescara,Abruzzi,65129,241,Katuscha Wondraschek,308-198-9655,sibling,774,12/16/2020
775,Karney,Jowitt,62,kjowittli@tumblr.com,631,720,Research and Development,31979.02,2/13/2010,278-377-3884,224 Thompson Junction,Pescara,Abruzzi,65129,56,Karney Jowitt,468-782-6903,parent,775,4/14/2015
776,Raychel,Beards,29,rbeardslj@go.com,405,627,Support,121086.07,7/21/2017,598-502-2435,5106 Superior Avenue,Pescara,Abruzzi,65129,637,Raychel Beards,729-660-2184,friend,776,11/13/2022
777,Fina,Fipp,46,ffipplk@skyrock.com,65,230,Human Resources,107149.98,2/10/2016,271-202-3078,564 Vernon Pass,Pescara,Abruzzi,65129,584,Fina Fipp,970-949-7968,spouse,777,4/21/2010
778,Griffin,Rospars,29,grosparsll@jigsy.com,419,736,Accounting,109168.94,8/11/2015,203-488-3124,0798 Claremont Avenue,Pescara,Abruzzi,65129,38,Griffin Rospars,314-558-6545,friend,778,10/30/2011
779,Lennard,Iannetti,27,liannettilm@discovery.com,935,241,Human Resources,74142.95,11/8/2015,616-910-4769,25 Manufacturers Terrace,Pescara,Abruzzi,65129,257,Lennard Iannetti,865-996-1395,friend,779,9/18/2011
780,Kelley,Diggens,47,kdiggensln@cbslocal.com,721,99,Human Resources,68293.27,7/31/2012,954-389-0954,284 Northport Park,Pescara,Abruzzi,65129,19,Kelley Diggens,432-481-3846,parent,780,7/28/2015
781,Steffie,Millsom,54,smillsomlo@nytimes.com,77,446,Product Management,107154.78,12/6/2020,530-618-5801,2 Parkside Court,Pescara,Abruzzi,65129,574,Steffie Millsom,902-343-9300,spouse,781,3/3/2017
782,Gianna,Mincher,38,gmincherlp@storify.com,299,145,Human Resources,77068.3,9/15/2020,623-506-1212,1310 Rigney Plaza,Pescara,Abruzzi,65129,317,Gianna Mincher,785-207-0625,parent,782,9/16/2017
783,Austin,Bensusan,50,abensusanlq@usa.gov,885,282,Sales,146198.08,7/9/2019,157-611-6172,2433 Gateway Hill,Pescara,Abruzzi,65129,349,Austin Bensusan,963-187-6382,friend,783,1/5/2016
784,Stanleigh,Coste,42,scostelr@infoseek.co.jp,994,702,Marketing,92068.43,7/15/2016,102-564-4255,7293 Golf Course Hill,Pescara,Abruzzi,65129,327,Stanleigh Coste,684-883-3281,friend,784,9/19/2018
785,Chiquita,Jurczyk,39,cjurczykls@blogger.com,787,460,Accounting,141109.8,5/18/2014,360-134-9841,935 Mallard Trail,Pescara,Abruzzi,65129,199,Chiquita Jurczyk,322-570-5824,sibling,785,8/24/2020
786,Mace,Bigglestone,43,mbigglestonelt@state.gov,969,850,Support,147218.31,2/29/2016,877-660-2245,09189 Melvin Drive,Pescara,Abruzzi,65129,175,Mace Bigglestone,302-994-1635,spouse,786,12/23/2021
787,Pietra,Totterdell,23,ptotterdelllu@rediff.com,714,321,Marketing,136208.94,4/20/2022,296-881-0876,571 Superior Road,Pescara,Abruzzi,65129,477,Pietra Totterdell,305-867-5881,friend,787,4/11/2018
788,Etta,Rummin,34,erumminlv@globo.com,601,594,Marketing,100741.04,1/27/2010,775-912-0220,310 Di Loreto Alley,Pescara,Abruzzi,65129,914,Etta Rummin,767-353-3768,sibling,788,6/24/2019
789,Faustine,Borrow,55,fborrowlw@telegraph.co.uk,532,486,Support,123173.05,1/22/2018,744-123-8447,0378 Elgar Crossing,Pescara,Abruzzi,65129,114,Faustine Borrow,918-108-2928,parent,789,8/1/2022
790,Mufi,Keemar,62,mkeemarlx@house.gov,431,53,Support,64062.62,5/29/2018,683-489-6737,9 Scott Court,Pescara,Abruzzi,65129,9,Mufi Keemar,644-261-1547,parent,790,2/23/2013
791,Delmore,Ucceli,42,duccelily@europa.eu,624,762,Accounting,124834.33,7/27/2019,825-715-5850,4 Cambridge Center,Pescara,Abruzzi,65129,553,Delmore Ucceli,813-739-1937,spouse,791,3/20/2017
792,Goldie,Odam,31,godamlz@csmonitor.com,303,703,Legal,56666.42,4/28/2020,956-539-5127,6801 Dorton Circle,Pescara,Abruzzi,65129,548,Goldie Odam,292-884-7087,spouse,792,10/14/2019
793,Falito,Lile,49,flilem0@aol.com,762,805,Support,31512.66,2/15/2012,541-863-5277,915 Manitowish Lane,Pescara,Abruzzi,65129,709,Falito Lile,866-291-5786,sibling,793,10/19/2015
794,Merry,Swaddle,32,mswaddlem1@qq.com,582,167,Training,131345.93,4/27/2010,432-587-5970,26 Dennis Way,Pescara,Abruzzi,65129,681,Merry Swaddle,691-905-1916,spouse,794,8/10/2019
795,Charis,Benza,40,cbenzam2@addtoany.com,923,661,Research and Development,48679.26,7/1/2014,752-942-4395,44 Buell Road,Pescara,Abruzzi,65129,244,Charis Benza,379-581-6265,spouse,795,1/9/2010
796,Vince,Tythe,32,vtythem3@domainmarket.com,157,530,Research and Development,99083.32,11/26/2014,352-514-1229,3632 Thackeray Place,Pescara,Abruzzi,65129,835,Vince Tythe,156-714-8732,spouse,796,4/10/2012
797,Rocky,Pollack,43,rpollackm4@freewebs.com,755,276,Training,43219.14,12/7/2017,761-817-1125,7 Blackbird Pass,Pescara,Abruzzi,65129,12,Rocky Pollack,127-727-9813,sibling,797,12/31/2010
798,Charmine,Brogan,25,cbroganm5@wired.com,468,421,Accounting,103173.84,11/14/2016,368-843-2041,1218 Starling Avenue,Pescara,Abruzzi,65129,846,Charmine Brogan,601-625-4189,parent,798,5/26/2017
799,Mehetabel,Ducker,60,mduckerm6@businesswire.com,321,905,Research and Development,66976.76,11/3/2015,320-914-7919,56311 Anniversary Court,Pescara,Abruzzi,65129,999,Mehetabel Ducker,182-221-6215,parent,799,8/15/2018
800,Thorpe,Alloisi,57,talloisim7@slate.com,834,875,Marketing,135187.54,10/19/2013,634-558-7695,67578 Cardinal Way,Pescara,Abruzzi,65129,493,Thorpe Alloisi,102-904-8163,sibling,800,4/17/2013
801,Francklyn,McTavy,42,fmctavym8@technorati.com,366,857,Product Management,55686.3,11/23/2018,926-801-7991,173 Ronald Regan Center,Pescara,Abruzzi,65129,223,Francklyn McTavy,553-164-6603,parent,801,11/18/2015
802,Zaccaria,Fransemai,64,zfransemaim9@skyrock.com,210,686,Human Resources,127813.48,7/21/2013,692-137-9122,4322 Continental Trail,Pescara,Abruzzi,65129,18,Zaccaria Fransemai,163-690-7196,sibling,802,10/25/2010
803,Garth,Blasi,23,gblasima@booking.com,178,736,Marketing,117203.84,3/19/2022,532-901-5964,34 Ronald Regan Way,Pescara,Abruzzi,65129,893,Garth Blasi,623-869-2884,friend,803,2/18/2022
804,Tann,Dethloff,43,tdethloffmb@amazon.co.jp,446,319,Engineering,48116.65,2/28/2019,603-823-9410,9 Elka Street,Pescara,Abruzzi,65129,905,Tann Dethloff,258-477-0184,friend,804,11/28/2013
805,Bradford,Mechic,22,bmechicmc@gnu.org,646,449,Sales,63081.34,4/20/2013,767-374-6287,49448 Toban Center,Pescara,Abruzzi,65129,904,Bradford Mechic,165-342-6077,friend,805,11/15/2014
806,Rutger,Rathmell,64,rrathmellmd@php.net,530,811,Sales,110342.16,3/20/2020,313-591-8075,98 Fieldstone Hill,Pescara,Abruzzi,65129,801,Rutger Rathmell,579-615-3142,spouse,806,8/22/2018
807,Germaine,Easter,33,geasterme@elegantthemes.com,140,67,Engineering,61048.23,1/21/2020,637-918-7530,110 Forest Run Drive,Pescara,Abruzzi,65129,150,Germaine Easter,242-286-9965,friend,807,7/1/2016
808,Gill,Joiris,35,gjoirismf@seattletimes.com,835,958,Research and Development,120771.62,8/1/2018,681-144-0354,72726 Northwestern Trail,Pescara,Abruzzi,65129,164,Gill Joiris,729-363-5909,parent,808,6/26/2011
809,Ariel,Bentjens,57,abentjensmg@harvard.edu,428,60,Services,126534.62,8/6/2010,674-161-2865,2390 Dwight Parkway,Pescara,Abruzzi,65129,580,Ariel Bentjens,997-784-0397,sibling,809,7/22/2019
810,Flynn,Birks,44,fbirksmh@xinhuanet.com,338,942,Engineering,131492.78,11/12/2022,702-645-8768,5 Warrior Crossing,Pescara,Abruzzi,65129,894,Flynn Birks,668-421-7787,spouse,810,11/14/2020
811,Olive,Gabbitas,46,ogabbitasmi@google.nl,1000,81,Human Resources,101462.54,7/21/2013,274-554-6490,543 Declaration Junction,Pescara,Abruzzi,65129,331,Olive Gabbitas,340-457-6663,parent,811,8/6/2022
812,Sebastiano,Goalley,25,sgoalleymj@ftc.gov,584,886,Business Development,85116.33,1/4/2015,822-788-4035,2 Kennedy Lane,Pescara,Abruzzi,65129,2,Sebastiano Goalley,955-744-9958,spouse,812,8/28/2016
813,Lian,Martonfi,30,lmartonfimk@tinyurl.com,762,707,Training,113418.97,10/20/2016,933-785-9042,1 Del Mar Circle,Pescara,Abruzzi,65129,1,Lian Martonfi,251-393-0202,parent,813,10/12/2011
814,Em,Quinnette,33,equinnetteml@angelfire.com,837,816,Legal,50469.57,6/18/2019,753-653-6279,49 Sutteridge Lane,Pescara,Abruzzi,65129,440,Em Quinnette,332-954-0004,friend,814,12/1/2010
815,Sol,Twiddell,57,stwiddellmm@chicagotribune.com,702,472,Engineering,147695.36,3/3/2016,751-255-9444,938 Nancy Center,Pescara,Abruzzi,65129,356,Sol Twiddell,973-799-5672,friend,815,11/15/2016
816,Berk,Fligg,23,bfliggmn@jigsy.com,16,733,Research and Development,84465.85,8/29/2012,210-292-3270,3834 Everett Junction,Pescara,Abruzzi,65129,723,Berk Fligg,135-111-1868,spouse,816,9/2/2010
817,Vergil,McOwan,45,vmcowanmo@kickstarter.com,436,132,Services,145946.88,8/1/2021,929-740-4355,96349 Darwin Street,Pescara,Abruzzi,65129,291,Vergil McOwan,725-397-8968,friend,817,6/19/2018
818,Gerri,Yuryichev,32,gyuryichevmp@live.com,153,821,Product Management,85405.46,6/15/2013,169-230-4575,000 Schiller Lane,Pescara,Abruzzi,65129,79,Gerri Yuryichev,969-377-0079,spouse,818,12/29/2020
819,Marcile,Tivers,24,mtiversmq@chicagotribune.com,804,250,Engineering,139157.93,1/30/2015,193-529-0098,2561 Lukken Pass,Pescara,Abruzzi,65129,277,Marcile Tivers,549-730-6219,sibling,819,2/2/2021
820,Zonda,Pyott,48,zpyottmr@globo.com,813,353,Support,99842.97,1/21/2022,396-153-8310,9 Shasta Hill,Pescara,Abruzzi,65129,513,Zonda Pyott,803-922-0508,parent,820,8/7/2022
821,Ediva,Reast,48,ereastms@geocities.jp,806,647,Human Resources,60124.29,1/31/2020,600-378-9096,426 Victoria Park,Pescara,Abruzzi,65129,358,Ediva Reast,767-180-7285,spouse,821,1/21/2019
822,Jard,Steggals,50,jsteggalsmt@elpais.com,153,953,Sales,82058.59,4/6/2021,218-622-2598,4 Hagan Plaza,Pescara,Abruzzi,65129,59,Jard Steggals,960-151-8207,parent,822,11/19/2011
823,Anstice,Asbery,25,aasberymu@epa.gov,72,801,Services,95367.73,2/15/2015,736-439-3854,7990 Dawn Pass,Pescara,Abruzzi,65129,261,Anstice Asbery,748-836-6853,parent,823,6/1/2014
824,Nelie,Clemon,36,nclemonmv@hud.gov,96,973,Engineering,67557.37,12/4/2019,765-794-2946,3 Shasta Trail,Pescara,Abruzzi,65129,593,Nelie Clemon,294-803-3954,sibling,824,10/17/2016
825,Inesita,Mangin,41,imanginmw@privacy.gov.au,289,682,Business Development,55098.78,4/5/2018,768-511-5078,075 Atwood Park,Pescara,Abruzzi,65129,716,Inesita Mangin,256-127-1509,sibling,825,3/24/2018
826,Cristen,Jammet,22,cjammetmx@typepad.com,409,70,Marketing,56444.81,5/20/2017,234-525-5953,8 Milwaukee Crossing,Pescara,Abruzzi,65129,95,Cristen Jammet,244-752-4141,sibling,826,5/12/2011
827,Elayne,Putnam,62,eputnammy@symantec.com,51,779,Human Resources,60052.82,11/30/2013,214-844-3123,6 Dennis Road,Pescara,Abruzzi,65129,938,Elayne Putnam,997-186-6122,sibling,827,2/13/2017
828,Ibby,Kasman,40,ikasmanmz@virginia.edu,786,82,Accounting,103967.64,8/7/2016,228-313-5339,99821 Sugar Circle,Pescara,Abruzzi,65129,910,Ibby Kasman,282-961-3364,parent,828,7/5/2011
829,Camilla,Poag,22,cpoagn0@issuu.com,69,48,Research and Development,74865.07,11/9/2012,431-754-0772,5737 Blue Bill Park Place,Pescara,Abruzzi,65129,160,Camilla Poag,218-340-9782,sibling,829,11/22/2020
830,Lucienne,enzley,57,lenzleyn1@zimbio.com,766,149,Services,135453.41,11/13/2022,157-988-0725,87254 Manufacturers Road,Pescara,Abruzzi,65129,4,Lucienne enzley,912-761-4212,spouse,830,1/25/2011
831,Ingunna,Dillet,35,idilletn2@meetup.com,476,190,Accounting,95340.32,11/11/2013,291-180-2803,949 Clemons Road,Pescara,Abruzzi,65129,877,Ingunna Dillet,931-947-9575,sibling,831,9/26/2020
832,Ania,Di Biagi,63,adin3@google.com,863,938,Marketing,125974.17,11/26/2015,756-559-1343,14 1st Place,Pescara,Abruzzi,65129,211,Ania Di Biagi,278-600-6116,spouse,832,4/17/2017
833,Doro,Macer,50,dmacern4@google.com.br,961,233,Business Development,88212.87,6/20/2019,665-722-2533,0 Melvin Way,Pescara,Abruzzi,65129,363,Doro Macer,488-681-6593,friend,833,4/8/2022
834,Kania,Kenward,21,kkenwardn5@jugem.jp,367,433,Research and Development,36519.47,5/29/2015,617-242-3187,47488 Autumn Leaf Plaza,Pescara,Abruzzi,65129,158,Kania Kenward,754-620-9166,sibling,834,11/2/2019
835,Bridget,Maffetti,37,bmaffettin6@freewebs.com,203,935,Accounting,80127.24,8/30/2018,658-136-5842,60656 Crowley Alley,Pescara,Abruzzi,65129,397,Bridget Maffetti,144-568-1965,sibling,835,4/22/2012
836,Kliment,Bainbridge,59,kbainbridgen7@wired.com,7,244,Marketing,81807.17,12/3/2019,558-975-5522,9925 Westerfield Way,Pescara,Abruzzi,65129,490,Kliment Bainbridge,707-773-5108,spouse,836,10/6/2010
837,Lila,Dargavel,25,ldargaveln8@quantcast.com,696,741,Marketing,108813.45,3/16/2017,263-341-6298,419 Helena Court,Pescara,Abruzzi,65129,243,Lila Dargavel,984-203-1684,parent,837,12/2/2010
838,Lindie,Beartup,56,lbeartupn9@example.com,581,623,Business Development,141507.64,5/5/2015,123-298-7155,294 Elmside Pass,Pescara,Abruzzi,65129,156,Lindie Beartup,102-525-4105,parent,838,6/3/2021
839,Missy,Prando,59,mprandona@npr.org,766,763,Human Resources,38871.81,7/28/2018,875-370-2989,167 Brentwood Parkway,Pescara,Abruzzi,65129,920,Missy Prando,604-662-2189,parent,839,2/21/2016
840,Vail,Woodcroft,33,vwoodcroftnb@yandex.ru,875,568,Engineering,141013.84,12/1/2021,841-218-7767,7713 Sauthoff Road,Pescara,Abruzzi,65129,999,Vail Woodcroft,955-512-9291,sibling,840,6/13/2017
841,Annnora,Topp,24,atoppnc@gizmodo.com,973,814,Services,89376.75,8/22/2022,342-788-3562,45 Meadow Valley Park,Pescara,Abruzzi,65129,833,Annnora Topp,819-471-3165,spouse,841,9/15/2017
842,Odell,Lefridge,54,olefridgend@dyndns.org,14,353,Marketing,85925.97,11/3/2017,733-111-7818,86118 Vermont Crossing,Pescara,Abruzzi,65129,592,Odell Lefridge,534-998-3790,sibling,842,7/11/2013
843,Claudio,Hails,23,chailsne@msu.edu,788,921,Training,113701.52,10/25/2014,565-169-9839,8364 Jenifer Park,Pescara,Abruzzi,65129,474,Claudio Hails,382-374-0424,friend,843,4/8/2017
844,Gloriane,Hammill,22,ghammillnf@jugem.jp,535,39,Engineering,66216.72,9/18/2022,417-748-6041,38 Iowa Parkway,Pescara,Abruzzi,65129,171,Gloriane Hammill,425-770-2836,spouse,844,5/27/2017
845,Katusha,Cringle,63,kcringleng@slideshare.net,245,964,Services,120478.8,7/16/2018,391-549-4143,65183 Dryden Trail,Pescara,Abruzzi,65129,871,Katusha Cringle,423-362-6927,friend,845,8/1/2015
846,Emelyne,Bengtsson,51,ebengtssonnh@example.com,63,45,Training,43517.71,6/28/2014,544-786-1698,865 Victoria Place,Pescara,Abruzzi,65129,605,Emelyne Bengtsson,981-321-6223,friend,846,12/21/2014
847,Finlay,Hoggan,37,fhogganni@ox.ac.uk,127,771,Product Management,85912.13,1/5/2021,745-836-7523,8005 Michigan Street,Pescara,Abruzzi,65129,372,Finlay Hoggan,438-107-0550,spouse,847,12/19/2013
848,Maurice,Billiard,26,mbilliardnj@bravesites.com,256,517,Support,91367.85,10/13/2012,738-212-4048,083 Hudson Center,Pescara,Abruzzi,65129,623,Maurice Billiard,329-240-7429,friend,848,2/18/2016
849,Dara,Paz,34,dpaznk@ycombinator.com,407,621,Sales,59599.17,9/19/2014,359-719-9616,770 Prentice Drive,Pescara,Abruzzi,65129,148,Dara Paz,373-781-1372,parent,849,7/16/2021
850,Ellswerth,Emmet,45,eemmetnl@freewebs.com,397,984,Sales,104811.06,11/7/2011,710-686-6869,5301 Carioca Drive,Pescara,Abruzzi,65129,610,Ellswerth Emmet,844-973-6109,friend,850,6/8/2015
851,Janina,Yeardsley,32,jyeardsleynm@newsvine.com,231,385,Support,100710.2,4/23/2022,943-191-9879,93584 Mockingbird Drive,Pescara,Abruzzi,65129,619,Janina Yeardsley,769-702-5896,parent,851,6/12/2022
852,Garrott,Gutowska,23,ggutowskann@shinystat.com,265,576,Research and Development,124200.23,5/5/2018,984-266-4303,687 Hansons Lane,Pescara,Abruzzi,65129,717,Garrott Gutowska,916-550-3552,spouse,852,7/6/2016
853,Bronson,Hounsome,46,bhounsomeno@usgs.gov,747,763,Sales,53891.18,4/9/2014,552-963-4861,36 Westridge Place,Pescara,Abruzzi,65129,761,Bronson Hounsome,476-620-6135,spouse,853,2/9/2020
854,Sherrie,Stuck,27,sstucknp@wikipedia.org,180,175,Product Management,75361.09,11/10/2016,600-690-3176,77920 Schlimgen Parkway,Pescara,Abruzzi,65129,80,Sherrie Stuck,684-671-1788,parent,854,5/20/2022
855,Mariquilla,Dauncey,27,mdaunceynq@adobe.com,550,347,Services,111422.59,1/4/2015,532-694-1330,8 Alpine Hill,Pescara,Abruzzi,65129,282,Mariquilla Dauncey,432-839-6047,spouse,855,3/1/2010
856,Merrily,Laminman,51,mlaminmannr@meetup.com,539,248,Sales,60885.88,12/17/2018,990-688-3951,14592 3rd Pass,Pescara,Abruzzi,65129,737,Merrily Laminman,784-235-3543,spouse,856,1/20/2015
857,Mozes,Goldsbury,24,mgoldsburyns@webs.com,864,272,Training,73308.54,12/31/2015,962-366-7457,1 3rd Terrace,Pescara,Abruzzi,65129,604,Mozes Goldsbury,985-985-0850,spouse,857,10/16/2018
858,Hal,Pimbley,47,hpimbleynt@techcrunch.com,351,400,Support,38509.89,10/29/2018,774-693-4912,19 Manley Hill,Pescara,Abruzzi,65129,187,Hal Pimbley,256-761-7795,sibling,858,9/4/2015
859,Reiko,Fishburn,29,rfishburnnu@addthis.com,529,91,Training,74257.6,9/16/2022,314-415-1443,168 Mallory Drive,Pescara,Abruzzi,65129,227,Reiko Fishburn,586-721-8096,friend,859,8/6/2012
860,Lay,Nielson,32,lnielsonnv@technorati.com,368,897,Sales,69832.66,8/8/2021,907-275-2274,1344 Kropf Way,Pescara,Abruzzi,65129,962,Lay Nielson,163-773-6672,spouse,860,10/16/2015
861,Jessamine,Duchatel,39,jduchatelnw@w3.org,462,181,Business Development,122071.05,1/15/2018,263-317-1759,7903 Anniversary Crossing,Pescara,Abruzzi,65129,437,Jessamine Duchatel,144-121-9670,friend,861,6/11/2012
862,Philippine,Stainton - Skinn,60,pstaintonnx@usa.gov,547,621,Engineering,44849.54,5/9/2013,543-651-3375,0 Londonderry Center,Pescara,Abruzzi,65129,369,Philippine Stainton - Skinn,984-700-7186,sibling,862,1/1/2020
863,Nicolis,Blaschek,46,nblaschekny@state.gov,491,192,Services,37089.44,4/18/2016,653-316-9443,535 Nobel Parkway,Pescara,Abruzzi,65129,491,Nicolis Blaschek,416-969-5532,sibling,863,12/30/2019
864,Lula,Pitceathly,46,lpitceathlynz@facebook.com,935,819,Services,103602.26,7/22/2015,426-739-1712,37979 Sachs Court,Pescara,Abruzzi,65129,397,Lula Pitceathly,895-349-6061,friend,864,5/17/2015
865,Israel,Skeels,33,iskeelso0@shinystat.com,898,91,Business Development,130631.25,1/23/2019,920-270-5208,96 Bellgrove Junction,Pescara,Abruzzi,65129,497,Israel Skeels,353-123-0232,friend,865,12/19/2018
866,Britte,Delmonti,20,bdelmontio1@samsung.com,806,433,Research and Development,125168.73,1/16/2017,859-261-2083,608 Nelson Point,Pescara,Abruzzi,65129,323,Britte Delmonti,754-973-3804,sibling,866,6/27/2018
867,Pasquale,Pilling,64,ppillingo2@latimes.com,732,415,Product Management,71253.3,12/4/2018,135-763-1286,0 Pawling Point,Pescara,Abruzzi,65129,910,Pasquale Pilling,157-820-2177,spouse,867,1/3/2016
868,Odele,Clampe,34,oclampeo3@epa.gov,852,328,Marketing,114922.71,4/12/2018,522-687-9777,9 Schmedeman Street,Pescara,Abruzzi,65129,903,Odele Clampe,486-324-2205,friend,868,8/25/2016
869,Ursala,Stoves,34,ustoveso4@baidu.com,95,798,Sales,46893.5,9/29/2010,577-396-9955,33 Old Shore Place,Pescara,Abruzzi,65129,449,Ursala Stoves,548-454-2112,parent,869,5/17/2013
870,Gus,Dysart,46,gdysarto5@a8.net,154,628,Training,131519.95,9/16/2015,384-750-8490,6037 Schlimgen Parkway,Pescara,Abruzzi,65129,689,Gus Dysart,588-103-0100,parent,870,10/1/2012
871,Dory,Varndell,64,dvarndello6@nydailynews.com,570,52,Product Management,90013.06,10/5/2013,312-962-6222,5 Hagan Park,Pescara,Abruzzi,65129,51,Dory Varndell,517-847-5402,parent,871,11/2/2012
872,Livvie,Euler,31,leulero7@purevolume.com,734,769,Engineering,113702.22,4/27/2022,445-983-4174,6 Blaine Place,Pescara,Abruzzi,65129,660,Livvie Euler,700-696-2612,spouse,872,8/27/2021
873,Merrilee,Dooland,40,mdoolando8@posterous.com,379,389,Research and Development,133933.45,6/8/2011,787-734-2231,49478 Sage Park,Pescara,Abruzzi,65129,216,Merrilee Dooland,671-134-0721,friend,873,1/9/2011
874,Lynn,De Laspee,50,ldeo9@cdbaby.com,702,621,Marketing,35392.74,5/4/2019,220-675-0110,485 Kings Pass,Pescara,Abruzzi,65129,256,Lynn De Laspee,981-634-4291,sibling,874,5/11/2013
875,Darill,Benneyworth,21,dbenneyworthoa@ask.com,404,426,Sales,62163.81,12/8/2021,560-512-2440,8728 Kipling Place,Pescara,Abruzzi,65129,274,Darill Benneyworth,307-165-8189,sibling,875,9/24/2018
876,Atalanta,Kidstoun,45,akidstounob@clickbank.net,903,677,Human Resources,116745.97,1/3/2013,377-939-6928,15 Lake View Street,Pescara,Abruzzi,65129,993,Atalanta Kidstoun,363-288-6474,spouse,876,11/29/2017
877,Darn,Strutton,65,dstruttonoc@berkeley.edu,904,745,Training,56872.16,10/17/2018,537-344-3452,73519 Saint Paul Parkway,Pescara,Abruzzi,65129,460,Darn Strutton,623-164-1277,parent,877,9/16/2014
878,Pollyanna,Godfery,42,pgodferyod@acquirethisname.com,173,599,Sales,123359.33,5/23/2020,282-384-2354,0 Manufacturers Street,Pescara,Abruzzi,65129,329,Pollyanna Godfery,569-897-9342,spouse,878,7/2/2011
879,Garret,Eldritt,61,geldrittoe@sitemeter.com,139,292,Legal,89656.25,11/2/2016,846-409-2198,9802 Susan Hill,Pescara,Abruzzi,65129,695,Garret Eldritt,230-366-7687,spouse,879,1/30/2021
880,Atalanta,Braunfeld,65,abraunfeldof@examiner.com,256,471,Marketing,104604.04,11/24/2012,700-691-1922,301 Pearson Center,Pescara,Abruzzi,65129,422,Atalanta Braunfeld,715-568-1545,parent,880,7/15/2013
881,Cathrine,Andrioli,32,candrioliog@bluehost.com,85,20,Human Resources,105532.35,5/30/2017,767-249-7566,76 Russell Pass,Pescara,Abruzzi,65129,141,Cathrine Andrioli,817-937-6391,sibling,881,9/28/2012
882,Josie,Peasegood,31,jpeasegoodoh@hugedomains.com,949,533,Sales,90707.1,2/7/2021,123-519-1031,67727 Banding Park,Pescara,Abruzzi,65129,884,Josie Peasegood,394-834-8615,parent,882,5/7/2015
883,Bart,Yeo,31,byeooi@yellowbook.com,619,241,Legal,138660.47,11/6/2016,165-968-5210,03625 Merchant Junction,Pescara,Abruzzi,65129,476,Bart Yeo,684-913-7610,spouse,883,4/20/2014
884,Mandel,Parsisson,28,mparsissonoj@flickr.com,58,513,Marketing,46385.16,7/5/2015,313-356-8835,322 Comanche Hill,Pescara,Abruzzi,65129,3,Mandel Parsisson,947-790-3607,friend,884,9/3/2012
885,Lane,Kordas,26,lkordasok@nifty.com,373,317,Sales,39420.63,5/15/2021,456-167-5923,8 Steensland Park,Pescara,Abruzzi,65129,239,Lane Kordas,361-567-0163,sibling,885,4/11/2019
886,Harvey,Swaffer,43,hswafferol@ycombinator.com,77,323,Sales,35075.1,8/21/2021,693-557-7532,738 Boyd Point,Pescara,Abruzzi,65129,628,Harvey Swaffer,454-262-8942,friend,886,11/24/2017
887,Laurent,Crone,29,lcroneom@imdb.com,968,115,Accounting,95897.9,5/3/2012,938-300-4431,182 Mosinee Hill,Pescara,Abruzzi,65129,736,Laurent Crone,912-732-3711,sibling,887,8/18/2012
888,Nolie,Bowie,31,nbowieon@twitter.com,492,532,Marketing,117180.83,10/14/2011,604-464-8599,482 Hagan Court,Pescara,Abruzzi,65129,949,Nolie Bowie,273-122-0137,spouse,888,8/23/2014
889,Sharity,Arington,45,saringtonoo@istockphoto.com,674,284,Accounting,103285.09,7/26/2013,306-617-9971,0 Truax Alley,Pescara,Abruzzi,65129,786,Sharity Arington,622-246-0822,parent,889,7/7/2021
890,Walt,Sentance,25,wsentanceop@jigsy.com,451,795,Sales,51294.83,8/26/2016,459-656-3572,409 Burrows Hill,Pescara,Abruzzi,65129,80,Walt Sentance,180-675-9631,friend,890,2/19/2018
891,Zarah,McKelvie,49,zmckelvieoq@lulu.com,31,862,Support,83384.56,11/1/2011,759-989-7792,7 Hazelcrest Park,Pescara,Abruzzi,65129,658,Zarah McKelvie,791-318-5314,parent,891,12/27/2012
892,Eward,Lakenton,61,elakentonor@dropbox.com,747,244,Accounting,79947.5,5/21/2013,735-554-2924,255 Golf Court,Pescara,Abruzzi,65129,488,Eward Lakenton,679-632-7655,parent,892,6/24/2021
893,Elisabeth,Kalinsky,34,ekalinskyos@meetup.com,894,801,Marketing,45417.93,11/29/2021,462-572-1186,56652 Maple Wood Park,Pescara,Abruzzi,65129,333,Elisabeth Kalinsky,255-308-2924,spouse,893,11/19/2013
894,Fifi,MacKean,37,fmackeanot@wsj.com,154,757,Accounting,61824.11,1/4/2013,147-517-9493,13 Hoffman Park,Pescara,Abruzzi,65129,245,Fifi MacKean,649-212-0271,spouse,894,6/27/2017
895,Carr,Valder,57,cvalderou@jalbum.net,382,109,Product Management,123988.77,6/17/2013,374-810-0923,91 Hooker Lane,Pescara,Abruzzi,65129,932,Carr Valder,635-932-9093,parent,895,11/23/2013
896,Karylin,Beecheno,58,kbeechenoov@jiathis.com,649,562,Training,101192.75,3/22/2013,674-879-9808,42 Londonderry Lane,Pescara,Abruzzi,65129,416,Karylin Beecheno,550-463-9940,friend,896,11/26/2021
897,Eugenie,Godspede,52,egodspedeow@nsw.gov.au,43,711,Research and Development,136968.63,3/3/2016,364-979-7960,0842 Pond Place,Pescara,Abruzzi,65129,697,Eugenie Godspede,117-972-9581,parent,897,5/16/2019
898,Nikolas,Guillond,43,nguillondox@hud.gov,252,301,Services,90485.9,9/12/2020,814-451-5363,7604 Bartelt Street,Pescara,Abruzzi,65129,699,Nikolas Guillond,156-641-1255,parent,898,4/18/2021
899,Forrest,Obee,29,fobeeoy@edublogs.org,227,100,Business Development,96045.99,10/21/2016,145-672-6831,37 Bellgrove Point,Pescara,Abruzzi,65129,232,Forrest Obee,205-987-8981,spouse,899,2/1/2015
900,Shayne,Dorman,39,sdormanoz@twitpic.com,622,748,Services,122638.61,3/5/2020,637-630-6752,5 Grim Pass,Pescara,Abruzzi,65129,88,Shayne Dorman,253-583-2492,parent,900,8/7/2013
901,Virginia,Arndt,25,varndtp0@google.ru,571,439,Product Management,108975.83,7/9/2018,447-102-4137,877 Lakeland Pass,Pescara,Abruzzi,65129,639,Virginia Arndt,818-728-2662,spouse,901,6/19/2015
902,Andrey,Pretor,39,apretorp1@nationalgeographic.com,988,436,Training,82059.78,2/11/2016,307-876-1589,926 Dawn Alley,Pescara,Abruzzi,65129,975,Andrey Pretor,381-334-1586,spouse,902,8/31/2013
903,Helyn,Mutch,27,hmutchp2@etsy.com,589,305,Business Development,58015.06,8/9/2020,354-979-0391,79 Cardinal Drive,Pescara,Abruzzi,65129,102,Helyn Mutch,341-690-4538,friend,903,3/17/2015
904,Jenn,Dunkerley,52,jdunkerleyp3@dedecms.com,23,952,Research and Development,49695.67,2/4/2019,814-476-9610,60159 Petterle Alley,Pescara,Abruzzi,65129,533,Jenn Dunkerley,329-356-8009,parent,904,1/2/2016
905,Garrick,Ferri,63,gferrip4@discovery.com,318,89,Marketing,39421.77,8/3/2010,881-544-5967,21218 Hagan Circle,Pescara,Abruzzi,65129,818,Garrick Ferri,537-754-9754,spouse,905,7/10/2011
906,Jared,Fairbourn,55,jfairbournp5@eventbrite.com,749,446,Human Resources,117000.1,1/26/2020,545-546-6631,6327 Ronald Regan Circle,Pescara,Abruzzi,65129,525,Jared Fairbourn,314-454-8694,friend,906,10/12/2014
907,Cchaddie,Strettell,30,cstrettellp6@barnesandnoble.com,185,209,Human Resources,48163.37,10/2/2017,783-337-4673,384 Judy Park,Pescara,Abruzzi,65129,554,Cchaddie Strettell,632-455-7295,spouse,907,11/6/2013
908,Bradly,Konneke,46,bkonnekep7@marriott.com,501,243,Legal,87602.62,2/12/2022,946-140-5833,54865 Nevada Drive,Pescara,Abruzzi,65129,335,Bradly Konneke,214-566-8945,sibling,908,3/17/2020
909,Sylvester,Vella,34,svellap8@tripadvisor.com,425,64,Sales,115920.77,9/16/2018,968-286-8896,016 Starling Crossing,Pescara,Abruzzi,65129,683,Sylvester Vella,185-406-9194,parent,909,6/10/2011
910,Horatius,Zavattero,47,hzavatterop9@1688.com,215,786,Sales,62295.47,9/3/2019,160-774-6183,91 Transport Circle,Pescara,Abruzzi,65129,952,Horatius Zavattero,327-647-2158,sibling,910,5/10/2017
911,Mildred,Killich,55,mkillichpa@hhs.gov,750,746,Engineering,91978.55,9/3/2021,501-212-7755,41981 Dunning Crossing,Pescara,Abruzzi,65129,807,Mildred Killich,766-845-4499,friend,911,3/22/2022
912,Nanci,Zavittieri,41,nzavittieripb@msn.com,511,336,Engineering,144841.42,11/1/2020,697-388-8623,28 Del Mar Circle,Pescara,Abruzzi,65129,358,Nanci Zavittieri,501-501-7218,spouse,912,4/1/2020
913,Murdock,Lyddyard,63,mlyddyardpc@virginia.edu,826,68,Training,34410.72,7/21/2019,840-877-2784,85827 Waywood Terrace,Pescara,Abruzzi,65129,920,Murdock Lyddyard,350-177-8395,spouse,913,10/29/2016
914,Myrtle,Ygou,19,mygoupd@behance.net,227,42,Business Development,48632.26,2/7/2017,696-307-5876,1570 Forest Center,Pescara,Abruzzi,65129,880,Myrtle Ygou,105-393-1267,friend,914,8/28/2012
915,Ardelia,Fortun,28,afortunpe@samsung.com,788,60,Research and Development,130415.08,6/8/2013,593-987-7342,58 Heath Way,Pescara,Abruzzi,65129,927,Ardelia Fortun,505-691-3528,friend,915,8/29/2016
916,Anastassia,Coleiro,25,acoleiropf@goo.gl,953,60,Human Resources,59852.94,10/25/2019,260-743-5692,23915 Green Ridge Parkway,Pescara,Abruzzi,65129,344,Anastassia Coleiro,752-354-2043,spouse,916,9/10/2014
917,Dayna,Vaskov,28,dvaskovpg@lycos.com,351,765,Legal,48245.42,6/20/2022,309-271-2704,6747 Sauthoff Hill,Pescara,Abruzzi,65129,898,Dayna Vaskov,907-502-1983,spouse,917,1/24/2015
918,Marianne,Castagneri,33,mcastagneriph@wp.com,110,55,Support,74350.46,9/7/2013,632-774-1219,8 Corry Court,Pescara,Abruzzi,65129,68,Marianne Castagneri,445-129-0708,sibling,918,1/9/2011
919,Kala,Andreini,20,kandreinipi@mtv.com,618,615,Business Development,85749.24,8/5/2012,797-681-8050,7166 Nobel Point,Pescara,Abruzzi,65129,839,Kala Andreini,225-494-7496,parent,919,1/11/2022
920,Grantham,Tineman,56,gtinemanpj@cdbaby.com,346,52,Engineering,97764.13,1/31/2015,772-907-4876,687 Petterle Junction,Pescara,Abruzzi,65129,256,Grantham Tineman,816-943-7192,sibling,920,11/4/2016
921,Ade,Kliement,25,akliementpk@live.com,839,325,Training,73276.71,12/26/2013,920-159-2096,19714 Sloan Lane,Pescara,Abruzzi,65129,332,Ade Kliement,980-868-9206,sibling,921,11/9/2018
922,Tonya,Dunlop,18,tdunloppl@examiner.com,33,294,Marketing,130661.46,6/14/2011,221-710-0937,361 Helena Crossing,Pescara,Abruzzi,65129,580,Tonya Dunlop,886-497-5150,sibling,922,3/2/2013
923,Mortie,Dubose,58,mdubosepm@naver.com,564,777,Support,135127.58,7/3/2015,748-745-9736,69 Roth Court,Pescara,Abruzzi,65129,992,Mortie Dubose,825-529-6796,friend,923,6/9/2012
924,Jenelle,Barradell,53,jbarradellpn@trellian.com,299,842,Human Resources,116516.39,4/20/2013,828-554-6353,98118 Spohn Place,Pescara,Abruzzi,65129,702,Jenelle Barradell,606-607-3277,spouse,924,4/2/2021
925,Charmaine,Sculpher,19,csculpherpo@chronoengine.com,334,102,Sales,124207.41,9/11/2022,828-831-4355,7 New Castle Trail,Pescara,Abruzzi,65129,257,Charmaine Sculpher,573-578-6226,friend,925,11/21/2017
926,Sabine,Ciepluch,40,sciepluchpp@bandcamp.com,837,818,Sales,145312.62,1/9/2021,841-711-3505,9 Lien Point,Pescara,Abruzzi,65129,519,Sabine Ciepluch,100-402-3624,parent,926,8/22/2021
927,Yard,Bewick,27,ybewickpq@1688.com,859,104,Research and Development,59334.06,10/3/2020,300-630-4534,8 Chive Terrace,Pescara,Abruzzi,65129,489,Yard Bewick,398-812-7841,friend,927,8/28/2011
928,Ewell,Dunbobbin,44,edunbobbinpr@cmu.edu,422,892,Marketing,133483.21,1/22/2022,368-708-8811,94 Hudson Avenue,Pescara,Abruzzi,65129,627,Ewell Dunbobbin,477-495-0063,parent,928,11/19/2010
929,Knox,Ceschini,51,kceschinips@tinypic.com,598,586,Product Management,54682.24,12/13/2022,219-741-5255,2 Hoard Pass,Pescara,Abruzzi,65129,174,Knox Ceschini,561-762-7920,friend,929,4/10/2014
930,Barby,Salamon,26,bsalamonpt@uol.com.br,345,829,Services,107956.86,1/17/2017,782-529-2781,12 Scofield Lane,Pescara,Abruzzi,65129,457,Barby Salamon,103-392-3701,sibling,930,5/13/2018
931,Enrichetta,McEvoy,39,emcevoypu@sciencedaily.com,810,580,Business Development,149460.87,5/22/2011,287-208-7371,47277 Nancy Place,Pescara,Abruzzi,65129,479,Enrichetta McEvoy,181-322-7231,sibling,931,9/21/2010
932,Rollins,Munnion,25,rmunnionpv@cornell.edu,288,877,Business Development,113057.84,8/25/2018,900-202-6367,1 Oak Valley Junction,Pescara,Abruzzi,65129,665,Rollins Munnion,306-301-9849,spouse,932,10/4/2011
933,Toddy,Potteridge,61,tpotteridgepw@clickbank.net,805,698,Engineering,56419.44,2/20/2017,213-967-0284,0921 Rowland Junction,Pescara,Abruzzi,65129,142,Toddy Potteridge,722-594-3511,sibling,933,11/27/2011
934,Padraig,Tradewell,46,ptradewellpx@ycombinator.com,831,57,Accounting,56658.62,9/11/2022,317-834-7436,8910 Waywood Trail,Pescara,Abruzzi,65129,396,Padraig Tradewell,145-755-8555,spouse,934,5/1/2010
935,Cullen,Pering,55,cperingpy@parallels.com,982,776,Sales,71243.68,1/3/2010,946-972-3235,9 Graceland Drive,Pescara,Abruzzi,65129,700,Cullen Pering,388-377-7580,sibling,935,1/21/2017
936,Larine,Oldacre,46,loldacrepz@eepurl.com,731,521,Training,121550.19,11/12/2013,745-601-4236,21777 Sachtjen Court,Pescara,Abruzzi,65129,966,Larine Oldacre,346-516-5816,spouse,936,4/19/2021
937,Kaleena,Blaine,55,kblaineq0@feedburner.com,730,192,Marketing,88541.53,4/16/2011,960-743-0285,9033 Cody Junction,Pescara,Abruzzi,65129,999,Kaleena Blaine,151-228-4583,sibling,937,2/25/2018
938,Erek,Pitbladdo,33,epitbladdoq1@hhs.gov,644,765,Legal,97330.0,10/7/2022,735-864-4707,5 Delladonna Junction,Pescara,Abruzzi,65129,838,Erek Pitbladdo,375-623-9788,parent,938,5/22/2015
939,Rosie,Matthesius,58,rmatthesiusq2@gnu.org,312,546,Product Management,91579.5,12/10/2022,254-265-3504,07 Crownhardt Drive,Pescara,Abruzzi,65129,81,Rosie Matthesius,783-502-0015,sibling,939,2/24/2014
940,Tyrone,Minette,49,tminetteq3@eepurl.com,758,375,Training,91652.42,1/11/2012,646-439-3013,31 Anhalt Park,Pescara,Abruzzi,65129,824,Tyrone Minette,811-684-3112,parent,940,5/12/2021
941,Christoforo,Shreeves,60,cshreevesq4@indiatimes.com,772,541,Services,92274.11,8/10/2012,427-187-6530,73 Maple Wood Pass,Pescara,Abruzzi,65129,676,Christoforo Shreeves,848-647-0893,parent,941,1/4/2022
942,Petra,O'Gavin,44,pogavinq5@seattletimes.com,357,473,Training,88035.01,10/28/2013,515-125-1151,1773 Victoria Lane,Pescara,Abruzzi,65129,224,Petra O'Gavin,684-492-9087,sibling,942,6/13/2013
943,Charleen,Scoggan,61,cscogganq6@aol.com,355,985,Human Resources,105562.96,9/5/2022,685-641-4192,188 Derek Plaza,Pescara,Abruzzi,65129,548,Charleen Scoggan,159-510-6521,parent,943,10/17/2011
944,Eloisa,Wilfing,54,ewilfingq7@wiley.com,468,637,Services,44761.35,12/6/2019,634-265-9662,22251 Paget Way,Pescara,Abruzzi,65129,758,Eloisa Wilfing,239-872-7998,sibling,944,1/13/2021
945,Windy,Redshaw,63,wredshawq8@ibm.com,386,875,Human Resources,120107.55,7/26/2019,660-755-7558,3622 Emmet Center,Pescara,Abruzzi,65129,534,Windy Redshaw,794-289-7644,friend,945,10/30/2018
946,Clarabelle,Brea,44,cbreaq9@moonfruit.com,65,224,Accounting,92388.54,9/24/2013,401-184-2984,61569 Westend Point,Pescara,Abruzzi,65129,825,Clarabelle Brea,753-895-1984,friend,946,9/23/2021
947,Sherlock,Huard,33,shuardqa@list-manage.com,873,324,Product Management,99785.89,5/6/2013,704-200-1065,18492 Melody Drive,Pescara,Abruzzi,65129,720,Sherlock Huard,554-930-3155,spouse,947,3/27/2014
948,Sydel,Cane,20,scaneqb@ft.com,104,106,Services,48089.67,9/5/2013,709-611-5396,94 Bluestem Plaza,Pescara,Abruzzi,65129,917,Sydel Cane,781-407-7998,spouse,948,7/24/2011
949,Orlan,Booeln,24,obooelnqc@uiuc.edu,880,226,Support,143056.52,12/30/2014,883-580-7516,18 Maywood Circle,Pescara,Abruzzi,65129,62,Orlan Booeln,994-675-0119,sibling,949,12/3/2020
950,Erasmus,Vassar,36,evassarqd@twitpic.com,297,927,Legal,111802.2,11/5/2010,192-830-8944,7 Heath Center,Pescara,Abruzzi,65129,655,Erasmus Vassar,813-841-0216,friend,950,1/11/2019
951,Sigrid,Levick,50,slevickqe@cdbaby.com,541,339,Research and Development,113438.77,8/7/2015,635-117-4725,46745 Continental Drive,Pescara,Abruzzi,65129,727,Sigrid Levick,266-753-6295,parent,951,9/26/2016
952,Myra,Rosenboim,49,mrosenboimqf@dropbox.com,82,31,Business Development,82285.55,2/12/2011,116-798-8856,90 Coleman Junction,Pescara,Abruzzi,65129,890,Myra Rosenboim,281-310-6265,friend,952,6/18/2018
953,Vic,Gillion,44,vgillionqg@digg.com,978,27,Engineering,30863.51,6/28/2021,811-468-5365,50 Golf View Place,Pescara,Abruzzi,65129,854,Vic Gillion,424-664-0879,sibling,953,12/18/2013
954,Sherry,Frizell,33,sfrizellqh@hugedomains.com,280,210,Accounting,107501.81,12/17/2021,291-717-7200,659 School Hill,Pescara,Abruzzi,65129,144,Sherry Frizell,740-146-7440,spouse,954,11/20/2015
955,Kelsy,Dunlop,53,kdunlopqi@msn.com,81,697,Sales,40583.09,1/3/2018,985-678-1389,64 Bartillon Crossing,Pescara,Abruzzi,65129,445,Kelsy Dunlop,918-477-2823,friend,955,5/2/2011
956,Christine,Self,65,cselfqj@last.fm,828,691,Engineering,145707.4,5/19/2022,989-547-2683,1974 Armistice Pass,Pescara,Abruzzi,65129,966,Christine Self,375-540-6567,friend,956,2/23/2014
957,Hillie,Sailor,54,hsailorqk@nature.com,828,578,Marketing,84964.49,5/31/2018,841-214-9045,99 Schlimgen Park,Pescara,Abruzzi,65129,502,Hillie Sailor,375-397-3977,sibling,957,7/9/2022
958,Beverie,Glanvill,33,bglanvillql@bandcamp.com,527,184,Business Development,52319.33,10/28/2016,550-379-2680,08033 Anzinger Way,Pescara,Abruzzi,65129,982,Beverie Glanvill,915-401-5021,spouse,958,2/14/2012
959,Gayel,Karpol,49,gkarpolqm@about.com,829,284,Accounting,39908.94,3/29/2021,436-817-2916,72720 Dottie Court,Pescara,Abruzzi,65129,413,Gayel Karpol,481-777-9635,friend,959,6/8/2022
960,Haven,Leschelle,56,hleschelleqn@tmall.com,18,120,Engineering,43040.34,6/8/2016,774-134-4984,05 Butterfield Trail,Pescara,Abruzzi,65129,98,Haven Leschelle,946-106-5755,friend,960,11/12/2021
961,Ofilia,Heynen,61,oheynenqo@sohu.com,917,56,Engineering,61899.92,1/12/2010,831-694-5460,51375 Mosinee Alley,Pescara,Abruzzi,65129,13,Ofilia Heynen,404-471-9368,sibling,961,5/21/2020
962,Rhett,Wife,54,rwifeqp@google.de,744,437,Training,42849.49,7/16/2017,659-541-4993,341 Mockingbird Place,Pescara,Abruzzi,65129,875,Rhett Wife,721-707-5873,parent,962,6/21/2017
963,Muhammad,Tibbits,26,mtibbitsqq@t-online.de,274,215,Business Development,112821.05,2/1/2017,838-402-8403,7 Stone Corner Park,Pescara,Abruzzi,65129,978,Muhammad Tibbits,270-996-4111,sibling,963,5/13/2013
964,Davita,Scinelli,52,dscinelliqr@buzzfeed.com,520,132,Services,111227.12,12/22/2012,825-357-1124,99540 Reindahl Avenue,Pescara,Abruzzi,65129,523,Davita Scinelli,233-261-4528,sibling,964,3/12/2010
965,Christabel,De Domenicis,19,cdeqs@bloglovin.com,640,616,Human Resources,72653.35,4/28/2013,380-519-8276,57 Glacier Hill Circle,Pescara,Abruzzi,65129,988,Christabel De Domenicis,726-418-0416,sibling,965,4/15/2013
966,Harry,Callcott,40,hcallcottqt@goo.ne.jp,287,875,Research and Development,109662.4,7/15/2011,743-705-0084,61756 New Castle Alley,Pescara,Abruzzi,65129,503,Harry Callcott,422-450-0542,parent,966,10/2/2012
967,Lynde,Beardshaw,63,lbeardshawqu@istockphoto.com,651,497,Legal,51862.43,5/23/2015,831-390-7034,73502 Longview Avenue,Pescara,Abruzzi,65129,805,Lynde Beardshaw,260-995-1404,sibling,967,9/2/2016
968,Giacopo,Lembcke,29,glembckeqv@uol.com.br,178,377,Legal,135890.05,7/25/2015,871-516-2855,19 Division Circle,Pescara,Abruzzi,65129,166,Giacopo Lembcke,643-360-9871,parent,968,2/1/2015
969,Amy,Hardaway,53,ahardawayqw@marriott.com,281,150,Training,114575.23,3/15/2019,395-346-7432,44 Farragut Road,Pescara,Abruzzi,65129,149,Amy Hardaway,850-255-3318,spouse,969,4/10/2019
970,Creight,Shawe,25,cshaweqx@oaic.gov.au,242,544,Sales,113648.26,10/29/2017,524-435-4691,69424 Lien Court,Pescara,Abruzzi,65129,682,Creight Shawe,820-167-2242,spouse,970,12/25/2013
971,Iseabal,Trodler,28,itrodlerqy@bloglovin.com,484,339,Marketing,116506.01,3/1/2010,421-335-9416,2971 Pennsylvania Street,Pescara,Abruzzi,65129,196,Iseabal Trodler,895-501-3502,spouse,971,2/12/2013
972,Ike,Goatcher,38,igoatcherqz@1688.com,336,187,Business Development,62041.23,1/21/2014,966-568-4937,994 Ruskin Park,Pescara,Abruzzi,65129,627,Ike Goatcher,105-744-4444,parent,972,5/30/2022
973,Kellsie,Sandal,60,ksandalr0@paypal.com,440,951,Research and Development,63426.51,4/1/2011,538-773-0636,874 Amoth Way,Pescara,Abruzzi,65129,939,Kellsie Sandal,712-172-6743,friend,973,2/16/2014
974,Odessa,Mallabon,28,omallabonr1@chron.com,5,69,Business Development,91013.87,7/25/2018,234-848-9540,2 Trailsway Parkway,Pescara,Abruzzi,65129,890,Odessa Mallabon,720-415-0091,parent,974,8/15/2020
975,Raoul,Mountcastle,45,rmountcastler2@nydailynews.com,127,259,Sales,118180.19,9/16/2012,149-304-2514,4840 Linden Plaza,Pescara,Abruzzi,65129,431,Raoul Mountcastle,186-838-8168,sibling,975,9/18/2012
976,Jamie,Rizzini,61,jrizzinir3@wikipedia.org,147,567,Sales,124218.64,3/30/2016,377-908-4767,2388 Lien Hill,Pescara,Abruzzi,65129,868,Jamie Rizzini,300-380-1209,friend,976,11/24/2020
977,Clevey,Blucher,48,cblucherr4@independent.co.uk,168,730,Accounting,127085.77,1/9/2018,426-513-5011,4 Saint Paul Place,Pescara,Abruzzi,65129,894,Clevey Blucher,888-364-8252,sibling,977,10/25/2015
978,Anatole,Pegden,63,apegdenr5@zdnet.com,415,813,Business Development,38575.39,7/5/2017,369-403-9295,80 Vermont Alley,Pescara,Abruzzi,65129,338,Anatole Pegden,814-718-2295,spouse,978,4/25/2021
979,Gradeigh,McQuirter,23,gmcquirterr6@hhs.gov,126,629,Services,149915.86,4/3/2015,316-448-9872,66901 Fuller Pass,Pescara,Abruzzi,65129,145,Gradeigh McQuirter,378-658-6017,friend,979,2/23/2017
980,Celinka,Kreuzer,24,ckreuzerr7@pinterest.com,552,118,Business Development,90893.51,6/9/2014,225-269-9278,82932 Troy Alley,Pescara,Abruzzi,65129,521,Celinka Kreuzer,247-716-1328,spouse,980,6/10/2012
981,Salome,Percival,50,spercivalr8@gravatar.com,455,858,Research and Development,131574.68,5/28/2018,119-965-9629,02132 Butternut Crossing,Pescara,Abruzzi,65129,933,Salome Percival,429-499-8676,friend,981,5/24/2017
982,Shawnee,Anscombe,21,sanscomber9@behance.net,827,526,Product Management,123632.84,3/24/2011,378-926-9786,09 Golf Course Center,Pescara,Abruzzi,65129,172,Shawnee Anscombe,619-313-9947,sibling,982,3/14/2015
983,Collie,Crichmer,51,ccrichmerra@thetimes.co.uk,713,309,Research and Development,83671.1,9/14/2017,144-242-5213,016 Shasta Avenue,Pescara,Abruzzi,65129,354,Collie Crichmer,516-231-1073,friend,983,3/3/2015
984,Jolee,Shitliffe,42,jshitlifferb@studiopress.com,494,385,Sales,149825.69,4/26/2021,828-214-9773,99097 Michigan Trail,Pescara,Abruzzi,65129,625,Jolee Shitliffe,215-995-9181,spouse,984,9/22/2018
985,Tiebold,Jorden,30,tjordenrc@howstuffworks.com,653,963,Training,136288.33,11/17/2015,697-174-9589,3 Truax Park,Pescara,Abruzzi,65129,850,Tiebold Jorden,833-655-6288,friend,985,5/21/2014
986,Debora,Watkiss,26,dwatkissrd@unblog.fr,736,985,Research and Development,94891.9,1/24/2016,712-562-8878,7124 Melrose Parkway,Pescara,Abruzzi,65129,914,Debora Watkiss,380-390-9596,parent,986,5/9/2011
987,Luce,Wyles,22,lwylesre@bloglovin.com,936,195,Engineering,78372.59,5/16/2010,753-605-9609,7638 Melody Point,Pescara,Abruzzi,65129,369,Luce Wyles,807-236-8384,friend,987,3/20/2013
988,Andi,Ewestace,26,aewestacerf@homestead.com,741,811,Accounting,92960.37,6/17/2022,772-258-5666,22 Hudson Junction,Pescara,Abruzzi,65129,282,Andi Ewestace,953-524-0725,spouse,988,9/21/2018
989,Bevvy,Ballantine,32,bballantinerg@aboutads.info,520,164,Product Management,130675.68,11/1/2011,348-223-0361,95288 Oneill Avenue,Pescara,Abruzzi,65129,958,Bevvy Ballantine,517-368-3226,sibling,989,8/12/2013
990,Anastasie,Chilvers,45,achilversrh@last.fm,880,376,Support,41280.84,2/6/2017,282-526-6200,34961 Crownhardt Trail,Pescara,Abruzzi,65129,51,Anastasie Chilvers,474-396-4900,friend,990,12/10/2022
991,Helene,Godlip,22,hgodlipri@deviantart.com,13,961,Accounting,102117.36,8/16/2014,653-314-9201,07382 Holy Cross Junction,Pescara,Abruzzi,65129,321,Helene Godlip,890-770-8704,sibling,991,7/7/2015
992,Jerrine,Lynnitt,60,jlynnittrj@blogger.com,440,227,Sales,100133.07,8/1/2010,548-232-6994,2860 Cottonwood Hill,Pescara,Abruzzi,65129,216,Jerrine Lynnitt,720-797-4376,parent,992,3/22/2015
993,Camilla,Arrowsmith,48,carrowsmithrk@zdnet.com,532,743,Business Development,66634.12,4/22/2016,265-496-4674,9713 Dwight Trail,Pescara,Abruzzi,65129,870,Camilla Arrowsmith,111-663-2941,sibling,993,11/22/2015
994,Orton,Card,33,ocardrl@soup.io,404,260,Training,93930.69,7/28/2020,629-406-1663,40 Westport Court,Pescara,Abruzzi,65129,89,Orton Card,650-513-1315,friend,994,5/12/2016
995,Gloriana,De Fries,52,gderm@cocolog-nifty.com,797,688,Marketing,83530.07,8/5/2012,174-600-6370,82 Valley Edge Trail,Pescara,Abruzzi,65129,233,Gloriana De Fries,475-368-1622,parent,995,8/5/2010
996,Mallory,Marr,42,mmarrrn@domainmarket.com,392,895,Business Development,38377.97,2/13/2021,885-273-8217,654 Thackeray Point,Pescara,Abruzzi,65129,978,Mallory Marr,505-260-8065,sibling,996,10/23/2011
997,Willy,Murrhaupt,39,wmurrhauptro@patch.com,717,37,Product Management,121357.75,3/26/2013,694-405-8035,33997 Vernon Lane,Pescara,Abruzzi,65129,666,Willy Murrhaupt,918-637-0379,parent,997,9/6/2019
998,Nick,Kavanagh,60,nkavanaghrp@narod.ru,646,155,Training,131320.59,3/13/2020,463-887-5205,2 Donald Crossing,Pescara,Abruzzi,65129,86,Nick Kavanagh,917-290-6006,sibling,998,5/12/2010
999,Worthy,Fardoe,57,wfardoerq@vistaprint.com,969,310,Human Resources,144868.77,9/10/2018,700-924-3835,04 Ruskin Parkway,Pescara,Abruzzi,65129,173,Worthy Fardoe,332-802-9501,spouse,999,9/9/2011
1000,Celka,Brise,59,cbriserr@vimeo.com,634,442,Support,111224.6,8/30/2019,502-932-6193,33226 Bayside Center,Pescara,Abruzzi,65129,613,Celka Brise,595-158-1167,friend,1000,12/17/2015
